provincia,ciudad,sector,tipo_propiedad,habitaciones,banos,parqueos,m2_construccion,precio_usd
1,7,21,1,1.0,2.0,1.0,147.0,245343.0
6,1,39,5,4.0,4.0,3.0,394.0,875468.0
7,6,18,1,2.0,2.0,1.0,168.0,315336.0
7,6,28,1,1.0,2.0,1.0,256.0,692736.0
4,4,15,2,5.0,3.0,4.0,691.0,1147060.0
6,1,33,2,4.0,6.0,4.0,449.0,919103.0
4,4,38,1,2.0,2.0,2.0,73.0,87308.0
8,8,20,1,4.0,1.0,2.0,147.0,302526.0
3,2,5,4,1.0,1.0,2.0,246.0,441816.0
8,8,14,1,4.0,1.0,2.0,178.0,260770.0
3,2,9,5,5.0,6.0,4.0,383.0,690166.0
2,5,8,1,1.0,3.0,2.0,54.0,111186.0
2,5,42,2,4.0,6.0,2.0,267.0,492615.0
8,8,2,1,2.0,2.0,2.0,190.0,273220.0
7,6,26,4,2.0,3.0,2.0,221.0,411944.0
6,1,39,1,2.0,2.0,1.0,136.0,155448.0
5,3,41,2,4.0,2.0,2.0,240.0,316320.0
8,8,1,5,3.0,6.0,2.0,465.0,1032300.0
6,1,33,1,4.0,2.0,2.0,256.0,494848.0
8,10,25,2,6.0,4.0,3.0,600.0,1083600.0
1,7,35,2,5.0,2.0,2.0,376.0,721920.0
3,2,5,2,4.0,4.0,3.0,435.0,436740.0
6,1,39,2,3.0,2.0,2.0,350.0,588700.0
6,1,23,2,6.0,2.0,2.0,568.0,485072.0
4,4,15,3,4.0,4.0,3.0,504.0,1438920.0
6,1,33,2,4.0,2.0,4.0,735.0,715890.0
2,5,6,2,6.0,6.0,4.0,341.0,329406.0
3,2,9,5,3.0,6.0,2.0,420.0,1090740.0
8,8,29,2,3.0,6.0,2.0,609.0,1337364.0
5,3,41,1,3.0,2.0,2.0,111.0,182373.0
4,4,7,1,3.0,4.0,2.0,242.0,302016.0
1,7,19,1,1.0,1.0,1.0,179.0,294097.0
8,9,13,5,4.0,4.0,3.0,341.0,595727.0
3,2,10,1,1.0,3.0,1.0,84.0,137844.0
8,8,1,1,2.0,3.0,2.0,204.0,312324.0
2,5,8,1,3.0,4.0,2.0,63.0,125811.0
4,4,15,2,5.0,3.0,4.0,448.0,528640.0
6,1,39,1,1.0,1.0,1.0,226.0,317530.0
3,2,9,5,4.0,5.0,2.0,222.0,509490.0
2,5,6,5,4.0,3.0,4.0,285.0,448590.0
3,2,5,4,2.0,2.0,1.0,254.0,371348.0
4,4,47,2,5.0,5.0,4.0,434.0,605864.0
8,9,51,1,1.0,4.0,1.0,101.0,206242.0
2,5,42,5,4.0,3.0,2.0,377.0,628082.0
2,5,42,5,5.0,4.0,4.0,701.0,1169268.0
3,2,5,3,3.0,4.0,2.0,517.0,1056231.0
1,7,35,1,3.0,3.0,2.0,205.0,682035.0
8,8,45,5,4.0,4.0,2.0,626.0,533978.0
3,2,10,1,2.0,3.0,2.0,67.0,118992.0
5,3,16,1,1.0,3.0,2.0,220.0,425920.0
2,5,17,1,2.0,2.0,2.0,220.0,412720.0
8,9,13,1,1.0,3.0,2.0,103.0,203940.0
5,3,41,1,4.0,4.0,2.0,222.0,341214.0
8,10,49,2,4.0,3.0,2.0,227.0,306677.0
6,1,39,5,3.0,5.0,3.0,379.0,862604.0
4,4,48,1,2.0,1.0,1.0,249.0,490530.0
8,10,40,5,6.0,2.0,4.0,435.0,477630.0
6,1,33,5,5.0,5.0,4.0,696.0,1199208.0
3,2,5,5,6.0,5.0,3.0,433.0,933115.0
7,6,52,1,3.0,4.0,1.0,232.0,390920.0
8,10,49,1,1.0,2.0,1.0,109.0,205356.0
8,9,3,2,6.0,4.0,4.0,657.0,1117557.0
1,7,21,5,6.0,6.0,4.0,200.0,405800.0
4,4,48,2,5.0,4.0,3.0,609.0,1188768.0
3,2,10,5,6.0,3.0,3.0,626.0,1154344.0
1,7,43,1,4.0,2.0,2.0,82.0,94710.0
4,4,38,1,1.0,1.0,2.0,84.0,171780.0
8,9,51,2,5.0,3.0,3.0,514.0,792074.0
4,4,15,1,4.0,3.0,1.0,170.0,193630.0
3,2,9,4,3.0,2.0,1.0,249.0,456168.0
1,7,21,2,3.0,6.0,2.0,424.0,469792.0
6,1,39,2,4.0,5.0,4.0,442.0,709410.0
8,9,51,1,2.0,3.0,1.0,198.0,228096.0
7,6,26,1,2.0,1.0,1.0,76.0,130492.0
5,3,37,1,1.0,3.0,2.0,219.0,406902.0
8,8,29,1,1.0,4.0,2.0,77.0,152999.0
2,5,53,5,6.0,3.0,3.0,360.0,690480.0
7,6,52,1,3.0,3.0,1.0,72.0,120312.0
6,1,33,1,4.0,3.0,1.0,176.0,310640.0
8,9,44,2,5.0,4.0,3.0,462.0,918456.0
1,7,46,3,3.0,3.0,4.0,428.0,1070000.0
3,2,9,1,4.0,4.0,1.0,73.0,192574.0
8,10,32,1,3.0,3.0,2.0,191.0,344564.0
4,4,38,1,4.0,3.0,2.0,114.0,179208.0
8,8,31,2,3.0,6.0,4.0,369.0,458298.0
8,10,32,2,5.0,2.0,2.0,483.0,635145.0
2,5,8,1,2.0,3.0,1.0,63.0,165753.0
8,9,44,2,3.0,6.0,3.0,660.0,1207800.0
6,1,23,2,3.0,4.0,3.0,296.0,290968.0
4,4,48,2,3.0,3.0,2.0,491.0,502784.0
8,10,25,1,4.0,2.0,2.0,165.0,330990.0
7,6,26,1,1.0,1.0,1.0,210.0,321720.0
7,6,18,2,4.0,6.0,2.0,340.0,290700.0
4,4,48,1,4.0,3.0,1.0,109.0,184210.0
7,6,52,2,4.0,4.0,4.0,382.0,657040.0
8,8,29,2,4.0,4.0,2.0,253.0,245916.0
8,9,13,1,3.0,4.0,1.0,169.0,291018.0
4,4,15,1,4.0,4.0,1.0,203.0,239743.0
4,4,15,1,1.0,1.0,1.0,222.0,253524.0
7,6,24,1,2.0,4.0,2.0,121.0,177991.0
5,3,16,1,4.0,1.0,2.0,139.0,269104.0
2,5,42,1,2.0,3.0,2.0,227.0,479878.0
7,6,26,5,3.0,5.0,2.0,502.0,685732.0
2,5,6,4,4.0,1.0,2.0,155.0,187705.0
8,10,49,1,4.0,4.0,1.0,102.0,167892.0
3,2,9,3,4.0,5.0,3.0,282.0,681312.0
5,3,37,1,3.0,1.0,2.0,73.0,113880.0
8,8,45,3,5.0,3.0,3.0,369.0,937998.0
7,6,26,5,6.0,3.0,3.0,744.0,852624.0
4,4,7,3,5.0,5.0,2.0,255.0,526575.0
4,4,15,3,5.0,4.0,2.0,364.0,768404.0
5,3,41,4,4.0,2.0,2.0,187.0,391017.0
2,5,42,1,4.0,4.0,2.0,98.0,155722.0
5,3,16,2,6.0,2.0,3.0,664.0,1523216.0
4,4,48,4,2.0,4.0,1.0,82.0,174496.0
5,3,16,5,6.0,2.0,4.0,647.0,570007.0
8,9,44,5,4.0,2.0,3.0,451.0,695893.0
5,3,41,1,1.0,3.0,2.0,131.0,274969.0
3,2,9,1,2.0,3.0,1.0,241.0,479831.0
4,4,47,1,1.0,4.0,1.0,227.0,388851.0
1,7,36,1,1.0,3.0,2.0,145.0,445440.0
8,9,3,1,2.0,2.0,1.0,70.0,131810.0
5,3,41,2,4.0,3.0,3.0,440.0,788040.0
7,6,24,5,6.0,4.0,4.0,739.0,866847.0
8,8,45,3,5.0,4.0,4.0,437.0,879244.0
6,1,23,2,6.0,5.0,2.0,422.0,688282.0
5,3,16,1,3.0,1.0,2.0,120.0,133920.0
5,3,41,1,1.0,4.0,2.0,248.0,389608.0
5,3,16,2,4.0,6.0,3.0,320.0,683520.0
8,8,31,1,3.0,4.0,1.0,198.0,365706.0
8,9,51,3,4.0,5.0,3.0,309.0,590499.0
8,9,13,1,3.0,2.0,2.0,173.0,294792.0
2,5,6,1,1.0,2.0,1.0,223.0,426599.0
3,2,5,2,6.0,2.0,3.0,729.0,804087.0
6,1,23,1,3.0,4.0,2.0,77.0,121506.0
6,1,33,1,3.0,2.0,1.0,212.0,434600.0
7,6,26,2,3.0,2.0,3.0,684.0,743508.0
8,8,20,5,4.0,5.0,3.0,559.0,1242657.0
3,2,5,1,2.0,4.0,1.0,175.0,338625.0
7,6,24,1,2.0,4.0,2.0,110.0,202620.0
8,8,31,1,3.0,1.0,2.0,120.0,178560.0
8,8,2,5,3.0,3.0,4.0,201.0,191553.0
2,5,8,4,2.0,1.0,1.0,200.0,478000.0
8,10,49,1,1.0,3.0,1.0,83.0,133879.0
8,9,51,1,1.0,2.0,1.0,141.0,223767.0
5,3,16,2,5.0,2.0,2.0,611.0,1177397.0
8,8,31,2,6.0,4.0,4.0,291.0,516525.0
3,2,9,3,3.0,5.0,4.0,486.0,1594566.0
6,1,39,4,1.0,4.0,2.0,159.0,210039.0
6,1,39,3,3.0,3.0,3.0,531.0,957393.0
8,8,20,2,5.0,5.0,4.0,723.0,1050519.0
6,1,39,1,1.0,1.0,1.0,160.0,323840.0
8,10,32,1,4.0,4.0,2.0,236.0,305384.0
2,5,17,1,3.0,3.0,1.0,225.0,465975.0
8,8,1,5,3.0,5.0,2.0,561.0,626076.0
3,2,9,1,3.0,1.0,2.0,140.0,426580.0
1,7,22,1,3.0,1.0,1.0,89.0,185743.0
8,10,25,1,3.0,1.0,2.0,196.0,306348.0
4,4,38,4,1.0,3.0,1.0,96.0,159264.0
7,6,50,1,2.0,2.0,2.0,67.0,93130.0
1,7,35,1,2.0,4.0,2.0,166.0,462476.0
8,9,13,1,3.0,1.0,1.0,89.0,126558.0
5,3,37,1,3.0,4.0,2.0,174.0,348870.0
4,4,15,2,3.0,4.0,3.0,293.0,418990.0
5,3,16,1,3.0,1.0,1.0,151.0,183012.0
1,7,21,1,2.0,2.0,2.0,124.0,219604.0
8,8,1,1,4.0,2.0,1.0,147.0,230937.0
3,2,10,5,5.0,2.0,3.0,223.0,388689.0
1,7,19,3,4.0,5.0,3.0,513.0,1194264.0
4,4,15,2,3.0,4.0,2.0,651.0,1472562.0
2,5,6,1,1.0,2.0,2.0,200.0,384000.0
3,2,9,1,3.0,3.0,1.0,135.0,302130.0
8,8,29,1,2.0,3.0,2.0,236.0,330872.0
8,10,25,2,4.0,3.0,4.0,336.0,736512.0
8,8,20,4,4.0,4.0,2.0,224.0,394464.0
2,5,8,1,4.0,4.0,2.0,253.0,651728.0
5,3,37,1,1.0,3.0,2.0,165.0,194205.0
1,7,27,5,3.0,2.0,4.0,699.0,1144263.0
6,1,39,1,1.0,4.0,1.0,132.0,273768.0
3,2,9,4,4.0,1.0,2.0,232.0,457272.0
3,2,10,2,4.0,5.0,3.0,716.0,1374720.0
5,3,37,1,3.0,4.0,2.0,248.0,444416.0
5,3,37,1,3.0,1.0,2.0,74.0,139934.0
7,6,30,1,2.0,3.0,1.0,199.0,276411.0
2,5,42,4,4.0,2.0,1.0,129.0,241359.0
2,5,8,1,1.0,4.0,2.0,54.0,154170.0
7,6,11,4,3.0,4.0,1.0,107.0,147767.0
8,9,51,2,3.0,6.0,4.0,719.0,666513.0
2,5,12,2,6.0,3.0,2.0,365.0,827820.0
5,3,37,1,1.0,4.0,2.0,223.0,353678.0
6,1,39,2,6.0,3.0,4.0,424.0,628792.0
6,1,33,1,4.0,4.0,2.0,249.0,468618.0
3,2,10,1,2.0,2.0,1.0,114.0,137484.0
6,1,23,1,1.0,1.0,2.0,71.0,101388.0
7,6,52,3,3.0,4.0,2.0,333.0,806859.0
2,5,6,1,4.0,3.0,1.0,148.0,187516.0
2,5,8,2,3.0,4.0,2.0,320.0,460160.0
7,6,52,1,2.0,4.0,2.0,207.0,229770.0
8,8,1,2,4.0,6.0,4.0,720.0,1235520.0
8,8,2,2,5.0,2.0,2.0,424.0,724616.0
5,3,16,2,6.0,6.0,4.0,196.0,420224.0
3,2,10,2,4.0,4.0,3.0,181.0,381729.0
2,5,8,1,2.0,1.0,2.0,67.0,222105.0
3,2,10,2,6.0,1.0,4.0,576.0,929664.0
1,7,27,1,3.0,2.0,1.0,247.0,439660.0
8,9,51,1,3.0,2.0,2.0,228.0,474240.0
8,9,3,2,6.0,2.0,3.0,386.0,362454.0
8,10,25,1,3.0,4.0,2.0,114.0,133836.0
8,10,49,1,1.0,3.0,2.0,81.0,150093.0
4,4,48,1,4.0,3.0,1.0,177.0,374886.0
2,5,12,2,3.0,5.0,2.0,620.0,1291460.0
8,9,13,1,1.0,3.0,2.0,128.0,257664.0
5,3,41,1,4.0,3.0,2.0,60.0,109320.0
5,3,16,2,3.0,2.0,4.0,595.0,948430.0
3,2,10,1,1.0,2.0,2.0,58.0,78764.0
8,8,20,1,3.0,3.0,2.0,195.0,227370.0
8,9,13,1,3.0,2.0,1.0,56.0,82936.0
6,1,39,1,1.0,3.0,2.0,230.0,462990.0
8,10,49,1,4.0,2.0,1.0,84.0,105084.0
6,1,33,5,6.0,2.0,4.0,507.0,1124019.0
2,5,53,2,5.0,4.0,2.0,358.0,569220.0
3,2,9,2,4.0,3.0,2.0,685.0,958315.0
2,5,12,1,4.0,2.0,1.0,66.0,114378.0
4,4,48,1,4.0,1.0,1.0,131.0,163881.0
6,1,23,1,3.0,2.0,1.0,246.0,335544.0
4,4,38,3,3.0,3.0,4.0,298.0,632356.0
8,9,3,1,2.0,3.0,2.0,70.0,112910.0
8,10,49,2,5.0,6.0,4.0,275.0,516725.0
8,9,3,2,5.0,6.0,2.0,209.0,212344.0
1,7,34,2,4.0,6.0,3.0,211.0,394359.0
3,2,5,1,3.0,4.0,1.0,256.0,494336.0
7,6,52,2,3.0,3.0,3.0,605.0,1113805.0
6,1,33,1,2.0,3.0,2.0,237.0,428259.0
4,4,7,1,1.0,3.0,1.0,169.0,228150.0
7,6,52,2,3.0,2.0,3.0,573.0,1209030.0
4,4,7,4,2.0,3.0,2.0,98.0,139748.0
6,1,39,1,3.0,4.0,1.0,73.0,139065.0
3,2,5,4,2.0,3.0,1.0,62.0,103912.0
6,1,39,5,6.0,4.0,4.0,188.0,201160.0
4,4,7,5,5.0,5.0,3.0,226.0,377420.0
1,7,34,1,3.0,3.0,1.0,148.0,315536.0
6,1,39,2,3.0,3.0,2.0,583.0,940962.0
1,7,36,2,5.0,5.0,4.0,647.0,1158130.0
5,3,41,2,5.0,3.0,3.0,486.0,1003590.0
2,5,12,5,6.0,6.0,3.0,666.0,588744.0
2,5,42,1,4.0,3.0,1.0,202.0,418342.0
7,6,28,1,4.0,2.0,2.0,87.0,215151.0
1,7,34,3,3.0,3.0,2.0,445.0,953190.0
4,4,7,1,2.0,4.0,2.0,238.0,292026.0
8,9,3,1,4.0,4.0,2.0,94.0,191854.0
3,2,5,1,3.0,4.0,1.0,113.0,188823.0
3,2,5,2,5.0,4.0,4.0,392.0,887096.0
6,1,23,1,3.0,3.0,1.0,196.0,367892.0
4,4,15,4,2.0,3.0,1.0,123.0,155103.0
2,5,17,1,4.0,2.0,1.0,187.0,309485.0
3,2,10,2,3.0,6.0,4.0,425.0,572050.0
1,7,46,2,4.0,2.0,2.0,603.0,920178.0
6,1,33,1,2.0,1.0,0.0,154.0,319396.0
8,10,49,1,1.0,1.0,1.0,186.0,218736.0
8,9,44,5,4.0,2.0,3.0,687.0,845697.0
7,6,24,2,3.0,4.0,3.0,645.0,1395135.0
3,2,10,1,2.0,4.0,2.0,99.0,131670.0
2,5,8,1,3.0,2.0,1.0,238.0,660212.0
7,6,28,2,6.0,5.0,4.0,515.0,819365.0
4,4,47,2,4.0,5.0,3.0,434.0,374542.0
7,6,26,2,5.0,4.0,3.0,191.0,264535.0
2,5,53,2,3.0,5.0,3.0,343.0,576240.0
3,2,10,1,1.0,3.0,2.0,207.0,321264.0
8,10,40,1,4.0,3.0,2.0,229.0,472656.0
3,2,10,5,4.0,6.0,2.0,718.0,1266552.0
3,2,10,1,1.0,1.0,1.0,196.0,275576.0
8,9,13,5,6.0,2.0,4.0,390.0,797160.0
6,1,33,5,6.0,2.0,3.0,315.0,598815.0
4,4,48,1,4.0,3.0,1.0,151.0,244771.0
1,7,21,1,1.0,4.0,2.0,229.0,281670.0
3,2,9,3,3.0,4.0,2.0,366.0,1325652.0
8,9,3,1,4.0,3.0,2.0,164.0,307172.0
4,4,47,1,2.0,3.0,1.0,95.0,180880.0
3,2,9,1,2.0,1.0,1.0,126.0,399924.0
3,2,5,1,2.0,2.0,2.0,138.0,195546.0
7,6,28,3,5.0,3.0,2.0,434.0,1855784.0
1,7,21,2,3.0,6.0,2.0,637.0,1321138.0
1,7,21,1,4.0,4.0,1.0,188.0,290272.0
1,7,4,1,3.0,2.0,2.0,197.0,345932.0
8,10,49,5,4.0,5.0,3.0,461.0,449014.0
3,2,10,5,4.0,5.0,4.0,687.0,649902.0
2,5,53,1,3.0,4.0,2.0,88.0,150832.0
4,4,7,1,4.0,2.0,1.0,126.0,175770.0
6,1,33,1,4.0,2.0,2.0,112.0,181664.0
8,10,49,1,4.0,3.0,1.0,187.0,278630.0
1,7,22,1,1.0,1.0,1.0,255.0,393720.0
6,1,33,5,5.0,4.0,2.0,396.0,490644.0
8,8,31,4,4.0,2.0,1.0,151.0,240090.0
3,2,5,1,4.0,4.0,2.0,128.0,209280.0
2,5,12,5,6.0,2.0,4.0,660.0,993300.0
8,10,49,1,1.0,2.0,1.0,54.0,88236.0
3,2,10,1,4.0,3.0,1.0,100.0,177500.0
8,10,32,1,2.0,4.0,2.0,115.0,241500.0
6,1,23,2,5.0,3.0,2.0,739.0,1367150.0
8,9,51,1,1.0,1.0,1.0,155.0,214055.0
8,10,25,1,1.0,2.0,2.0,145.0,177335.0
5,3,41,1,4.0,4.0,1.0,51.0,99042.0
1,7,36,1,3.0,3.0,1.0,178.0,546460.0
8,9,51,3,5.0,3.0,2.0,318.0,880542.0
3,2,5,5,5.0,5.0,2.0,562.0,944722.0
6,1,39,2,4.0,4.0,4.0,262.0,573256.0
1,7,35,1,4.0,4.0,1.0,213.0,369342.0
8,9,51,1,4.0,3.0,1.0,185.0,219595.0
8,10,40,3,5.0,5.0,3.0,358.0,571010.0
8,8,31,3,5.0,5.0,4.0,236.0,440612.0
2,5,6,4,2.0,4.0,1.0,126.0,180432.0
5,3,37,1,4.0,3.0,2.0,243.0,336798.0
8,8,29,1,3.0,1.0,1.0,161.0,253575.0
8,8,14,1,4.0,3.0,1.0,212.0,351708.0
6,1,23,2,6.0,5.0,2.0,569.0,583225.0
5,3,16,1,1.0,1.0,2.0,89.0,167142.0
8,9,44,1,1.0,1.0,1.0,128.0,257280.0
2,5,42,2,3.0,3.0,3.0,639.0,1271610.0
3,2,10,1,1.0,1.0,2.0,191.0,246390.0
5,3,41,1,4.0,1.0,2.0,155.0,293570.0
8,8,31,3,3.0,5.0,4.0,306.0,697374.0
8,9,3,2,5.0,5.0,2.0,244.0,290848.0
4,4,15,1,4.0,1.0,2.0,114.0,182970.0
6,1,39,1,4.0,1.0,1.0,127.0,141351.0
4,4,15,5,6.0,4.0,3.0,522.0,903582.0
5,3,37,1,2.0,4.0,2.0,95.0,181925.0
2,5,42,1,4.0,2.0,2.0,146.0,244404.0
4,4,15,2,4.0,6.0,4.0,364.0,817544.0
3,2,9,4,4.0,2.0,2.0,254.0,667512.0
8,8,2,5,6.0,5.0,2.0,490.0,659050.0
7,6,11,1,4.0,1.0,2.0,203.0,422443.0
5,3,16,1,4.0,1.0,2.0,229.0,291746.0
8,8,2,2,5.0,3.0,4.0,225.0,450675.0
4,4,15,4,4.0,1.0,1.0,75.0,122175.0
8,10,40,1,4.0,4.0,1.0,138.0,158700.0
6,1,33,2,3.0,2.0,4.0,325.0,507975.0
7,6,50,1,2.0,4.0,2.0,171.0,222129.0
6,1,39,1,3.0,1.0,2.0,61.0,81435.0
1,7,27,1,2.0,2.0,1.0,191.0,272557.0
2,5,12,1,4.0,2.0,2.0,211.0,311647.0
8,9,44,1,2.0,4.0,2.0,149.0,165241.0
8,10,40,2,3.0,6.0,2.0,729.0,898128.0
2,5,42,2,3.0,4.0,4.0,681.0,1314330.0
2,5,12,1,4.0,1.0,2.0,140.0,285180.0
5,3,37,5,5.0,6.0,4.0,266.0,592116.0
8,9,13,2,5.0,2.0,2.0,562.0,1275740.0
8,9,44,1,2.0,4.0,2.0,97.0,203312.0
3,2,10,3,3.0,5.0,2.0,470.0,982770.0
8,9,3,1,4.0,1.0,2.0,52.0,108784.0
8,9,3,5,6.0,5.0,4.0,683.0,1161783.0
6,1,23,2,3.0,3.0,3.0,213.0,300756.0
8,10,49,2,6.0,6.0,4.0,687.0,1356825.0
8,10,32,2,4.0,4.0,2.0,640.0,888320.0
2,5,6,1,1.0,2.0,1.0,257.0,467226.0
5,3,41,1,2.0,2.0,1.0,256.0,312576.0
5,3,16,1,2.0,3.0,2.0,124.0,204228.0
3,2,10,5,4.0,5.0,2.0,463.0,1015359.0
8,9,3,2,5.0,3.0,4.0,582.0,1077864.0
8,9,13,1,4.0,4.0,1.0,212.0,273480.0
4,4,38,1,3.0,4.0,2.0,133.0,146965.0
8,8,31,4,3.0,1.0,2.0,105.0,207795.0
8,10,32,2,5.0,4.0,4.0,313.0,628817.0
6,1,23,5,3.0,2.0,2.0,650.0,573950.0
8,8,2,2,6.0,2.0,3.0,387.0,874620.0
8,9,13,2,5.0,2.0,4.0,549.0,747738.0
8,8,14,1,2.0,1.0,2.0,210.0,362250.0
8,10,32,1,1.0,1.0,1.0,172.0,216548.0
8,9,3,1,4.0,1.0,1.0,228.0,411084.0
8,8,2,1,2.0,4.0,1.0,108.0,203472.0
8,8,31,5,3.0,4.0,3.0,486.0,549180.0
4,4,7,1,2.0,1.0,1.0,206.0,295816.0
6,1,23,1,2.0,4.0,2.0,105.0,134085.0
8,8,20,1,4.0,3.0,2.0,130.0,180180.0
8,10,49,1,2.0,3.0,1.0,218.0,374306.0
8,10,40,1,3.0,1.0,1.0,176.0,332640.0
8,8,20,1,1.0,1.0,2.0,131.0,179470.0
4,4,38,1,2.0,4.0,1.0,54.0,66852.0
1,7,22,2,3.0,5.0,4.0,473.0,1010801.0
3,2,5,1,4.0,1.0,1.0,121.0,153791.0
7,6,18,1,2.0,2.0,2.0,150.0,185250.0
7,6,26,1,2.0,1.0,1.0,72.0,143208.0
8,8,45,1,1.0,3.0,1.0,80.0,90000.0
8,9,51,2,5.0,6.0,4.0,445.0,529995.0
2,5,8,1,3.0,1.0,1.0,135.0,414045.0
7,6,18,2,3.0,5.0,3.0,703.0,1115661.0
1,7,19,5,4.0,4.0,2.0,441.0,467460.0
5,3,41,1,2.0,1.0,1.0,53.0,84800.0
1,7,19,1,2.0,2.0,1.0,191.0,373978.0
8,10,49,2,5.0,4.0,2.0,561.0,613734.0
3,2,10,3,3.0,3.0,4.0,243.0,564003.0
8,8,45,5,5.0,4.0,2.0,746.0,1331610.0
1,7,27,2,5.0,6.0,2.0,655.0,1050620.0
5,3,16,4,2.0,2.0,1.0,51.0,98889.0
1,7,21,1,1.0,3.0,1.0,244.0,456280.0
7,6,18,2,4.0,5.0,3.0,241.0,274981.0
7,6,18,2,4.0,6.0,3.0,561.0,1003068.0
8,8,29,2,4.0,5.0,2.0,243.0,422820.0
8,9,3,2,5.0,5.0,4.0,514.0,771514.0
6,1,23,2,4.0,3.0,4.0,291.0,339888.0
8,8,20,1,3.0,4.0,1.0,187.0,342771.0
8,10,32,1,3.0,1.0,1.0,90.0,155070.0
5,3,37,2,5.0,3.0,2.0,434.0,684852.0
4,4,38,2,5.0,4.0,2.0,211.0,354058.0
6,1,39,1,2.0,1.0,2.0,76.0,105336.0
8,8,1,2,4.0,3.0,2.0,590.0,951080.0
8,8,29,1,1.0,1.0,1.0,100.0,200800.0
8,9,51,3,4.0,3.0,2.0,456.0,730968.0
8,9,44,5,6.0,5.0,2.0,571.0,1284179.0
4,4,7,1,2.0,3.0,2.0,164.0,230256.0
1,7,34,1,2.0,3.0,2.0,155.0,322555.0
1,7,35,2,4.0,5.0,2.0,718.0,1513544.0
3,2,9,4,3.0,4.0,2.0,138.0,455124.0
2,5,17,2,3.0,4.0,4.0,404.0,367640.0
7,6,24,5,6.0,6.0,3.0,418.0,491568.0
8,8,20,1,3.0,1.0,1.0,197.0,373315.0
2,5,8,2,5.0,4.0,4.0,208.0,738192.0
2,5,12,1,2.0,4.0,2.0,94.0,197776.0
1,7,35,2,4.0,2.0,4.0,669.0,882411.0
2,5,12,2,4.0,4.0,4.0,361.0,545832.0
1,7,36,2,4.0,2.0,4.0,553.0,854938.0
2,5,53,3,4.0,5.0,2.0,392.0,830256.0
2,5,8,4,4.0,4.0,2.0,94.0,266584.0
8,10,40,1,3.0,2.0,1.0,236.0,260308.0
5,3,16,5,3.0,3.0,4.0,505.0,1061510.0
8,10,25,3,3.0,4.0,4.0,259.0,514633.0
2,5,42,2,3.0,4.0,3.0,191.0,266063.0
8,10,40,1,3.0,3.0,1.0,234.0,257868.0
1,7,43,1,4.0,2.0,2.0,176.0,330000.0
2,5,12,1,4.0,2.0,1.0,165.0,206250.0
1,7,22,2,5.0,2.0,2.0,530.0,634940.0
4,4,7,1,1.0,3.0,2.0,230.0,267490.0
4,4,7,1,4.0,2.0,1.0,75.0,133350.0
8,10,40,1,3.0,3.0,2.0,110.0,142560.0
1,7,43,1,4.0,2.0,1.0,142.0,157194.0
4,4,47,2,6.0,3.0,2.0,206.0,262238.0
8,9,13,4,4.0,1.0,2.0,250.0,478500.0
6,1,23,5,5.0,2.0,4.0,737.0,1210891.0
8,9,13,5,5.0,3.0,3.0,225.0,312525.0
6,1,23,2,5.0,6.0,2.0,334.0,760184.0
8,8,1,1,4.0,2.0,1.0,149.0,291593.0
3,2,10,5,6.0,6.0,2.0,667.0,975154.0
8,8,45,3,5.0,3.0,4.0,512.0,1309696.0
5,3,41,4,2.0,1.0,2.0,94.0,135548.0
8,10,40,2,6.0,2.0,4.0,625.0,789375.0
8,9,13,1,1.0,1.0,2.0,192.0,367296.0
3,2,5,5,6.0,2.0,4.0,715.0,1221935.0
8,8,45,2,3.0,2.0,4.0,283.0,406105.0
3,2,5,5,5.0,5.0,4.0,677.0,1368217.0
5,3,16,2,5.0,5.0,2.0,591.0,549039.0
4,4,15,1,1.0,4.0,2.0,145.0,165445.0
2,5,42,1,4.0,1.0,1.0,84.0,144060.0
6,1,23,2,6.0,6.0,4.0,271.0,334414.0
6,1,33,3,4.0,5.0,3.0,484.0,1096260.0
1,7,46,1,1.0,3.0,2.0,84.0,97356.0
8,9,3,5,4.0,2.0,2.0,213.0,379992.0
1,7,27,1,3.0,3.0,2.0,179.0,342248.0
8,8,31,2,5.0,5.0,4.0,636.0,771468.0
6,1,39,1,3.0,2.0,2.0,241.0,309685.0
7,6,24,1,2.0,2.0,1.0,215.0,335615.0
8,10,49,1,1.0,1.0,2.0,83.0,120682.0
5,3,37,2,5.0,4.0,3.0,565.0,883660.0
6,1,23,2,5.0,6.0,4.0,586.0,1199542.0
8,8,1,1,3.0,3.0,2.0,225.0,297225.0
6,1,33,1,3.0,3.0,2.0,116.0,198476.0
8,10,40,1,2.0,1.0,2.0,219.0,384126.0
8,9,51,1,3.0,3.0,2.0,153.0,289935.0
1,7,34,1,2.0,3.0,1.0,225.0,466650.0
2,5,12,1,2.0,2.0,2.0,74.0,152736.0
8,9,13,1,2.0,3.0,1.0,106.0,193662.0
8,10,49,1,3.0,3.0,2.0,199.0,338698.0
6,1,33,1,1.0,4.0,1.0,178.0,239410.0
4,4,38,2,3.0,3.0,2.0,385.0,597135.0
4,4,38,5,6.0,3.0,3.0,364.0,369460.0
6,1,23,1,2.0,3.0,1.0,51.0,103275.0
7,6,28,1,2.0,2.0,2.0,251.0,497984.0
8,9,44,1,4.0,4.0,2.0,148.0,164132.0
1,7,46,2,5.0,2.0,3.0,723.0,896520.0
1,7,36,1,2.0,2.0,2.0,129.0,272706.0
8,8,45,1,3.0,2.0,1.0,260.0,310180.0
7,6,30,1,3.0,4.0,1.0,137.0,288111.0
2,5,8,2,6.0,2.0,2.0,409.0,708388.0
8,10,25,1,2.0,1.0,2.0,232.0,272832.0
4,4,15,1,1.0,1.0,1.0,217.0,247380.0
1,7,35,1,4.0,1.0,2.0,171.0,374490.0
8,10,25,1,1.0,3.0,1.0,157.0,206298.0
3,2,10,1,3.0,1.0,1.0,177.0,266562.0
5,3,37,1,2.0,3.0,2.0,125.0,178500.0
1,7,46,1,2.0,4.0,2.0,110.0,121550.0
1,7,35,3,5.0,5.0,3.0,296.0,772560.0
3,2,9,1,1.0,3.0,1.0,166.0,438904.0
7,6,52,2,4.0,2.0,3.0,548.0,1225328.0
2,5,17,1,1.0,1.0,1.0,85.0,123165.0
2,5,42,5,5.0,2.0,3.0,530.0,648720.0
8,8,45,1,4.0,3.0,2.0,226.0,469854.0
4,4,7,2,3.0,3.0,2.0,606.0,1247754.0
6,1,39,1,2.0,4.0,2.0,206.0,238754.0
8,9,44,3,3.0,4.0,3.0,243.0,395847.0
7,6,50,2,4.0,4.0,4.0,715.0,1615185.0
5,3,37,1,2.0,4.0,2.0,219.0,413472.0
8,9,51,2,4.0,6.0,3.0,687.0,816156.0
8,8,2,1,2.0,3.0,2.0,62.0,132556.0
8,10,32,1,2.0,1.0,2.0,163.0,328771.0
8,8,2,1,3.0,1.0,2.0,240.0,272640.0
8,8,45,1,1.0,1.0,2.0,180.0,274140.0
6,1,23,1,1.0,2.0,2.0,134.0,277112.0
2,5,53,1,1.0,2.0,1.0,137.0,250299.0
7,6,50,1,1.0,2.0,2.0,85.0,164730.0
8,8,14,1,2.0,1.0,2.0,105.0,213780.0
8,10,49,2,6.0,2.0,4.0,306.0,542232.0
6,1,39,1,2.0,4.0,1.0,185.0,221815.0
3,2,5,5,6.0,6.0,2.0,357.0,396984.0
8,8,45,1,3.0,4.0,2.0,205.0,329640.0
7,6,26,4,3.0,4.0,1.0,85.0,165325.0
5,3,41,5,5.0,6.0,3.0,746.0,1600170.0
8,10,40,2,5.0,4.0,4.0,315.0,687015.0
8,9,13,1,3.0,4.0,2.0,222.0,374070.0
4,4,47,1,1.0,4.0,1.0,63.0,76545.0
8,10,49,1,2.0,3.0,2.0,87.0,106749.0
7,6,28,1,1.0,3.0,2.0,76.0,183616.0
3,2,5,2,5.0,2.0,3.0,576.0,980928.0
2,5,12,2,5.0,3.0,4.0,633.0,829863.0
2,5,12,1,2.0,2.0,2.0,164.0,239932.0
8,8,20,4,1.0,4.0,1.0,159.0,265689.0
3,2,5,2,5.0,2.0,3.0,657.0,766719.0
1,7,4,3,5.0,3.0,4.0,535.0,1527425.0
7,6,52,1,3.0,1.0,2.0,184.0,285200.0
8,9,51,1,2.0,4.0,2.0,73.0,132495.0
8,10,40,1,3.0,3.0,2.0,105.0,217560.0
3,2,10,2,5.0,5.0,2.0,429.0,399399.0
2,5,17,3,3.0,4.0,3.0,496.0,1031184.0
1,7,46,5,5.0,6.0,4.0,636.0,1174056.0
1,7,22,5,4.0,4.0,4.0,264.0,276144.0
8,9,51,1,2.0,2.0,2.0,76.0,115596.0
3,2,10,5,6.0,2.0,4.0,337.0,302626.0
6,1,39,1,1.0,1.0,1.0,95.0,153425.0
3,2,9,1,2.0,3.0,2.0,149.0,467115.0
4,4,48,1,4.0,1.0,1.0,214.0,263006.0
5,3,37,1,1.0,3.0,1.0,124.0,212908.0
5,3,37,2,6.0,5.0,3.0,211.0,384020.0
8,9,3,2,6.0,6.0,3.0,327.0,477420.0
2,5,6,1,2.0,1.0,1.0,51.0,97257.0
3,2,10,3,4.0,3.0,4.0,396.0,765468.0
4,4,38,2,4.0,3.0,4.0,438.0,546186.0
8,8,20,1,1.0,4.0,1.0,124.0,153388.0
7,6,18,2,6.0,4.0,3.0,311.0,691664.0
8,10,25,2,3.0,3.0,3.0,677.0,1199644.0
2,5,12,1,2.0,3.0,2.0,159.0,229755.0
1,7,27,2,4.0,5.0,3.0,548.0,616500.0
2,5,17,1,3.0,3.0,2.0,191.0,252502.0
8,9,51,5,4.0,6.0,2.0,449.0,957717.0
8,8,31,2,3.0,6.0,4.0,211.0,430651.0
5,3,16,1,2.0,1.0,2.0,189.0,390474.0
8,9,13,1,3.0,2.0,2.0,178.0,381810.0
8,8,45,1,1.0,2.0,1.0,243.0,337041.0
6,1,33,2,4.0,5.0,3.0,221.0,286858.0
6,1,33,2,5.0,3.0,2.0,391.0,746810.0
2,5,17,1,4.0,1.0,1.0,216.0,380808.0
8,8,31,4,3.0,3.0,1.0,146.0,273750.0
2,5,12,1,1.0,3.0,2.0,107.0,206617.0
2,5,42,1,4.0,1.0,1.0,162.0,233118.0
8,10,25,1,3.0,2.0,1.0,97.0,137934.0
2,5,12,1,1.0,2.0,2.0,257.0,456432.0
8,8,45,1,4.0,2.0,1.0,215.0,417315.0
1,7,21,2,4.0,3.0,4.0,704.0,654720.0
5,3,37,2,5.0,3.0,4.0,595.0,1235815.0
5,3,41,2,5.0,2.0,0.0,639.0,1336788.0
6,1,33,2,6.0,6.0,2.0,366.0,778116.0
3,2,5,2,5.0,5.0,4.0,250.0,330000.0
4,4,48,2,3.0,3.0,4.0,696.0,1566696.0
4,4,7,1,2.0,4.0,1.0,250.0,532500.0
8,8,1,1,2.0,1.0,2.0,183.0,358863.0
2,5,6,1,4.0,2.0,2.0,252.0,473760.0
2,5,12,5,3.0,5.0,2.0,440.0,803880.0
8,10,25,2,6.0,4.0,2.0,185.0,159840.0
5,3,41,2,3.0,5.0,4.0,390.0,880620.0
2,5,17,1,2.0,4.0,2.0,116.0,228172.0
5,3,16,1,4.0,2.0,2.0,191.0,398808.0
8,9,13,1,4.0,3.0,2.0,197.0,355585.0
4,4,7,5,3.0,3.0,3.0,345.0,363975.0
8,10,32,1,1.0,2.0,2.0,212.0,235320.0
8,8,2,2,6.0,2.0,2.0,449.0,585496.0
2,5,6,1,4.0,4.0,2.0,232.0,282344.0
8,9,44,1,2.0,3.0,1.0,58.0,124410.0
3,2,10,2,4.0,2.0,3.0,424.0,928984.0
1,7,4,2,5.0,5.0,3.0,584.0,981120.0
5,3,37,1,1.0,1.0,2.0,235.0,425820.0
2,5,42,2,4.0,5.0,3.0,184.0,254656.0
8,9,44,1,1.0,3.0,2.0,79.0,128533.0
3,2,10,2,6.0,5.0,4.0,675.0,909900.0
2,5,17,1,1.0,4.0,1.0,116.0,143608.0
4,4,7,1,2.0,3.0,2.0,140.0,156660.0
7,6,28,2,6.0,4.0,2.0,747.0,1406601.0
6,1,23,1,3.0,2.0,1.0,177.0,266916.0
8,10,40,5,4.0,3.0,2.0,435.0,920460.0
2,5,8,1,1.0,1.0,2.0,207.0,357075.0
3,2,9,5,5.0,6.0,3.0,684.0,2147760.0
7,6,52,2,5.0,5.0,2.0,311.0,298560.0
3,2,5,1,1.0,3.0,2.0,225.0,327825.0
6,1,33,1,4.0,3.0,1.0,53.0,81143.0
4,4,38,2,5.0,6.0,3.0,371.0,731983.0
7,6,28,2,5.0,4.0,2.0,690.0,1836780.0
8,10,32,1,3.0,3.0,2.0,121.0,244783.0
8,9,3,4,2.0,1.0,2.0,255.0,403410.0
3,2,5,5,4.0,3.0,4.0,333.0,605394.0
1,7,4,1,2.0,3.0,2.0,126.0,203238.0
3,2,10,2,3.0,3.0,2.0,400.0,548000.0
6,1,39,2,5.0,4.0,3.0,548.0,1094356.0
3,2,5,1,4.0,1.0,2.0,223.0,336061.0
5,3,41,1,2.0,3.0,2.0,133.0,285285.0
6,1,39,1,1.0,4.0,2.0,168.0,234528.0
8,9,13,1,4.0,1.0,1.0,91.0,164073.0
8,10,49,1,3.0,3.0,2.0,119.0,239309.0
2,5,53,1,4.0,4.0,1.0,97.0,111259.0
8,9,3,1,1.0,2.0,1.0,151.0,197810.0
8,8,1,3,4.0,5.0,2.0,233.0,538929.0
3,2,9,2,4.0,2.0,4.0,579.0,1330542.0
8,10,40,1,4.0,2.0,1.0,184.0,266616.0
1,7,36,1,3.0,4.0,2.0,188.0,482784.0
3,2,5,2,4.0,6.0,4.0,647.0,1385874.0
5,3,16,1,3.0,3.0,2.0,188.0,294220.0
8,8,45,1,4.0,3.0,1.0,127.0,142367.0
1,7,46,5,4.0,4.0,3.0,660.0,1283700.0
1,7,19,3,4.0,4.0,2.0,440.0,923560.0
5,3,37,1,3.0,2.0,2.0,193.0,385035.0
4,4,7,2,6.0,5.0,2.0,449.0,454388.0
4,4,7,1,3.0,3.0,2.0,155.0,230175.0
8,8,20,2,3.0,5.0,4.0,643.0,904701.0
5,3,16,2,3.0,3.0,2.0,727.0,650665.0
8,9,51,2,4.0,5.0,4.0,188.0,249288.0
8,8,20,2,4.0,4.0,3.0,499.0,933130.0
2,5,17,1,1.0,3.0,1.0,242.0,338558.0
1,7,22,1,1.0,4.0,1.0,99.0,159588.0
4,4,47,2,4.0,5.0,3.0,433.0,397494.0
8,10,32,1,1.0,2.0,2.0,149.0,259111.0
2,5,8,1,1.0,1.0,2.0,173.0,458796.0
8,10,49,5,4.0,2.0,2.0,624.0,944736.0
1,7,4,1,1.0,4.0,1.0,52.0,61672.0
5,3,41,1,2.0,3.0,1.0,113.0,160686.0
6,1,33,1,3.0,1.0,1.0,141.0,199515.0
3,2,9,2,4.0,4.0,4.0,535.0,1449315.0
8,10,25,1,3.0,2.0,2.0,60.0,125580.0
6,1,39,2,6.0,1.0,4.0,371.0,728273.0
2,5,53,1,2.0,1.0,1.0,165.0,281325.0
7,6,50,1,4.0,2.0,1.0,208.0,383760.0
5,3,37,1,1.0,4.0,1.0,184.0,389712.0
3,2,9,1,3.0,4.0,2.0,78.0,156780.0
3,2,10,2,4.0,3.0,2.0,386.0,412634.0
6,1,33,2,6.0,5.0,4.0,442.0,419900.0
2,5,8,1,1.0,1.0,1.0,217.0,708288.0
8,8,45,5,3.0,4.0,4.0,605.0,971025.0
1,7,34,2,3.0,2.0,3.0,259.0,334628.0
3,2,9,2,4.0,6.0,3.0,374.0,721446.0
3,2,10,2,4.0,6.0,4.0,605.0,644930.0
5,3,16,1,4.0,1.0,1.0,252.0,370188.0
3,2,5,1,2.0,4.0,2.0,130.0,229320.0
2,5,17,1,4.0,3.0,1.0,194.0,298372.0
4,4,38,3,4.0,4.0,3.0,449.0,1038537.0
1,7,36,4,1.0,2.0,2.0,51.0,135558.0
8,10,40,5,3.0,4.0,4.0,703.0,1398267.0
5,3,41,2,3.0,5.0,3.0,339.0,384087.0
7,6,50,5,4.0,3.0,3.0,487.0,505506.0
5,3,16,1,2.0,1.0,2.0,252.0,526176.0
8,9,44,5,3.0,6.0,4.0,487.0,450962.0
5,3,16,2,3.0,4.0,3.0,624.0,1062672.0
8,8,2,1,1.0,4.0,1.0,128.0,151552.0
2,5,12,1,3.0,2.0,1.0,62.0,118048.0
6,1,39,1,1.0,2.0,2.0,124.0,236468.0
8,9,3,1,4.0,1.0,2.0,117.0,149058.0
4,4,38,1,2.0,2.0,2.0,193.0,290465.0
6,1,23,1,2.0,2.0,1.0,68.0,111860.0
4,4,15,1,1.0,1.0,2.0,158.0,291984.0
2,5,8,1,1.0,3.0,1.0,139.0,431873.0
5,3,37,1,2.0,2.0,2.0,89.0,113475.0
8,8,31,2,4.0,4.0,2.0,531.0,1205370.0
8,8,14,1,1.0,3.0,1.0,239.0,366387.0
8,10,49,1,2.0,1.0,2.0,199.0,236611.0
7,6,11,2,4.0,6.0,3.0,234.0,421668.0
1,7,35,1,3.0,3.0,1.0,54.0,142182.0
4,4,7,4,1.0,3.0,2.0,202.0,258560.0
8,9,3,1,4.0,1.0,1.0,113.0,194812.0
2,5,17,1,2.0,1.0,2.0,225.0,409500.0
2,5,53,1,3.0,1.0,2.0,149.0,172840.0
3,2,5,2,5.0,5.0,4.0,320.0,329280.0
4,4,38,4,2.0,4.0,1.0,196.0,276752.0
4,4,15,3,4.0,4.0,4.0,287.0,551901.0
8,9,3,5,5.0,6.0,2.0,620.0,711140.0
5,3,37,1,1.0,2.0,2.0,87.0,100920.0
2,5,17,4,3.0,4.0,2.0,88.0,130592.0
8,8,20,2,5.0,6.0,4.0,416.0,861536.0
8,10,40,1,3.0,1.0,2.0,84.0,178752.0
5,3,16,1,3.0,2.0,2.0,175.0,362250.0
8,9,3,2,3.0,5.0,2.0,456.0,772920.0
8,10,40,1,1.0,2.0,2.0,207.0,435321.0
2,5,17,5,6.0,5.0,2.0,569.0,847810.0
4,4,38,3,5.0,5.0,4.0,488.0,1372744.0
1,7,46,2,6.0,2.0,2.0,711.0,1387161.0
4,4,47,1,1.0,2.0,2.0,162.0,310230.0
7,6,30,1,4.0,3.0,1.0,226.0,314366.0
6,1,39,1,1.0,2.0,1.0,150.0,291900.0
2,5,17,2,6.0,6.0,4.0,386.0,687466.0
8,8,14,1,2.0,1.0,1.0,79.0,159580.0
2,5,6,1,4.0,2.0,2.0,190.0,357010.0
1,7,4,3,5.0,5.0,2.0,303.0,544188.0
8,9,51,1,3.0,4.0,2.0,210.0,308700.0
8,8,20,4,1.0,3.0,1.0,167.0,353873.0
6,1,39,5,6.0,3.0,2.0,667.0,1186593.0
4,4,48,2,3.0,3.0,4.0,464.0,983216.0
3,2,9,2,4.0,2.0,4.0,537.0,769521.0
8,9,51,1,3.0,3.0,0.0,62.0,82026.0
8,9,3,1,2.0,4.0,2.0,59.0,76110.0
7,6,50,1,4.0,1.0,2.0,190.0,234080.0
7,6,52,2,5.0,4.0,4.0,603.0,1160172.0
8,10,40,1,1.0,1.0,2.0,235.0,396680.0
4,4,38,5,5.0,6.0,4.0,542.0,604330.0
5,3,41,1,4.0,4.0,1.0,206.0,324656.0
7,6,28,2,3.0,5.0,4.0,300.0,592200.0
5,3,16,1,3.0,3.0,1.0,52.0,78624.0
7,6,30,1,3.0,3.0,2.0,246.0,273552.0
8,8,31,1,4.0,1.0,1.0,99.0,175824.0
2,5,53,1,4.0,1.0,1.0,173.0,245314.0
6,1,39,5,6.0,5.0,4.0,237.0,454329.0
7,6,50,1,1.0,2.0,2.0,254.0,463296.0
8,8,20,2,3.0,4.0,3.0,727.0,864403.0
5,3,41,1,1.0,3.0,2.0,231.0,268884.0
7,6,26,2,4.0,4.0,3.0,489.0,631788.0
3,2,5,2,5.0,2.0,2.0,274.0,481692.0
3,2,9,1,2.0,2.0,2.0,173.0,465197.0
2,5,8,1,1.0,2.0,1.0,235.0,427465.0
6,1,23,1,1.0,1.0,2.0,61.0,77958.0
2,5,17,5,3.0,6.0,4.0,499.0,447104.0
5,3,16,1,2.0,3.0,1.0,99.0,166914.0
7,6,50,1,1.0,3.0,1.0,90.0,149400.0
8,8,1,4,1.0,2.0,2.0,190.0,332880.0
7,6,11,3,4.0,5.0,2.0,307.0,505015.0
7,6,50,1,1.0,2.0,1.0,170.0,204510.0
8,8,45,2,6.0,5.0,2.0,636.0,1343232.0
2,5,42,1,2.0,1.0,2.0,195.0,266955.0
8,8,2,5,6.0,2.0,3.0,497.0,1118747.0
6,1,23,2,4.0,3.0,4.0,444.0,707736.0
4,4,7,1,3.0,3.0,2.0,174.0,202014.0
8,8,45,2,6.0,5.0,2.0,469.0,733047.0
5,3,41,2,3.0,5.0,4.0,289.0,438413.0
3,2,10,2,5.0,6.0,3.0,590.0,1214810.0
4,4,7,1,2.0,4.0,2.0,66.0,118602.0
8,10,32,1,4.0,3.0,1.0,94.0,118346.0
5,3,16,2,6.0,4.0,4.0,279.0,491319.0
8,9,13,4,1.0,1.0,2.0,133.0,280896.0
1,7,35,2,4.0,6.0,4.0,180.0,320760.0
8,9,44,1,4.0,4.0,1.0,102.0,178296.0
7,6,30,3,4.0,5.0,3.0,265.0,713645.0
1,7,34,4,4.0,2.0,2.0,65.0,120640.0
3,2,9,2,5.0,2.0,3.0,211.0,435293.0
4,4,38,1,3.0,4.0,2.0,147.0,292677.0
3,2,9,1,4.0,2.0,1.0,192.0,561408.0
2,5,17,2,4.0,3.0,2.0,253.0,550781.0
4,4,48,5,6.0,6.0,2.0,645.0,1220985.0
4,4,38,5,6.0,4.0,2.0,370.0,636030.0
5,3,37,1,2.0,3.0,2.0,189.0,349839.0
1,7,36,1,3.0,1.0,2.0,226.0,442282.0
8,9,13,1,1.0,1.0,1.0,170.0,214030.0
3,2,10,1,1.0,3.0,1.0,170.0,344930.0
3,2,5,1,3.0,4.0,2.0,254.0,432562.0
7,6,11,2,5.0,6.0,0.0,242.0,517396.0
5,3,37,1,3.0,1.0,2.0,174.0,220632.0
8,9,51,5,5.0,4.0,2.0,467.0,659871.0
7,6,24,1,2.0,2.0,2.0,144.0,210096.0
7,6,28,1,1.0,3.0,1.0,87.0,190791.0
6,1,23,1,2.0,4.0,1.0,103.0,186018.0
1,7,22,1,1.0,1.0,1.0,168.0,321888.0
6,1,23,1,2.0,4.0,2.0,171.0,279927.0
8,9,44,2,6.0,5.0,4.0,503.0,973305.0
1,7,35,3,5.0,4.0,3.0,532.0,2337608.0
7,6,50,2,3.0,4.0,4.0,580.0,1040520.0
8,10,40,1,2.0,3.0,1.0,222.0,247974.0
8,8,1,1,1.0,4.0,2.0,106.0,178080.0
7,6,28,2,3.0,2.0,4.0,402.0,1294038.0
8,8,31,4,1.0,2.0,2.0,218.0,322204.0
8,8,31,2,5.0,5.0,4.0,257.0,554606.0
6,1,23,1,3.0,3.0,1.0,249.0,311499.0
7,6,24,1,3.0,1.0,2.0,258.0,423636.0
8,9,44,2,4.0,6.0,3.0,362.0,785902.0
6,1,33,2,6.0,3.0,4.0,288.0,505152.0
7,6,18,2,3.0,6.0,4.0,436.0,768668.0
1,7,19,2,3.0,2.0,4.0,579.0,807705.0
8,9,13,3,5.0,3.0,4.0,471.0,1167609.0
4,4,48,5,3.0,6.0,2.0,183.0,299571.0
6,1,33,1,3.0,3.0,2.0,152.0,184376.0
8,10,40,1,4.0,2.0,2.0,228.0,432744.0
8,8,31,1,4.0,1.0,2.0,238.0,354144.0
8,9,51,2,4.0,5.0,3.0,244.0,477508.0
7,6,52,1,4.0,1.0,1.0,136.0,165104.0
2,5,53,2,3.0,3.0,4.0,715.0,1278420.0
3,2,9,1,2.0,1.0,1.0,238.0,512176.0
6,1,39,2,3.0,3.0,4.0,313.0,275127.0
8,9,51,3,3.0,4.0,4.0,307.0,831970.0
8,8,2,5,3.0,5.0,4.0,405.0,396495.0
8,10,32,1,4.0,3.0,1.0,225.0,310725.0
2,5,8,1,2.0,3.0,1.0,80.0,205840.0
8,9,44,2,5.0,6.0,2.0,629.0,847892.0
5,3,37,2,6.0,3.0,2.0,678.0,688170.0
1,7,36,2,3.0,6.0,3.0,606.0,2131908.0
6,1,39,2,4.0,4.0,4.0,641.0,1085213.0
8,10,40,1,1.0,2.0,2.0,206.0,263680.0
7,6,50,1,2.0,2.0,1.0,185.0,239575.0
5,3,16,5,4.0,5.0,4.0,393.0,556488.0
1,7,21,2,4.0,5.0,3.0,360.0,423720.0
1,7,36,1,3.0,2.0,2.0,114.0,315210.0
5,3,16,2,3.0,6.0,2.0,341.0,309969.0
6,1,39,2,4.0,5.0,4.0,513.0,876204.0
8,10,49,2,3.0,4.0,2.0,280.0,373800.0
4,4,7,1,2.0,1.0,2.0,199.0,416308.0
1,7,43,2,6.0,3.0,3.0,562.0,634498.0
6,1,39,2,5.0,4.0,2.0,523.0,580530.0
1,7,34,2,4.0,2.0,3.0,649.0,1107194.0
8,9,13,2,5.0,6.0,2.0,354.0,719682.0
3,2,9,2,6.0,3.0,4.0,664.0,1849240.0
7,6,24,1,2.0,2.0,2.0,161.0,250355.0
5,3,37,3,3.0,4.0,2.0,240.0,591120.0
3,2,9,1,4.0,4.0,1.0,165.0,540540.0
8,10,25,1,1.0,4.0,1.0,83.0,152222.0
7,6,28,1,1.0,1.0,2.0,221.0,590512.0
8,9,44,5,3.0,5.0,3.0,321.0,735090.0
4,4,7,1,3.0,4.0,1.0,210.0,261240.0
4,4,15,1,3.0,4.0,2.0,228.0,347472.0
8,8,29,5,3.0,6.0,4.0,552.0,527160.0
8,8,45,1,1.0,3.0,2.0,94.0,116278.0
3,2,10,1,2.0,3.0,1.0,188.0,250416.0
6,1,39,3,5.0,5.0,2.0,335.0,722260.0
2,5,42,1,4.0,3.0,1.0,66.0,122958.0
2,5,17,1,1.0,4.0,2.0,165.0,305745.0
8,8,20,5,6.0,2.0,2.0,580.0,705280.0
7,6,18,2,1.0,2.0,4.0,331.0,617646.0
8,10,25,2,4.0,5.0,3.0,610.0,1072990.0
2,5,53,1,3.0,4.0,2.0,167.0,287574.0
5,3,37,5,5.0,3.0,3.0,412.0,758492.0
2,5,42,1,1.0,2.0,2.0,122.0,248026.0
8,9,3,1,3.0,2.0,1.0,231.0,326634.0
8,9,3,2,5.0,6.0,2.0,631.0,872673.0
2,5,8,2,3.0,4.0,3.0,331.0,827500.0
6,1,39,4,3.0,1.0,1.0,153.0,324666.0
8,9,44,3,3.0,3.0,4.0,499.0,1266961.0
2,5,53,1,4.0,3.0,1.0,254.0,509270.0
2,5,53,2,6.0,2.0,2.0,744.0,810216.0
7,6,24,1,2.0,4.0,2.0,73.0,129064.0
1,7,34,1,2.0,3.0,1.0,55.0,69905.0
3,2,5,1,1.0,4.0,1.0,175.0,306250.0
5,3,41,1,1.0,3.0,2.0,87.0,171825.0
2,5,17,1,3.0,3.0,2.0,128.0,257536.0
3,2,9,2,6.0,5.0,3.0,475.0,872100.0
4,4,48,2,3.0,3.0,2.0,490.0,892780.0
3,2,5,2,6.0,2.0,2.0,599.0,1292642.0
7,6,26,2,6.0,6.0,2.0,384.0,472320.0
4,4,15,1,1.0,3.0,2.0,176.0,360624.0
8,10,25,1,2.0,3.0,2.0,213.0,440271.0
8,8,31,1,3.0,4.0,1.0,175.0,280175.0
1,7,35,1,4.0,1.0,2.0,198.0,639540.0
5,3,16,5,6.0,2.0,3.0,704.0,1427712.0
1,7,22,2,3.0,3.0,3.0,652.0,1479388.0
8,9,13,2,5.0,4.0,3.0,544.0,516256.0
7,6,30,1,1.0,2.0,1.0,245.0,316785.0
5,3,37,1,3.0,3.0,2.0,225.0,414450.0
8,8,29,1,2.0,1.0,1.0,182.0,305032.0
2,5,17,1,2.0,1.0,1.0,89.0,189570.0
8,10,40,1,1.0,4.0,2.0,69.0,92322.0
8,9,51,1,3.0,3.0,1.0,259.0,519295.0
5,3,41,1,3.0,2.0,2.0,57.0,76494.0
8,10,40,5,4.0,3.0,3.0,308.0,393932.0
8,9,51,1,1.0,1.0,1.0,248.0,518568.0
4,4,47,2,3.0,6.0,4.0,240.0,434400.0
8,8,14,2,5.0,2.0,2.0,306.0,637092.0
8,10,40,2,5.0,2.0,2.0,329.0,466522.0
5,3,16,1,2.0,1.0,1.0,259.0,292152.0
3,2,9,1,3.0,2.0,1.0,235.0,474230.0
8,10,32,1,2.0,4.0,1.0,96.0,175296.0
4,4,48,2,4.0,5.0,2.0,501.0,552603.0
6,1,33,1,4.0,3.0,2.0,192.0,227136.0
8,8,14,1,4.0,3.0,2.0,203.0,352814.0
6,1,33,1,3.0,4.0,1.0,67.0,138958.0
2,5,8,2,6.0,2.0,3.0,628.0,1868928.0
8,8,1,2,6.0,6.0,2.0,352.0,345664.0
2,5,8,1,4.0,1.0,1.0,158.0,519662.0
7,6,30,1,4.0,3.0,2.0,220.0,424160.0
6,1,39,2,6.0,2.0,2.0,436.0,807472.0
6,1,33,1,2.0,1.0,1.0,238.0,287504.0
8,8,45,1,2.0,4.0,2.0,89.0,153080.0
5,3,41,2,3.0,6.0,3.0,657.0,829791.0
7,6,52,1,3.0,3.0,1.0,245.0,285180.0
4,4,47,1,3.0,4.0,2.0,167.0,195891.0
1,7,4,1,3.0,2.0,2.0,160.0,220000.0
7,6,26,1,1.0,4.0,2.0,171.0,242820.0
3,2,9,1,4.0,4.0,2.0,246.0,641322.0
2,5,6,2,3.0,3.0,3.0,537.0,1098165.0
1,7,27,1,4.0,3.0,2.0,155.0,281945.0
1,7,21,2,5.0,6.0,2.0,247.0,364078.0
8,8,14,2,5.0,2.0,3.0,612.0,1231956.0
3,2,5,2,6.0,6.0,2.0,504.0,817992.0
5,3,16,1,1.0,4.0,1.0,226.0,343746.0
2,5,17,1,3.0,2.0,2.0,143.0,284856.0
8,10,32,1,1.0,2.0,2.0,117.0,140049.0
7,6,26,5,3.0,6.0,2.0,524.0,738316.0
8,8,29,5,6.0,5.0,2.0,535.0,538745.0
7,6,30,1,3.0,2.0,2.0,152.0,245328.0
5,3,41,1,2.0,1.0,1.0,197.0,418034.0
8,10,32,2,6.0,6.0,4.0,241.0,462479.0
8,10,49,1,2.0,2.0,2.0,161.0,312340.0
2,5,6,1,4.0,1.0,2.0,215.0,307020.0
5,3,37,1,1.0,2.0,1.0,57.0,91314.0
7,6,52,1,4.0,4.0,1.0,101.0,144026.0
7,6,11,2,5.0,6.0,2.0,223.0,411435.0
1,7,36,5,3.0,4.0,4.0,485.0,736715.0
4,4,15,1,1.0,4.0,1.0,110.0,146190.0
5,3,41,1,1.0,3.0,2.0,73.0,115851.0
5,3,37,1,3.0,3.0,2.0,256.0,405248.0
4,4,7,2,4.0,3.0,3.0,630.0,1062180.0
7,6,24,1,3.0,1.0,2.0,189.0,371763.0
6,1,39,2,5.0,3.0,3.0,666.0,1067598.0
7,6,24,1,1.0,1.0,1.0,114.0,215118.0
7,6,50,3,5.0,3.0,4.0,341.0,820446.0
4,4,47,3,4.0,4.0,3.0,266.0,527212.0
7,6,28,5,4.0,5.0,4.0,504.0,1693944.0
4,4,47,2,3.0,5.0,3.0,602.0,921662.0
4,4,47,5,5.0,6.0,2.0,540.0,923940.0
5,3,41,5,5.0,5.0,4.0,208.0,198848.0
8,9,44,1,2.0,1.0,2.0,101.0,174225.0
2,5,12,2,4.0,3.0,4.0,313.0,646658.0
4,4,15,1,2.0,3.0,1.0,225.0,398250.0
7,6,28,2,5.0,3.0,3.0,566.0,1769882.0
8,10,25,3,5.0,5.0,4.0,540.0,1062720.0
8,8,45,2,4.0,2.0,3.0,619.0,1286901.0
7,6,11,2,5.0,3.0,4.0,300.0,263400.0
3,2,5,1,4.0,4.0,1.0,107.0,162212.0
8,10,49,2,6.0,5.0,2.0,621.0,790533.0
5,3,37,4,3.0,2.0,2.0,96.0,185856.0
8,9,51,2,5.0,3.0,4.0,641.0,870478.0
2,5,12,1,4.0,1.0,1.0,170.0,233240.0
2,5,53,1,2.0,4.0,2.0,238.0,386512.0
8,8,1,1,1.0,3.0,1.0,170.0,310250.0
5,3,41,4,1.0,1.0,2.0,179.0,336520.0
7,6,26,1,2.0,1.0,1.0,116.0,167852.0
3,2,5,3,4.0,3.0,2.0,382.0,987852.0
4,4,7,2,5.0,2.0,2.0,691.0,984675.0
2,5,17,2,5.0,6.0,3.0,709.0,1057119.0
4,4,7,1,4.0,2.0,2.0,63.0,93618.0
8,9,51,2,3.0,5.0,3.0,347.0,796365.0
6,1,23,2,6.0,2.0,3.0,545.0,1088910.0
6,1,23,1,2.0,1.0,2.0,73.0,110741.0
7,6,11,5,5.0,6.0,4.0,397.0,811865.0
1,7,46,1,2.0,4.0,1.0,113.0,239560.0
8,8,14,2,3.0,5.0,3.0,288.0,435456.0
8,9,51,2,6.0,5.0,4.0,455.0,940030.0
1,7,27,4,4.0,3.0,1.0,104.0,124696.0
7,6,50,1,1.0,4.0,1.0,152.0,246544.0
8,9,3,4,4.0,1.0,1.0,103.0,147599.0
4,4,48,2,4.0,2.0,3.0,682.0,1183270.0
7,6,11,1,1.0,3.0,1.0,175.0,352100.0
4,4,48,2,6.0,2.0,3.0,557.0,1173599.0
8,9,44,1,1.0,1.0,2.0,168.0,261912.0
8,9,44,1,1.0,3.0,2.0,161.0,203182.0
6,1,23,2,4.0,4.0,2.0,715.0,1233375.0
7,6,24,1,1.0,1.0,2.0,155.0,200415.0
6,1,39,1,3.0,3.0,2.0,199.0,252133.0
3,2,9,2,6.0,3.0,2.0,582.0,849720.0
8,8,45,5,5.0,4.0,4.0,645.0,1433190.0
6,1,39,5,5.0,3.0,2.0,369.0,372690.0
5,3,16,5,3.0,5.0,4.0,198.0,170478.0
4,4,47,2,6.0,5.0,4.0,594.0,1305018.0
5,3,41,1,3.0,4.0,2.0,72.0,97632.0
8,9,51,2,3.0,3.0,2.0,394.0,722990.0
8,9,3,1,2.0,1.0,2.0,247.0,506103.0
8,9,44,1,1.0,2.0,1.0,239.0,480629.0
6,1,23,2,6.0,6.0,2.0,386.0,560858.0
5,3,16,2,3.0,2.0,4.0,622.0,1058022.0
6,1,39,1,3.0,1.0,2.0,152.0,318440.0
3,2,10,1,4.0,2.0,1.0,185.0,210530.0
4,4,38,1,1.0,3.0,2.0,171.0,228969.0
6,1,39,3,4.0,4.0,4.0,443.0,683106.0
8,9,13,1,4.0,3.0,2.0,109.0,233151.0
8,10,49,3,5.0,5.0,3.0,287.0,602700.0
4,4,48,5,5.0,5.0,2.0,392.0,559776.0
8,8,31,1,2.0,2.0,1.0,205.0,431935.0
8,8,2,1,4.0,3.0,1.0,103.0,123188.0
1,7,27,5,5.0,3.0,2.0,695.0,635925.0
8,8,14,1,2.0,1.0,1.0,174.0,283272.0
2,5,42,1,3.0,2.0,1.0,230.0,276690.0
6,1,23,4,1.0,1.0,1.0,260.0,308100.0
3,2,9,2,3.0,3.0,3.0,340.0,762960.0
6,1,39,1,1.0,2.0,2.0,135.0,186570.0
8,8,2,2,6.0,2.0,2.0,665.0,1030085.0
7,6,11,2,5.0,5.0,3.0,431.0,499960.0
3,2,5,1,2.0,4.0,2.0,154.0,314006.0
3,2,10,1,1.0,4.0,1.0,247.0,276640.0
3,2,9,2,5.0,5.0,2.0,624.0,942864.0
4,4,47,1,2.0,1.0,2.0,157.0,301911.0
3,2,5,1,3.0,3.0,1.0,121.0,169400.0
4,4,48,1,4.0,3.0,2.0,248.0,372992.0
7,6,18,2,5.0,5.0,4.0,309.0,591735.0
3,2,5,2,5.0,6.0,3.0,343.0,307671.0
1,7,46,1,2.0,3.0,2.0,179.0,237354.0
1,7,27,2,5.0,2.0,2.0,307.0,543083.0
7,6,24,1,2.0,2.0,2.0,126.0,211932.0
5,3,41,2,6.0,6.0,4.0,433.0,461145.0
2,5,12,1,3.0,4.0,1.0,87.0,171477.0
4,4,47,2,6.0,3.0,3.0,399.0,703437.0
8,8,14,1,4.0,4.0,2.0,199.0,422079.0
4,4,48,1,4.0,4.0,1.0,86.0,183610.0
8,9,44,1,2.0,1.0,1.0,166.0,343454.0
1,7,4,3,4.0,3.0,4.0,429.0,740025.0
8,8,14,1,1.0,2.0,1.0,145.0,249980.0
2,5,42,2,3.0,3.0,2.0,611.0,579839.0
7,6,30,2,6.0,2.0,2.0,740.0,1157360.0
8,8,2,2,6.0,6.0,3.0,643.0,990863.0
4,4,48,5,4.0,3.0,4.0,651.0,1152921.0
6,1,33,5,5.0,2.0,4.0,599.0,984157.0
8,10,32,1,1.0,4.0,2.0,215.0,275415.0
8,9,51,1,3.0,1.0,1.0,99.0,119592.0
8,9,51,2,4.0,3.0,4.0,634.0,648582.0
3,2,10,1,1.0,4.0,1.0,137.0,273315.0
8,9,44,2,5.0,5.0,3.0,273.0,295932.0
8,8,29,2,4.0,3.0,3.0,271.0,315715.0
7,6,26,1,1.0,3.0,1.0,56.0,68264.0
7,6,26,2,4.0,5.0,3.0,444.0,718836.0
8,8,1,2,4.0,5.0,4.0,696.0,1140048.0
8,8,14,2,6.0,6.0,3.0,247.0,454727.0
1,7,43,1,1.0,3.0,1.0,113.0,153341.0
7,6,26,1,2.0,2.0,2.0,188.0,271472.0
8,10,32,4,4.0,1.0,1.0,258.0,529158.0
5,3,16,1,2.0,1.0,1.0,173.0,287007.0
5,3,16,5,6.0,4.0,4.0,397.0,813056.0
3,2,5,2,3.0,4.0,2.0,584.0,1331520.0
8,8,2,2,5.0,5.0,2.0,696.0,1044696.0
2,5,53,2,6.0,4.0,2.0,509.0,788441.0
8,10,32,4,3.0,1.0,1.0,215.0,237360.0
5,3,16,2,3.0,3.0,3.0,749.0,1704724.0
6,1,23,1,1.0,1.0,2.0,222.0,300144.0
2,5,17,5,5.0,5.0,2.0,188.0,207740.0
6,1,23,3,4.0,3.0,2.0,230.0,477250.0
2,5,8,2,5.0,3.0,2.0,685.0,1691265.0
1,7,22,1,2.0,1.0,1.0,260.0,496860.0
8,8,2,2,6.0,3.0,4.0,378.0,831978.0
5,3,41,1,2.0,1.0,1.0,240.0,295920.0
8,9,13,3,3.0,5.0,4.0,360.0,681120.0
1,7,46,1,4.0,1.0,2.0,214.0,258084.0
2,5,17,5,6.0,4.0,2.0,710.0,1281550.0
6,1,23,1,1.0,2.0,1.0,121.0,237160.0
3,2,5,1,4.0,2.0,2.0,70.0,80570.0
8,10,32,4,2.0,2.0,1.0,134.0,232624.0
8,8,31,1,1.0,4.0,2.0,256.0,294144.0
5,3,41,3,4.0,3.0,2.0,462.0,918456.0
2,5,6,5,4.0,2.0,4.0,629.0,657305.0
6,1,39,2,3.0,2.0,3.0,500.0,1135000.0
8,8,2,2,6.0,2.0,3.0,622.0,612048.0
8,8,31,2,3.0,4.0,3.0,591.0,618186.0
5,3,16,2,3.0,5.0,3.0,655.0,1130530.0
5,3,41,2,3.0,5.0,4.0,516.0,1059348.0
8,10,25,2,3.0,6.0,2.0,309.0,665895.0
3,2,5,1,4.0,4.0,1.0,112.0,154672.0
1,7,36,2,6.0,6.0,4.0,546.0,1257984.0
5,3,41,1,2.0,4.0,2.0,204.0,367608.0
7,6,50,4,2.0,1.0,1.0,179.0,216769.0
4,4,15,2,4.0,3.0,2.0,529.0,654373.0
6,1,39,1,4.0,3.0,2.0,207.0,354591.0
4,4,15,2,6.0,2.0,3.0,404.0,346228.0
8,10,40,1,2.0,2.0,2.0,238.0,423164.0
4,4,7,1,1.0,3.0,1.0,68.0,124576.0
1,7,46,2,5.0,5.0,2.0,548.0,514572.0
1,7,21,2,4.0,3.0,3.0,358.0,553110.0
3,2,9,2,3.0,3.0,3.0,283.0,391106.0
8,9,44,1,1.0,3.0,1.0,128.0,260352.0
8,10,49,5,4.0,6.0,4.0,624.0,613392.0
8,8,20,5,4.0,3.0,2.0,725.0,1177400.0
2,5,42,1,2.0,1.0,1.0,187.0,318274.0
8,9,13,2,5.0,3.0,4.0,680.0,869040.0
8,8,2,1,1.0,2.0,2.0,242.0,518364.0
2,5,17,1,2.0,3.0,2.0,184.0,384376.0
6,1,23,2,6.0,6.0,4.0,217.0,276458.0
8,10,40,1,2.0,4.0,1.0,128.0,252160.0
4,4,38,2,5.0,4.0,4.0,266.0,299250.0
8,8,14,1,3.0,2.0,1.0,169.0,363181.0
5,3,16,1,4.0,4.0,2.0,144.0,304992.0
2,5,42,1,2.0,4.0,1.0,117.0,146835.0
2,5,6,2,3.0,4.0,2.0,280.0,305760.0
8,8,14,2,4.0,4.0,2.0,517.0,704154.0
7,6,30,2,4.0,6.0,3.0,188.0,275044.0
7,6,50,1,4.0,4.0,1.0,170.0,365330.0
8,9,44,2,4.0,5.0,2.0,708.0,1452816.0
3,2,5,1,4.0,3.0,1.0,130.0,192920.0
4,4,48,2,6.0,6.0,2.0,563.0,638442.0
5,3,37,1,1.0,4.0,2.0,136.0,212296.0
4,4,48,1,4.0,3.0,2.0,200.0,229400.0
5,3,37,3,3.0,4.0,4.0,542.0,1481828.0
5,3,41,5,6.0,3.0,3.0,245.0,476280.0
4,4,7,1,3.0,4.0,2.0,73.0,105923.0
8,8,31,1,1.0,4.0,1.0,97.0,146179.0
8,8,45,2,4.0,4.0,4.0,716.0,710988.0
6,1,33,1,1.0,2.0,2.0,155.0,294500.0
8,9,51,2,6.0,5.0,4.0,250.0,411500.0
8,10,40,5,5.0,5.0,4.0,666.0,782550.0
5,3,41,3,5.0,3.0,4.0,454.0,937056.0
8,10,25,4,4.0,1.0,2.0,204.0,327420.0
3,2,5,3,4.0,4.0,3.0,514.0,812120.0
8,8,14,1,4.0,3.0,2.0,150.0,218700.0
4,4,7,2,6.0,5.0,3.0,367.0,836760.0
5,3,37,1,1.0,2.0,1.0,120.0,203640.0
8,8,31,1,2.0,4.0,2.0,245.0,330260.0
2,5,6,1,3.0,4.0,2.0,92.0,148764.0
8,10,25,1,1.0,4.0,2.0,137.0,262629.0
8,10,32,2,5.0,2.0,4.0,319.0,484561.0
6,1,23,1,1.0,2.0,2.0,85.0,175440.0
7,6,11,2,3.0,6.0,2.0,361.0,524172.0
8,8,29,1,2.0,1.0,1.0,223.0,369957.0
8,9,44,1,2.0,1.0,1.0,163.0,195111.0
3,2,10,1,1.0,4.0,2.0,163.0,196741.0
5,3,37,2,6.0,3.0,2.0,563.0,753294.0
8,10,25,2,3.0,2.0,3.0,376.0,842992.0
8,8,20,4,1.0,2.0,1.0,61.0,119011.0
3,2,9,5,5.0,6.0,4.0,374.0,1233826.0
8,10,32,3,3.0,3.0,2.0,274.0,611020.0
2,5,8,2,5.0,2.0,3.0,397.0,1100484.0
8,10,25,1,3.0,3.0,1.0,67.0,103649.0
4,4,15,1,4.0,1.0,1.0,114.0,147516.0
5,3,16,4,4.0,2.0,2.0,94.0,164594.0
6,1,33,1,4.0,4.0,1.0,178.0,200606.0
8,10,25,1,1.0,3.0,1.0,238.0,470526.0
8,10,25,2,5.0,5.0,3.0,386.0,447760.0
4,4,7,1,2.0,4.0,2.0,84.0,140196.0
2,5,53,1,1.0,4.0,2.0,242.0,277816.0
8,10,49,1,2.0,1.0,1.0,255.0,396525.0
5,3,16,1,2.0,4.0,1.0,66.0,138996.0
8,8,20,2,4.0,3.0,2.0,273.0,328965.0
5,3,41,5,4.0,3.0,4.0,260.0,447720.0
6,1,23,2,4.0,3.0,3.0,360.0,752400.0
8,10,49,2,6.0,3.0,3.0,672.0,680736.0
2,5,17,1,4.0,4.0,2.0,179.0,355673.0
8,9,44,2,6.0,5.0,2.0,487.0,1007116.0
3,2,9,1,2.0,3.0,2.0,168.0,449400.0
6,1,23,1,1.0,1.0,2.0,84.0,173124.0
8,9,3,2,5.0,5.0,3.0,605.0,1003090.0
2,5,17,1,1.0,4.0,1.0,81.0,152928.0
5,3,37,2,6.0,4.0,4.0,536.0,1014648.0
6,1,39,1,1.0,4.0,2.0,238.0,381990.0
8,10,32,2,5.0,2.0,4.0,331.0,458435.0
5,3,16,3,3.0,4.0,2.0,528.0,1417152.0
8,9,51,2,3.0,5.0,3.0,262.0,500682.0
8,10,32,2,6.0,4.0,4.0,489.0,916875.0
3,2,10,5,5.0,5.0,4.0,271.0,290783.0
5,3,16,5,5.0,3.0,4.0,587.0,1338947.0
7,6,24,4,4.0,1.0,1.0,67.0,130985.0
3,2,5,1,4.0,2.0,1.0,145.0,214745.0
8,9,3,1,1.0,4.0,1.0,97.0,146567.0
1,7,4,5,4.0,4.0,3.0,631.0,1345923.0
5,3,37,5,4.0,2.0,3.0,267.0,433341.0
8,8,14,2,3.0,6.0,2.0,669.0,1232967.0
8,8,1,2,3.0,6.0,2.0,279.0,357678.0
3,2,9,1,3.0,4.0,2.0,243.0,674082.0
5,3,16,1,3.0,3.0,1.0,142.0,272072.0
4,4,38,2,5.0,4.0,2.0,183.0,326655.0
4,4,7,2,3.0,6.0,3.0,434.0,696136.0
6,1,39,1,4.0,4.0,1.0,50.0,87950.0
1,7,27,5,5.0,5.0,2.0,676.0,1128244.0
5,3,37,1,4.0,1.0,2.0,125.0,187375.0
8,9,51,2,3.0,4.0,4.0,741.0,1338246.0
8,9,44,4,4.0,2.0,1.0,104.0,150696.0
8,8,1,1,1.0,2.0,2.0,148.0,247752.0
8,10,49,1,1.0,2.0,2.0,73.0,130013.0
8,10,25,1,4.0,4.0,2.0,256.0,403712.0
8,10,49,2,3.0,2.0,2.0,528.0,1088736.0
8,10,25,1,2.0,3.0,2.0,197.0,217291.0
7,6,24,1,2.0,4.0,2.0,131.0,241957.0
8,9,3,2,3.0,6.0,3.0,503.0,576438.0
7,6,28,1,4.0,2.0,2.0,87.0,157731.0
5,3,16,1,1.0,3.0,2.0,211.0,325151.0
6,1,23,1,4.0,1.0,2.0,89.0,136259.0
8,10,25,3,3.0,4.0,4.0,420.0,887040.0
8,9,51,1,3.0,4.0,2.0,139.0,264239.0
4,4,47,1,3.0,3.0,1.0,229.0,436474.0
8,8,20,1,1.0,3.0,2.0,217.0,311395.0
5,3,37,1,4.0,3.0,1.0,103.0,159238.0
8,10,25,1,1.0,2.0,2.0,159.0,229596.0
1,7,35,1,4.0,2.0,1.0,80.0,222320.0
5,3,16,4,4.0,2.0,1.0,80.0,127440.0
4,4,48,1,2.0,4.0,1.0,249.0,510201.0
4,4,15,1,4.0,3.0,1.0,80.0,107040.0
8,8,1,1,2.0,1.0,2.0,120.0,155160.0
5,3,37,1,4.0,3.0,1.0,75.0,132450.0
8,8,31,3,5.0,3.0,3.0,230.0,530380.0
3,2,10,1,4.0,1.0,1.0,242.0,368808.0
8,8,20,5,4.0,2.0,4.0,637.0,951041.0
8,8,1,2,4.0,3.0,2.0,442.0,407082.0
8,8,1,1,3.0,2.0,2.0,218.0,239800.0
8,10,49,2,5.0,6.0,3.0,323.0,656013.0
6,1,39,1,3.0,2.0,1.0,219.0,260829.0
8,10,25,2,5.0,3.0,2.0,745.0,962540.0
5,3,16,2,6.0,2.0,4.0,441.0,609903.0
4,4,7,1,1.0,3.0,2.0,227.0,316211.0
3,2,9,2,5.0,3.0,4.0,561.0,1742466.0
3,2,10,2,4.0,4.0,3.0,568.0,512904.0
5,3,37,2,3.0,6.0,2.0,741.0,1247103.0
8,8,14,1,3.0,3.0,2.0,87.0,135894.0
7,6,24,2,4.0,5.0,2.0,306.0,369954.0
3,2,10,5,6.0,2.0,4.0,537.0,1226508.0
5,3,16,1,1.0,1.0,1.0,131.0,248507.0
8,9,13,5,6.0,5.0,4.0,310.0,427800.0
1,7,46,1,2.0,2.0,2.0,195.0,321165.0
1,7,27,1,2.0,4.0,2.0,96.0,191808.0
2,5,17,1,3.0,4.0,1.0,128.0,163584.0
7,6,26,1,1.0,1.0,1.0,236.0,375476.0
8,8,20,1,1.0,3.0,2.0,256.0,286976.0
4,4,38,3,3.0,4.0,3.0,483.0,1393938.0
3,2,10,2,3.0,6.0,2.0,187.0,321640.0
3,2,10,1,1.0,4.0,1.0,222.0,346320.0
8,9,51,1,2.0,3.0,1.0,158.0,334012.0
4,4,7,1,1.0,3.0,1.0,188.0,252108.0
7,6,30,1,3.0,2.0,1.0,238.0,453628.0
8,10,49,3,5.0,5.0,2.0,457.0,1263605.0
6,1,33,1,4.0,3.0,2.0,140.0,184660.0
1,7,27,5,4.0,5.0,3.0,189.0,199773.0
4,4,48,2,4.0,5.0,2.0,679.0,586656.0
8,9,13,2,6.0,4.0,3.0,553.0,955031.0
8,9,13,2,6.0,5.0,2.0,323.0,508402.0
4,4,47,1,2.0,1.0,1.0,122.0,144204.0
8,9,44,1,3.0,1.0,1.0,220.0,331540.0
6,1,39,4,1.0,4.0,2.0,190.0,401660.0
8,9,13,1,4.0,4.0,1.0,78.0,102960.0
1,7,4,2,3.0,3.0,2.0,530.0,916370.0
5,3,41,2,6.0,4.0,3.0,677.0,689863.0
4,4,7,1,2.0,2.0,2.0,246.0,328410.0
7,6,28,1,4.0,2.0,2.0,230.0,467360.0
3,2,10,2,4.0,3.0,2.0,315.0,526365.0
1,7,22,4,2.0,4.0,1.0,207.0,312156.0
8,8,2,2,6.0,6.0,3.0,416.0,542464.0
2,5,17,1,4.0,1.0,2.0,78.0,128778.0
2,5,42,3,5.0,4.0,2.0,383.0,611651.0
8,9,51,2,5.0,3.0,3.0,663.0,943449.0
5,3,37,1,3.0,4.0,2.0,135.0,232605.0
8,8,1,1,2.0,3.0,2.0,239.0,439760.0
5,3,41,1,2.0,3.0,1.0,199.0,375314.0
8,8,1,2,3.0,2.0,4.0,375.0,466875.0
6,1,33,2,5.0,4.0,4.0,665.0,839895.0
3,2,10,2,4.0,3.0,3.0,743.0,1015681.0
3,2,5,5,6.0,2.0,3.0,249.0,457662.0
4,4,38,3,5.0,3.0,2.0,526.0,1084086.0
8,9,13,2,3.0,3.0,4.0,587.0,1093581.0
3,2,10,4,2.0,4.0,2.0,193.0,366507.0
4,4,38,2,4.0,2.0,2.0,403.0,830986.0
1,7,46,1,3.0,3.0,1.0,125.0,206125.0
3,2,9,2,3.0,6.0,2.0,478.0,688798.0
8,9,13,3,4.0,3.0,4.0,347.0,669710.0
3,2,9,2,5.0,6.0,3.0,512.0,809472.0
3,2,5,1,4.0,3.0,2.0,64.0,71744.0
2,5,8,1,3.0,2.0,2.0,54.0,110214.0
4,4,15,5,4.0,5.0,2.0,512.0,716800.0
8,10,32,2,4.0,5.0,3.0,331.0,606061.0
8,8,45,2,4.0,3.0,2.0,682.0,831358.0
7,6,24,1,2.0,4.0,1.0,67.0,93331.0
8,8,45,2,6.0,2.0,4.0,719.0,813189.0
1,7,34,2,6.0,2.0,2.0,193.0,418617.0
1,7,4,2,3.0,4.0,2.0,193.0,167717.0
8,8,29,1,3.0,1.0,1.0,85.0,177055.0
5,3,16,5,5.0,4.0,3.0,338.0,455962.0
1,7,46,1,1.0,1.0,1.0,76.0,129732.0
8,8,29,5,6.0,3.0,2.0,409.0,367691.0
8,10,32,1,3.0,3.0,1.0,225.0,424575.0
8,8,45,2,3.0,3.0,2.0,468.0,739908.0
8,8,29,1,3.0,1.0,1.0,204.0,287436.0
8,9,44,1,2.0,4.0,1.0,220.0,377740.0
5,3,16,1,1.0,1.0,2.0,219.0,406245.0
8,8,2,2,4.0,3.0,3.0,331.0,545819.0
6,1,39,1,4.0,1.0,1.0,197.0,389075.0
7,6,11,2,4.0,3.0,3.0,541.0,813123.0
6,1,23,1,4.0,3.0,1.0,255.0,408765.0
4,4,48,1,4.0,2.0,2.0,71.0,139373.0
3,2,10,1,2.0,1.0,1.0,142.0,156910.0
8,10,25,1,4.0,2.0,1.0,65.0,117975.0
2,5,8,2,4.0,6.0,3.0,428.0,849580.0
8,10,25,1,1.0,2.0,2.0,237.0,273261.0
4,4,15,2,3.0,6.0,2.0,668.0,1380088.0
8,9,51,2,4.0,2.0,2.0,258.0,225750.0
5,3,16,2,4.0,5.0,4.0,323.0,623390.0
7,6,52,1,3.0,4.0,1.0,123.0,163221.0
8,9,51,5,3.0,6.0,2.0,695.0,818710.0
1,7,43,5,6.0,6.0,4.0,444.0,897324.0
3,2,5,1,4.0,2.0,2.0,73.0,136729.0
8,9,3,1,1.0,2.0,2.0,97.0,122026.0
6,1,23,1,4.0,4.0,1.0,63.0,117180.0
4,4,7,2,3.0,2.0,3.0,523.0,474361.0
8,10,49,2,3.0,2.0,2.0,191.0,283253.0
8,10,40,1,1.0,2.0,2.0,71.0,84561.0
5,3,16,2,5.0,2.0,3.0,188.0,297040.0
7,6,26,1,3.0,4.0,2.0,83.0,107817.0
2,5,17,5,3.0,6.0,2.0,204.0,418608.0
4,4,48,1,1.0,3.0,1.0,88.0,180224.0
8,8,31,2,4.0,3.0,4.0,324.0,381996.0
3,2,10,4,3.0,4.0,1.0,136.0,230520.0
2,5,12,5,6.0,2.0,4.0,576.0,771264.0
8,10,25,4,4.0,1.0,1.0,86.0,149038.0
3,2,9,1,4.0,3.0,1.0,125.0,277000.0
8,8,14,1,3.0,1.0,1.0,95.0,194085.0
7,6,52,4,4.0,2.0,1.0,195.0,409305.0
1,7,27,5,6.0,5.0,4.0,312.0,546624.0
2,5,12,5,5.0,4.0,0.0,603.0,1137258.0
7,6,24,1,1.0,2.0,1.0,89.0,117035.0
7,6,26,2,6.0,2.0,2.0,577.0,1036292.0
8,8,14,1,4.0,1.0,1.0,96.0,126816.0
4,4,48,2,5.0,2.0,3.0,530.0,1106110.0
6,1,33,1,4.0,1.0,2.0,166.0,195548.0
3,2,9,3,3.0,5.0,2.0,383.0,1580641.0
1,7,34,1,1.0,3.0,2.0,171.0,262827.0
1,7,21,5,6.0,4.0,3.0,360.0,367560.0
8,9,51,2,3.0,4.0,4.0,642.0,1097178.0
3,2,9,1,3.0,2.0,1.0,73.0,223672.0
2,5,42,2,5.0,5.0,3.0,666.0,1296036.0
8,9,44,1,4.0,1.0,1.0,69.0,96324.0
2,5,53,4,3.0,1.0,1.0,167.0,234134.0
6,1,23,2,6.0,4.0,4.0,183.0,324276.0
8,9,44,1,1.0,1.0,1.0,240.0,356160.0
4,4,38,1,4.0,2.0,2.0,103.0,153573.0
5,3,37,1,3.0,1.0,2.0,128.0,272384.0
8,8,31,1,4.0,4.0,2.0,140.0,254940.0
3,2,5,1,3.0,1.0,1.0,167.0,330159.0
2,5,8,1,2.0,4.0,2.0,122.0,377224.0
7,6,18,4,1.0,1.0,1.0,207.0,401994.0
8,8,45,1,1.0,4.0,1.0,220.0,372460.0
4,4,7,2,6.0,6.0,3.0,297.0,371250.0
6,1,33,1,4.0,4.0,2.0,51.0,95217.0
8,10,49,2,5.0,4.0,3.0,427.0,366366.0
4,4,47,2,4.0,4.0,4.0,505.0,775680.0
8,9,44,2,6.0,3.0,4.0,582.0,555810.0
5,3,16,2,6.0,3.0,3.0,505.0,964045.0
8,9,44,2,4.0,6.0,2.0,581.0,1239854.0
7,6,11,3,3.0,3.0,2.0,233.0,558035.0
1,7,34,2,3.0,6.0,3.0,205.0,228985.0
6,1,39,1,3.0,2.0,1.0,217.0,337218.0
7,6,28,1,2.0,4.0,2.0,218.0,407006.0
7,6,18,3,5.0,3.0,4.0,516.0,882876.0
8,8,45,3,3.0,3.0,2.0,364.0,741104.0
8,9,51,2,5.0,3.0,3.0,283.0,524965.0
1,7,43,2,3.0,3.0,4.0,609.0,985362.0
2,5,53,3,3.0,3.0,3.0,225.0,419625.0
5,3,41,1,1.0,1.0,2.0,138.0,288558.0
5,3,41,1,2.0,3.0,1.0,99.0,114840.0
3,2,9,1,2.0,2.0,2.0,79.0,189047.0
1,7,27,2,3.0,3.0,3.0,460.0,844560.0
8,10,25,1,3.0,4.0,2.0,161.0,345989.0
4,4,7,2,4.0,4.0,3.0,285.0,582825.0
5,3,16,2,4.0,5.0,3.0,636.0,1092012.0
5,3,41,2,5.0,6.0,2.0,572.0,988988.0
8,10,49,1,1.0,4.0,1.0,58.0,124526.0
7,6,26,2,5.0,5.0,2.0,297.0,361746.0
2,5,17,1,3.0,2.0,1.0,105.0,195405.0
2,5,8,1,1.0,1.0,2.0,226.0,393014.0
2,5,8,1,3.0,2.0,1.0,148.0,385392.0
5,3,37,1,1.0,3.0,1.0,196.0,384748.0
4,4,15,5,4.0,3.0,2.0,685.0,1281635.0
1,7,22,1,1.0,4.0,1.0,203.0,359107.0
5,3,16,2,3.0,4.0,2.0,184.0,330280.0
7,6,11,5,6.0,2.0,4.0,720.0,669600.0
2,5,53,2,6.0,2.0,3.0,488.0,689056.0
2,5,42,1,3.0,4.0,1.0,150.0,256650.0
6,1,23,5,3.0,4.0,4.0,285.0,259065.0
8,10,25,5,4.0,2.0,3.0,626.0,821938.0
8,9,51,2,5.0,6.0,2.0,233.0,321773.0
1,7,35,2,5.0,2.0,3.0,517.0,1808983.0
5,3,16,2,4.0,3.0,4.0,651.0,712845.0
8,9,13,5,6.0,5.0,4.0,305.0,584990.0
3,2,9,1,4.0,3.0,2.0,247.0,799292.0
8,10,25,2,5.0,2.0,3.0,428.0,941600.0
8,10,25,2,6.0,2.0,2.0,193.0,429039.0
8,10,32,5,4.0,5.0,2.0,528.0,674256.0
5,3,41,1,3.0,3.0,2.0,217.0,307055.0
3,2,9,3,3.0,4.0,3.0,451.0,1936143.0
3,2,9,1,2.0,1.0,2.0,158.0,351550.0
7,6,18,2,3.0,2.0,2.0,196.0,351428.0
8,9,13,2,6.0,4.0,3.0,301.0,595077.0
8,8,14,1,2.0,4.0,2.0,180.0,320940.0
1,7,19,2,3.0,2.0,4.0,571.0,979265.0
8,10,49,2,4.0,6.0,3.0,722.0,1511868.0
6,1,39,1,1.0,2.0,1.0,106.0,141510.0
1,7,36,1,2.0,1.0,1.0,120.0,290640.0
5,3,41,1,4.0,4.0,1.0,106.0,174794.0
6,1,33,2,4.0,4.0,4.0,474.0,1087830.0
5,3,16,1,1.0,2.0,2.0,239.0,412275.0
8,10,40,1,1.0,2.0,1.0,135.0,274320.0
8,9,51,1,4.0,3.0,1.0,95.0,155800.0
8,8,20,1,1.0,3.0,2.0,199.0,219298.0
6,1,33,1,1.0,1.0,2.0,108.0,230040.0
8,9,3,1,1.0,3.0,2.0,165.0,347160.0
2,5,12,2,6.0,4.0,3.0,649.0,569173.0
2,5,42,1,4.0,1.0,2.0,225.0,256950.0
8,9,44,5,4.0,4.0,3.0,211.0,284850.0
5,3,41,1,4.0,3.0,1.0,240.0,307680.0
8,10,32,1,3.0,4.0,1.0,117.0,212238.0
2,5,17,1,3.0,3.0,1.0,60.0,108180.0
5,3,37,1,4.0,3.0,2.0,78.0,87126.0
6,1,39,2,4.0,6.0,3.0,346.0,508966.0
6,1,23,2,5.0,2.0,3.0,221.0,286195.0
7,6,18,2,5.0,2.0,3.0,540.0,1189080.0
1,7,36,2,5.0,4.0,4.0,338.0,537420.0
7,6,11,4,2.0,4.0,1.0,124.0,191952.0
1,7,19,3,3.0,5.0,4.0,417.0,986205.0
4,4,47,5,5.0,6.0,3.0,357.0,715428.0
4,4,15,5,4.0,3.0,3.0,318.0,541236.0
3,2,9,1,1.0,3.0,2.0,189.0,432054.0
4,4,48,2,6.0,4.0,4.0,546.0,987714.0
2,5,17,1,4.0,4.0,1.0,193.0,222722.0
4,4,47,1,3.0,2.0,2.0,82.0,139400.0
1,7,43,2,3.0,5.0,4.0,651.0,625611.0
8,8,1,2,3.0,4.0,4.0,279.0,403155.0
5,3,16,1,1.0,1.0,1.0,229.0,347851.0
3,2,9,1,4.0,2.0,1.0,222.0,487068.0
7,6,30,1,1.0,4.0,1.0,79.0,97723.0
1,7,4,1,1.0,1.0,1.0,102.0,133824.0
6,1,33,5,6.0,5.0,2.0,304.0,445056.0
4,4,48,4,2.0,3.0,2.0,218.0,294736.0
4,4,7,1,2.0,2.0,1.0,93.0,199671.0
3,2,9,1,3.0,3.0,1.0,200.0,653600.0
2,5,53,2,6.0,2.0,3.0,606.0,1042320.0
8,9,51,2,3.0,6.0,3.0,191.0,389258.0
7,6,24,1,4.0,1.0,2.0,85.0,174930.0
6,1,23,2,4.0,4.0,4.0,695.0,890295.0
2,5,53,1,1.0,2.0,1.0,140.0,251160.0
6,1,39,5,4.0,4.0,4.0,490.0,811440.0
8,8,2,1,4.0,4.0,1.0,197.0,421186.0
3,2,5,2,5.0,6.0,4.0,536.0,1097192.0
5,3,16,2,3.0,3.0,2.0,278.0,614936.0
8,8,45,3,4.0,4.0,2.0,341.0,584815.0
8,9,44,1,4.0,1.0,1.0,206.0,332072.0
8,8,1,5,3.0,5.0,3.0,210.0,253260.0
2,5,6,1,4.0,2.0,1.0,100.0,161700.0
6,1,23,1,2.0,2.0,1.0,161.0,240373.0
8,8,29,2,3.0,3.0,2.0,323.0,277780.0
2,5,17,1,1.0,3.0,1.0,224.0,473984.0
8,10,40,1,4.0,3.0,2.0,208.0,287456.0
8,8,45,1,4.0,1.0,1.0,82.0,140220.0
8,8,1,1,1.0,3.0,1.0,107.0,181151.0
7,6,26,1,1.0,2.0,2.0,69.0,109986.0
3,2,10,1,4.0,1.0,1.0,199.0,410736.0
7,6,24,2,6.0,4.0,2.0,522.0,506862.0
8,9,3,1,3.0,1.0,1.0,176.0,219824.0
5,3,41,1,1.0,3.0,1.0,156.0,197340.0
3,2,5,3,4.0,5.0,2.0,273.0,429156.0
6,1,39,2,5.0,5.0,3.0,490.0,644840.0
1,7,36,2,4.0,6.0,4.0,568.0,1977208.0
1,7,46,1,4.0,4.0,1.0,160.0,315840.0
3,2,9,2,3.0,6.0,3.0,540.0,1042740.0
2,5,17,3,3.0,3.0,2.0,521.0,791920.0
8,10,32,1,1.0,1.0,1.0,258.0,313728.0
8,8,1,2,4.0,4.0,2.0,501.0,784566.0
5,3,41,5,5.0,3.0,4.0,587.0,1074210.0
8,8,31,2,5.0,6.0,2.0,686.0,1573684.0
2,5,8,1,3.0,3.0,2.0,217.0,538160.0
3,2,5,1,1.0,1.0,2.0,155.0,324725.0
7,6,18,2,4.0,6.0,2.0,492.0,975144.0
8,10,25,1,2.0,1.0,1.0,228.0,456228.0
6,1,33,2,3.0,4.0,3.0,573.0,839445.0
8,8,1,2,6.0,5.0,2.0,571.0,934727.0
6,1,33,2,6.0,3.0,4.0,621.0,1204740.0
1,7,22,2,5.0,2.0,4.0,524.0,726788.0
5,3,37,1,3.0,4.0,2.0,250.0,304000.0
8,8,29,1,3.0,4.0,2.0,196.0,319872.0
8,9,44,1,2.0,2.0,1.0,121.0,200981.0
8,8,20,1,3.0,3.0,2.0,59.0,97999.0
2,5,42,1,1.0,1.0,2.0,195.0,342615.0
7,6,11,1,1.0,4.0,1.0,169.0,198575.0
2,5,17,1,2.0,4.0,1.0,198.0,249876.0
7,6,50,4,4.0,2.0,2.0,246.0,409590.0
7,6,52,2,4.0,3.0,4.0,230.0,304980.0
8,8,31,2,6.0,6.0,3.0,222.0,440226.0
8,10,25,4,3.0,3.0,1.0,223.0,406529.0
3,2,10,2,4.0,4.0,2.0,259.0,488992.0
6,1,33,1,2.0,2.0,2.0,196.0,364560.0
4,4,47,1,3.0,2.0,1.0,133.0,244321.0
2,5,17,5,5.0,5.0,3.0,211.0,248558.0
2,5,6,2,4.0,6.0,2.0,288.0,603936.0
8,10,49,1,3.0,2.0,2.0,199.0,232034.0
8,9,44,1,1.0,1.0,1.0,194.0,413414.0
5,3,41,1,4.0,1.0,1.0,205.0,423735.0
3,2,10,1,3.0,2.0,2.0,112.0,198576.0
8,10,49,2,5.0,2.0,4.0,426.0,750186.0
4,4,15,2,3.0,4.0,4.0,675.0,1410075.0
8,10,32,1,2.0,2.0,1.0,248.0,479632.0
5,3,41,2,5.0,4.0,3.0,501.0,546591.0
8,8,45,1,2.0,4.0,1.0,96.0,194784.0
1,7,4,2,5.0,6.0,4.0,661.0,698016.0
8,9,51,5,3.0,3.0,2.0,315.0,599760.0
3,2,5,3,4.0,3.0,3.0,505.0,1006970.0
7,6,18,1,3.0,1.0,1.0,68.0,124168.0
6,1,23,1,4.0,3.0,2.0,229.0,314875.0
8,9,51,2,3.0,6.0,4.0,558.0,1244340.0
6,1,23,1,2.0,3.0,1.0,109.0,186172.0
6,1,23,2,6.0,4.0,3.0,573.0,860646.0
8,9,3,2,4.0,5.0,4.0,464.0,940528.0
5,3,16,2,5.0,3.0,2.0,474.0,668340.0
6,1,23,2,4.0,4.0,3.0,288.0,381312.0
7,6,11,2,4.0,2.0,4.0,220.0,430100.0
3,2,9,2,3.0,4.0,2.0,468.0,1464372.0
4,4,48,1,4.0,3.0,1.0,233.0,313385.0
6,1,23,1,1.0,2.0,2.0,237.0,317106.0
2,5,6,1,2.0,1.0,2.0,90.0,192420.0
2,5,42,1,1.0,3.0,1.0,160.0,208800.0
3,2,5,2,3.0,2.0,2.0,320.0,656000.0
4,4,7,1,3.0,4.0,1.0,174.0,258042.0
6,1,23,2,3.0,6.0,4.0,399.0,341544.0
4,4,47,1,2.0,2.0,1.0,157.0,257166.0
5,3,16,1,2.0,3.0,2.0,185.0,271580.0
7,6,28,5,6.0,5.0,4.0,581.0,1867334.0
2,5,12,1,1.0,2.0,1.0,243.0,410184.0
4,4,48,1,4.0,1.0,1.0,168.0,294504.0
8,8,14,1,2.0,4.0,2.0,203.0,394429.0
8,10,25,2,4.0,5.0,2.0,510.0,706350.0
2,5,17,1,4.0,4.0,2.0,116.0,140476.0
7,6,52,1,3.0,1.0,2.0,164.0,317996.0
8,10,40,1,1.0,3.0,1.0,204.0,232560.0
1,7,43,2,5.0,4.0,4.0,244.0,534604.0
1,7,46,2,4.0,3.0,4.0,585.0,771615.0
7,6,11,3,4.0,4.0,2.0,503.0,1010527.0
1,7,36,5,3.0,6.0,3.0,676.0,980200.0
8,9,13,1,2.0,2.0,1.0,119.0,161007.0
4,4,48,2,5.0,2.0,2.0,255.0,480165.0
4,4,47,2,4.0,2.0,4.0,580.0,723260.0
5,3,16,1,4.0,1.0,2.0,120.0,244680.0
8,10,25,2,6.0,5.0,3.0,619.0,643760.0
8,10,32,1,4.0,3.0,1.0,147.0,166845.0
6,1,39,1,3.0,1.0,2.0,107.0,123050.0
4,4,7,1,4.0,1.0,2.0,135.0,188190.0
8,8,1,1,2.0,4.0,1.0,71.0,98619.0
4,4,38,5,4.0,2.0,3.0,438.0,741534.0
7,6,50,5,3.0,4.0,4.0,596.0,513156.0
7,6,28,1,4.0,4.0,2.0,216.0,529632.0
2,5,17,1,1.0,1.0,2.0,229.0,288082.0
4,4,7,1,2.0,1.0,1.0,100.0,199600.0
8,8,1,5,6.0,3.0,4.0,717.0,1324299.0
8,9,44,1,3.0,1.0,2.0,125.0,206875.0
3,2,5,1,3.0,2.0,1.0,124.0,188232.0
5,3,41,1,3.0,4.0,2.0,103.0,182928.0
8,9,3,1,4.0,1.0,2.0,156.0,228852.0
8,9,44,2,3.0,4.0,4.0,372.0,467976.0
8,8,29,1,1.0,1.0,2.0,202.0,286840.0
8,8,14,1,2.0,3.0,1.0,99.0,164538.0
7,6,26,1,3.0,3.0,2.0,115.0,174110.0
8,8,29,2,4.0,4.0,2.0,449.0,899796.0
8,8,20,1,4.0,3.0,2.0,256.0,529664.0
8,10,40,2,4.0,3.0,2.0,330.0,377190.0
8,9,44,5,5.0,2.0,2.0,320.0,607040.0
6,1,23,1,3.0,3.0,1.0,111.0,211455.0
4,4,48,1,3.0,3.0,2.0,185.0,233100.0
5,3,37,4,3.0,2.0,2.0,193.0,386772.0
6,1,39,1,1.0,4.0,2.0,95.0,109345.0
2,5,17,1,3.0,4.0,1.0,207.0,308637.0
4,4,15,2,3.0,3.0,3.0,549.0,1057923.0
8,10,25,1,3.0,1.0,2.0,114.0,242706.0
1,7,34,2,5.0,5.0,3.0,224.0,509376.0
7,6,30,1,1.0,4.0,2.0,175.0,254625.0
6,1,39,5,3.0,2.0,3.0,209.0,439945.0
8,9,3,5,4.0,2.0,3.0,302.0,291128.0
6,1,39,1,3.0,1.0,2.0,99.0,112266.0
2,5,53,5,5.0,3.0,4.0,555.0,1058385.0
1,7,43,1,1.0,1.0,1.0,244.0,518988.0
8,9,13,2,6.0,2.0,3.0,383.0,865580.0
3,2,5,2,3.0,4.0,3.0,539.0,588049.0
2,5,17,1,1.0,4.0,1.0,79.0,101515.0
8,9,51,2,3.0,3.0,2.0,402.0,866712.0
2,5,17,2,4.0,4.0,4.0,375.0,420375.0
7,6,24,1,3.0,2.0,2.0,85.0,148410.0
4,4,7,5,5.0,3.0,2.0,482.0,665642.0
6,1,23,2,5.0,6.0,3.0,537.0,1162068.0
3,2,5,5,4.0,2.0,4.0,574.0,670432.0
3,2,10,2,6.0,4.0,4.0,475.0,605150.0
2,5,53,4,3.0,1.0,0.0,116.0,179336.0
7,6,24,3,5.0,5.0,4.0,315.0,778995.0
8,9,44,1,3.0,4.0,1.0,132.0,173448.0
2,5,6,2,6.0,4.0,3.0,282.0,347706.0
2,5,42,2,4.0,2.0,3.0,647.0,1336055.0
5,3,41,1,4.0,4.0,1.0,114.0,212496.0
5,3,16,1,4.0,3.0,1.0,109.0,233042.0
8,8,45,1,3.0,4.0,1.0,91.0,195468.0
8,9,13,5,4.0,6.0,2.0,313.0,691104.0
2,5,6,4,3.0,2.0,2.0,167.0,318970.0
8,9,44,2,4.0,3.0,2.0,488.0,721752.0
8,8,20,2,4.0,5.0,2.0,430.0,500950.0
3,2,5,2,4.0,4.0,2.0,662.0,1308112.0
4,4,7,3,5.0,4.0,3.0,344.0,583424.0
4,4,7,1,2.0,4.0,2.0,122.0,240218.0
5,3,16,1,3.0,4.0,1.0,106.0,155184.0
8,10,49,1,1.0,4.0,1.0,215.0,337765.0
8,9,44,2,4.0,4.0,3.0,275.0,424875.0
4,4,7,1,3.0,3.0,2.0,222.0,462648.0
1,7,22,4,4.0,2.0,1.0,151.0,198867.0
6,1,33,1,1.0,4.0,1.0,91.0,159523.0
8,9,44,1,1.0,4.0,2.0,158.0,191338.0
7,6,26,2,3.0,6.0,3.0,694.0,1119422.0
6,1,39,1,3.0,1.0,1.0,158.0,297830.0
8,8,20,2,5.0,3.0,4.0,645.0,1122300.0
1,7,19,2,3.0,5.0,3.0,555.0,528360.0
5,3,41,1,4.0,3.0,2.0,246.0,282408.0
3,2,5,2,5.0,5.0,2.0,637.0,964418.0
7,6,24,1,3.0,1.0,2.0,113.0,164754.0
8,8,29,2,4.0,5.0,3.0,461.0,717777.0
6,1,39,1,4.0,1.0,1.0,133.0,247779.0
1,7,4,1,1.0,4.0,1.0,136.0,233648.0
4,4,48,2,5.0,2.0,3.0,299.0,371358.0
5,3,16,4,2.0,1.0,2.0,196.0,405328.0
8,10,32,2,4.0,4.0,4.0,226.0,471888.0
4,4,7,1,3.0,1.0,2.0,103.0,117214.0
4,4,7,2,6.0,6.0,4.0,505.0,529240.0
8,10,40,2,5.0,3.0,2.0,474.0,993978.0
6,1,39,1,3.0,4.0,2.0,192.0,216000.0
2,5,42,1,4.0,2.0,2.0,240.0,509040.0
8,10,40,1,3.0,4.0,1.0,219.0,275940.0
6,1,39,4,1.0,2.0,2.0,127.0,215519.0
2,5,17,1,1.0,2.0,1.0,209.0,380380.0
5,3,16,1,1.0,3.0,2.0,110.0,205480.0
3,2,9,1,1.0,1.0,2.0,105.0,249270.0
8,8,29,2,4.0,5.0,4.0,598.0,938860.0
8,10,32,3,4.0,4.0,3.0,542.0,930072.0
2,5,12,1,4.0,2.0,2.0,176.0,360800.0
7,6,52,2,4.0,5.0,3.0,183.0,355020.0
2,5,17,1,1.0,4.0,2.0,157.0,304580.0
8,10,25,1,2.0,1.0,2.0,55.0,97075.0
5,3,37,2,6.0,2.0,3.0,203.0,422443.0
4,4,38,1,2.0,2.0,2.0,144.0,228960.0
8,10,32,1,4.0,2.0,1.0,168.0,356832.0
8,8,2,1,3.0,2.0,1.0,168.0,208824.0
1,7,36,1,4.0,4.0,2.0,68.0,205904.0
7,6,18,1,1.0,4.0,2.0,235.0,287170.0
7,6,26,5,3.0,4.0,3.0,703.0,1503014.0
6,1,23,1,1.0,2.0,2.0,244.0,324032.0
8,9,13,1,3.0,2.0,1.0,253.0,528264.0
8,10,49,2,3.0,5.0,4.0,683.0,922733.0
7,6,50,2,6.0,4.0,3.0,444.0,893772.0
7,6,24,1,2.0,3.0,1.0,106.0,197054.0
5,3,16,1,3.0,2.0,2.0,171.0,342000.0
7,6,11,1,2.0,2.0,2.0,148.0,240648.0
8,10,25,5,5.0,3.0,4.0,192.0,265152.0
2,5,53,1,4.0,4.0,1.0,138.0,195822.0
5,3,41,1,3.0,4.0,2.0,215.0,310890.0
3,2,5,2,6.0,2.0,4.0,246.0,381546.0
8,10,49,2,4.0,4.0,4.0,302.0,658662.0
8,10,49,1,1.0,2.0,1.0,143.0,166881.0
4,4,47,4,1.0,3.0,1.0,254.0,308356.0
6,1,39,1,2.0,3.0,1.0,226.0,361826.0
8,10,32,2,5.0,6.0,3.0,273.0,338247.0
8,8,20,1,1.0,2.0,1.0,112.0,232624.0
6,1,33,1,1.0,3.0,1.0,100.0,207900.0
8,8,45,2,4.0,2.0,4.0,400.0,830000.0
6,1,23,1,4.0,1.0,2.0,249.0,373002.0
5,3,41,1,4.0,1.0,2.0,243.0,469719.0
5,3,16,1,2.0,3.0,2.0,181.0,304261.0
7,6,30,5,4.0,4.0,3.0,695.0,1029990.0
6,1,33,4,2.0,4.0,1.0,131.0,280733.0
6,1,23,2,3.0,5.0,4.0,491.0,512113.0
6,1,23,1,2.0,2.0,1.0,245.0,385630.0
8,10,49,1,3.0,4.0,1.0,225.0,385650.0
5,3,37,1,2.0,3.0,1.0,99.0,189189.0
8,9,3,1,2.0,3.0,2.0,217.0,423801.0
7,6,28,3,4.0,4.0,3.0,294.0,969024.0
2,5,53,1,3.0,4.0,2.0,158.0,300990.0
4,4,47,1,4.0,1.0,2.0,140.0,194040.0
6,1,23,2,4.0,3.0,4.0,442.0,642226.0
2,5,6,1,4.0,3.0,1.0,254.0,391160.0
5,3,41,1,3.0,1.0,1.0,112.0,159936.0
2,5,53,1,4.0,1.0,2.0,226.0,473922.0
8,10,49,4,4.0,1.0,1.0,64.0,115264.0
7,6,50,1,3.0,1.0,2.0,84.0,105084.0
2,5,53,1,2.0,2.0,2.0,196.0,295764.0
3,2,9,1,3.0,3.0,2.0,226.0,400698.0
8,9,51,5,5.0,4.0,3.0,399.0,489573.0
2,5,17,2,5.0,4.0,2.0,445.0,610540.0
5,3,41,3,3.0,3.0,4.0,430.0,1021250.0
4,4,48,1,1.0,3.0,1.0,194.0,387030.0
1,7,46,5,5.0,6.0,3.0,469.0,950663.0
2,5,53,2,3.0,6.0,2.0,295.0,572005.0
8,9,51,1,4.0,2.0,1.0,246.0,487572.0
7,6,52,1,2.0,3.0,1.0,96.0,172320.0
6,1,39,1,4.0,1.0,2.0,197.0,335097.0
1,7,34,5,3.0,2.0,2.0,510.0,879240.0
8,9,13,5,5.0,6.0,3.0,385.0,780010.0
2,5,53,5,4.0,3.0,2.0,391.0,579071.0
8,9,51,2,3.0,3.0,4.0,536.0,531176.0
2,5,42,3,5.0,3.0,2.0,375.0,687750.0
4,4,15,2,4.0,4.0,2.0,320.0,560000.0
8,8,2,3,3.0,4.0,4.0,326.0,742954.0
1,7,19,1,2.0,2.0,2.0,201.0,272355.0
8,8,20,1,1.0,2.0,1.0,80.0,168080.0
5,3,16,1,3.0,4.0,1.0,103.0,132355.0
3,2,5,1,1.0,4.0,1.0,51.0,95778.0
4,4,48,4,1.0,3.0,2.0,129.0,159057.0
4,4,15,2,3.0,5.0,3.0,196.0,276752.0
2,5,6,2,4.0,3.0,4.0,189.0,210168.0
3,2,9,2,6.0,2.0,2.0,394.0,1345116.0
7,6,50,1,2.0,4.0,1.0,94.0,132540.0
8,9,13,5,3.0,3.0,2.0,689.0,872963.0
7,6,26,1,3.0,3.0,1.0,250.0,288000.0
2,5,6,5,3.0,3.0,3.0,227.0,443558.0
4,4,38,1,2.0,2.0,1.0,53.0,96142.0
8,10,25,1,1.0,1.0,2.0,168.0,327600.0
3,2,5,2,3.0,4.0,3.0,660.0,908160.0
8,9,13,1,3.0,1.0,2.0,176.0,264176.0
8,9,3,1,2.0,2.0,1.0,240.0,310560.0
4,4,15,5,3.0,3.0,2.0,436.0,535408.0
7,6,50,1,4.0,3.0,1.0,133.0,261212.0
2,5,53,2,3.0,5.0,4.0,229.0,287395.0
8,9,51,2,3.0,3.0,2.0,586.0,884860.0
1,7,34,1,3.0,2.0,2.0,165.0,253935.0
6,1,39,2,6.0,2.0,4.0,466.0,1021472.0
3,2,5,1,2.0,3.0,2.0,256.0,537088.0
3,2,5,1,3.0,3.0,1.0,250.0,462000.0
4,4,47,4,2.0,1.0,1.0,167.0,221609.0
8,8,29,1,2.0,3.0,2.0,165.0,328845.0
3,2,9,4,2.0,4.0,1.0,86.0,207088.0
1,7,21,1,3.0,2.0,1.0,254.0,467868.0
3,2,9,1,2.0,3.0,1.0,75.0,167250.0
5,3,37,5,4.0,6.0,4.0,614.0,776096.0
7,6,24,4,4.0,3.0,2.0,183.0,359046.0
6,1,23,1,3.0,1.0,1.0,114.0,198132.0
8,10,25,2,6.0,3.0,2.0,672.0,791616.0
8,10,32,1,4.0,4.0,1.0,113.0,205321.0
8,8,20,4,3.0,2.0,2.0,81.0,114210.0
8,10,32,2,5.0,4.0,2.0,300.0,574800.0
7,6,18,1,4.0,2.0,2.0,126.0,170730.0
3,2,10,1,2.0,1.0,2.0,119.0,140777.0
4,4,15,2,6.0,5.0,4.0,352.0,797632.0
6,1,23,2,3.0,2.0,4.0,551.0,740544.0
6,1,39,4,4.0,1.0,1.0,247.0,413231.0
7,6,30,1,3.0,4.0,2.0,141.0,179070.0
1,7,35,1,4.0,2.0,2.0,106.0,326586.0
7,6,18,4,4.0,4.0,2.0,60.0,79200.0
5,3,41,4,1.0,1.0,1.0,142.0,278746.0
4,4,47,1,4.0,4.0,1.0,152.0,301568.0
1,7,21,1,1.0,3.0,1.0,124.0,241056.0
1,7,19,5,5.0,4.0,4.0,532.0,835772.0
8,10,49,1,1.0,3.0,2.0,228.0,373464.0
8,9,3,1,3.0,4.0,2.0,249.0,361548.0
6,1,33,1,2.0,3.0,2.0,75.0,96375.0
4,4,15,1,2.0,4.0,1.0,117.0,244998.0
2,5,42,5,5.0,3.0,2.0,510.0,449820.0
8,8,20,1,3.0,2.0,2.0,208.0,261040.0
8,10,25,2,6.0,4.0,2.0,528.0,1024848.0
2,5,17,2,6.0,2.0,4.0,480.0,1010880.0
5,3,37,1,2.0,4.0,1.0,112.0,158704.0
7,6,24,1,2.0,2.0,1.0,162.0,249804.0
8,9,51,2,3.0,6.0,3.0,629.0,1068042.0
3,2,10,4,2.0,4.0,1.0,182.0,349076.0
5,3,16,1,3.0,3.0,2.0,144.0,265824.0
8,10,49,1,1.0,2.0,2.0,229.0,367545.0
3,2,10,2,6.0,6.0,3.0,287.0,598969.0
8,10,49,1,2.0,4.0,2.0,197.0,237976.0
6,1,39,1,4.0,1.0,1.0,55.0,110990.0
3,2,10,2,5.0,5.0,4.0,331.0,324380.0
2,5,6,4,3.0,3.0,1.0,232.0,488360.0
4,4,7,4,2.0,4.0,2.0,187.0,322201.0
2,5,8,1,4.0,2.0,2.0,51.0,95472.0
2,5,12,2,3.0,6.0,2.0,722.0,1225234.0
8,9,3,2,4.0,3.0,2.0,686.0,750484.0
2,5,6,2,6.0,6.0,4.0,576.0,969984.0
4,4,48,2,1.0,3.0,2.0,498.0,785346.0
4,4,15,1,2.0,3.0,2.0,101.0,157964.0
2,5,53,1,3.0,4.0,1.0,184.0,299368.0
1,7,34,2,3.0,4.0,2.0,352.0,300256.0
3,2,9,2,6.0,4.0,2.0,563.0,865331.0
8,9,3,1,4.0,2.0,1.0,138.0,179124.0
8,9,13,1,4.0,2.0,1.0,258.0,518838.0
1,7,34,2,3.0,4.0,3.0,290.0,453560.0
8,9,3,3,4.0,3.0,4.0,299.0,823745.0
2,5,17,3,5.0,4.0,3.0,279.0,800451.0
3,2,9,1,3.0,2.0,1.0,259.0,844858.0
8,10,32,2,3.0,5.0,4.0,281.0,537834.0
8,8,31,1,4.0,2.0,2.0,132.0,181764.0
6,1,33,2,6.0,5.0,3.0,566.0,576188.0
6,1,33,1,3.0,4.0,2.0,128.0,271232.0
7,6,24,1,1.0,2.0,1.0,128.0,186240.0
2,5,53,2,3.0,2.0,3.0,574.0,708890.0
2,5,12,2,6.0,6.0,4.0,362.0,684542.0
2,5,53,1,2.0,1.0,2.0,97.0,150641.0
2,5,6,1,4.0,2.0,1.0,61.0,114741.0
8,10,25,3,3.0,3.0,4.0,389.0,724318.0
4,4,7,1,4.0,1.0,1.0,86.0,137944.0
5,3,41,2,6.0,6.0,4.0,497.0,630693.0
7,6,26,1,4.0,4.0,2.0,121.0,180048.0
6,1,23,1,4.0,1.0,2.0,82.0,127592.0
8,8,31,2,4.0,5.0,2.0,367.0,715283.0
2,5,8,3,4.0,5.0,4.0,423.0,1365444.0
3,2,5,2,5.0,2.0,2.0,584.0,737592.0
8,8,29,5,4.0,3.0,0.0,216.0,390960.0
8,8,1,2,6.0,3.0,2.0,249.0,334905.0
4,4,38,1,2.0,4.0,1.0,219.0,466689.0
8,10,40,1,1.0,1.0,1.0,137.0,220981.0
8,9,13,1,1.0,4.0,2.0,89.0,151033.0
3,2,9,2,4.0,4.0,4.0,629.0,878084.0
6,1,33,5,5.0,6.0,2.0,326.0,642220.0
2,5,6,2,3.0,5.0,4.0,727.0,643395.0
5,3,41,2,5.0,4.0,2.0,326.0,346212.0
8,10,25,1,1.0,4.0,1.0,107.0,125404.0
5,3,41,2,6.0,6.0,4.0,575.0,821100.0
5,3,16,1,2.0,4.0,2.0,138.0,280278.0
6,1,33,1,3.0,2.0,1.0,123.0,179211.0
4,4,15,5,5.0,2.0,3.0,487.0,557128.0
1,7,19,1,1.0,4.0,1.0,210.0,382620.0
4,4,48,5,6.0,5.0,3.0,577.0,1038023.0
2,5,42,1,4.0,2.0,1.0,112.0,172928.0
8,10,40,3,5.0,5.0,4.0,406.0,993888.0
3,2,5,1,3.0,2.0,2.0,86.0,177418.0
8,8,29,1,3.0,4.0,1.0,101.0,155944.0
2,5,12,5,6.0,6.0,3.0,364.0,639548.0
1,7,21,1,2.0,3.0,1.0,214.0,411522.0
5,3,37,2,5.0,5.0,2.0,313.0,577798.0
2,5,12,3,5.0,5.0,4.0,541.0,850452.0
8,8,2,2,3.0,2.0,2.0,519.0,536646.0
2,5,42,2,4.0,3.0,3.0,247.0,393471.0
5,3,16,1,4.0,4.0,2.0,230.0,335340.0
7,6,30,2,4.0,3.0,2.0,605.0,660660.0
3,2,10,1,4.0,3.0,1.0,79.0,110600.0
6,1,33,1,2.0,4.0,2.0,147.0,305172.0
8,9,51,1,3.0,4.0,1.0,164.0,186960.0
6,1,39,1,3.0,1.0,2.0,67.0,97954.0
8,9,13,1,2.0,1.0,1.0,212.0,372272.0
7,6,18,1,4.0,1.0,2.0,93.0,171771.0
7,6,28,1,1.0,4.0,2.0,92.0,171948.0
8,10,49,2,6.0,4.0,2.0,459.0,1007046.0
6,1,39,2,3.0,3.0,4.0,190.0,384560.0
4,4,15,1,4.0,4.0,2.0,83.0,150147.0
7,6,28,1,3.0,1.0,2.0,221.0,436033.0
2,5,12,5,3.0,3.0,2.0,428.0,428856.0
8,9,13,2,4.0,2.0,2.0,189.0,165753.0
2,5,12,2,6.0,4.0,4.0,288.0,605952.0
8,8,1,1,2.0,1.0,1.0,73.0,93951.0
1,7,43,1,2.0,2.0,1.0,233.0,294046.0
4,4,15,1,2.0,4.0,1.0,231.0,488334.0
5,3,41,2,5.0,6.0,2.0,633.0,777324.0
3,2,9,2,4.0,4.0,2.0,735.0,2310105.0
8,10,25,1,1.0,2.0,1.0,132.0,206712.0
8,9,44,1,3.0,4.0,2.0,105.0,207165.0
7,6,50,1,1.0,3.0,2.0,243.0,347490.0
8,8,1,2,5.0,2.0,4.0,620.0,628060.0
6,1,33,4,1.0,3.0,2.0,228.0,281352.0
5,3,16,1,3.0,4.0,2.0,240.0,499920.0
2,5,17,1,4.0,3.0,1.0,108.0,156492.0
1,7,27,1,4.0,3.0,2.0,168.0,344568.0
6,1,33,2,6.0,5.0,2.0,322.0,482356.0
4,4,7,1,1.0,4.0,1.0,88.0,129888.0
8,10,25,2,6.0,3.0,3.0,525.0,658875.0
1,7,19,1,3.0,3.0,1.0,98.0,205408.0
5,3,41,1,4.0,2.0,2.0,220.0,268840.0
2,5,6,2,5.0,5.0,4.0,476.0,542164.0
8,10,32,5,6.0,5.0,2.0,495.0,1060785.0
8,9,13,1,4.0,1.0,1.0,185.0,310245.0
2,5,53,1,2.0,3.0,2.0,66.0,74976.0
6,1,23,1,2.0,3.0,1.0,130.0,269750.0
7,6,50,1,3.0,2.0,1.0,132.0,206976.0
5,3,41,2,4.0,5.0,4.0,661.0,587629.0
2,5,12,5,6.0,3.0,4.0,509.0,517144.0
3,2,5,1,3.0,1.0,2.0,149.0,222755.0
7,6,11,1,1.0,4.0,1.0,107.0,118342.0
2,5,42,5,6.0,6.0,2.0,459.0,690795.0
6,1,23,1,2.0,2.0,1.0,125.0,153000.0
8,10,49,2,6.0,5.0,4.0,191.0,278860.0
7,6,28,2,3.0,2.0,4.0,611.0,957437.0
2,5,17,1,2.0,4.0,2.0,192.0,272832.0
5,3,16,1,1.0,3.0,2.0,120.0,180600.0
5,3,16,2,4.0,4.0,2.0,306.0,292842.0
2,5,12,1,2.0,3.0,2.0,190.0,218880.0
4,4,15,1,3.0,1.0,2.0,132.0,155760.0
3,2,9,1,2.0,4.0,1.0,67.0,143916.0
8,9,51,1,2.0,1.0,2.0,141.0,252672.0
8,8,45,1,1.0,4.0,2.0,189.0,231903.0
3,2,5,1,4.0,2.0,1.0,258.0,393192.0
6,1,33,2,5.0,3.0,2.0,237.0,514290.0
3,2,9,2,4.0,5.0,2.0,223.0,448453.0
8,10,40,4,2.0,3.0,2.0,149.0,284590.0
1,7,46,1,4.0,1.0,2.0,190.0,235410.0
1,7,21,1,2.0,2.0,2.0,51.0,92565.0
8,8,29,5,4.0,5.0,2.0,335.0,652580.0
1,7,34,2,5.0,6.0,3.0,343.0,432866.0
5,3,16,1,3.0,3.0,2.0,80.0,134720.0
6,1,33,1,4.0,2.0,1.0,78.0,92430.0
4,4,47,1,2.0,2.0,2.0,226.0,347588.0
5,3,16,1,1.0,2.0,2.0,105.0,225330.0
1,7,22,2,4.0,4.0,2.0,691.0,1136695.0
2,5,17,4,2.0,4.0,2.0,193.0,325012.0
8,10,25,1,1.0,1.0,1.0,52.0,86372.0
1,7,22,1,2.0,1.0,1.0,144.0,221760.0
8,10,32,1,3.0,1.0,2.0,156.0,178620.0
7,6,24,5,5.0,3.0,3.0,647.0,821043.0
8,8,31,1,1.0,4.0,1.0,53.0,70490.0
8,8,31,2,5.0,4.0,2.0,671.0,656909.0
8,9,3,2,6.0,2.0,2.0,689.0,1195415.0
6,1,23,2,3.0,6.0,2.0,244.0,347700.0
7,6,52,2,5.0,2.0,4.0,458.0,565630.0
8,10,32,5,3.0,6.0,3.0,680.0,900320.0
1,7,22,1,3.0,4.0,2.0,189.0,271215.0
2,5,53,3,5.0,5.0,4.0,294.0,633864.0
2,5,17,2,6.0,4.0,3.0,535.0,774680.0
8,9,44,1,4.0,3.0,2.0,72.0,116496.0
8,9,13,3,5.0,4.0,3.0,496.0,1434928.0
8,9,51,1,2.0,3.0,1.0,254.0,351790.0
8,10,32,2,6.0,2.0,4.0,737.0,689095.0
3,2,9,1,3.0,2.0,0.0,225.0,622350.0
8,8,14,1,3.0,4.0,2.0,106.0,192814.0
4,4,47,2,6.0,3.0,4.0,372.0,316572.0
3,2,9,1,1.0,3.0,1.0,243.0,727299.0
7,6,28,1,1.0,2.0,1.0,54.0,97308.0
7,6,18,2,3.0,2.0,3.0,643.0,702799.0
4,4,15,1,1.0,3.0,2.0,149.0,278183.0
8,10,49,1,4.0,1.0,2.0,58.0,123134.0
2,5,42,2,6.0,5.0,4.0,280.0,480200.0
5,3,41,5,6.0,2.0,3.0,219.0,404712.0
8,8,45,2,3.0,2.0,2.0,276.0,491556.0
4,4,15,2,6.0,2.0,3.0,497.0,984557.0
6,1,33,1,1.0,1.0,1.0,201.0,232557.0
3,2,5,2,4.0,5.0,3.0,577.0,1123419.0
1,7,22,1,4.0,2.0,2.0,125.0,179125.0
1,7,22,1,4.0,1.0,1.0,69.0,103983.0
6,1,23,2,6.0,3.0,3.0,224.0,329056.0
8,9,3,1,4.0,2.0,2.0,256.0,342272.0
8,8,20,2,3.0,5.0,3.0,555.0,1265955.0
4,4,47,1,3.0,1.0,2.0,171.0,199728.0
7,6,26,1,4.0,1.0,1.0,72.0,117936.0
2,5,17,1,2.0,2.0,1.0,56.0,80136.0
8,8,29,2,4.0,5.0,4.0,739.0,1192746.0
3,2,5,1,2.0,4.0,1.0,193.0,227933.0
8,10,40,2,4.0,5.0,2.0,560.0,544320.0
3,2,9,2,5.0,6.0,4.0,189.0,430920.0
8,9,13,3,4.0,3.0,2.0,463.0,1147777.0
6,1,33,2,6.0,6.0,4.0,734.0,730330.0
8,9,3,5,4.0,2.0,3.0,705.0,703590.0
5,3,37,2,6.0,4.0,2.0,448.0,753536.0
1,7,43,2,5.0,5.0,2.0,377.0,838825.0
2,5,17,1,2.0,2.0,2.0,207.0,443601.0
4,4,7,2,5.0,5.0,2.0,623.0,1294594.0
1,7,43,2,3.0,3.0,4.0,220.0,353320.0
7,6,26,2,5.0,4.0,4.0,514.0,761234.0
6,1,39,1,2.0,4.0,2.0,73.0,153446.0
2,5,12,1,1.0,3.0,2.0,119.0,201229.0
5,3,41,2,5.0,3.0,4.0,375.0,586125.0
7,6,28,5,6.0,4.0,3.0,614.0,2113388.0
8,10,40,5,5.0,3.0,4.0,550.0,1078550.0
3,2,5,2,6.0,6.0,4.0,357.0,389130.0
7,6,28,2,5.0,3.0,4.0,688.0,1724128.0
8,10,32,1,3.0,4.0,2.0,87.0,141027.0
5,3,37,2,6.0,6.0,3.0,183.0,180438.0
8,10,49,3,4.0,5.0,4.0,361.0,919106.0
5,3,16,2,3.0,5.0,4.0,681.0,1408989.0
8,8,45,1,3.0,1.0,1.0,96.0,129696.0
2,5,6,2,3.0,4.0,2.0,741.0,1441986.0
7,6,11,1,4.0,2.0,1.0,219.0,267618.0
1,7,35,1,3.0,3.0,2.0,111.0,270396.0
8,10,49,3,4.0,3.0,2.0,231.0,608223.0
5,3,16,1,2.0,4.0,1.0,188.0,213380.0
8,9,51,1,3.0,4.0,1.0,74.0,118696.0
4,4,7,2,4.0,3.0,2.0,466.0,498154.0
1,7,21,1,4.0,4.0,2.0,104.0,163800.0
8,8,2,2,6.0,5.0,2.0,573.0,1208457.0
4,4,47,1,3.0,2.0,2.0,161.0,289961.0
2,5,6,1,4.0,4.0,1.0,145.0,202275.0
8,8,29,5,6.0,3.0,3.0,392.0,508032.0
2,5,42,1,2.0,3.0,1.0,147.0,302967.0
1,7,34,2,3.0,5.0,4.0,202.0,332492.0
5,3,16,1,1.0,4.0,2.0,235.0,472820.0
4,4,47,1,3.0,2.0,2.0,143.0,233376.0
6,1,33,2,4.0,2.0,3.0,553.0,524244.0
8,10,25,1,2.0,1.0,1.0,114.0,143868.0
3,2,5,1,3.0,2.0,2.0,121.0,179080.0
8,10,32,1,1.0,2.0,1.0,208.0,250848.0
5,3,41,1,2.0,3.0,2.0,158.0,227994.0
8,10,25,5,4.0,6.0,4.0,258.0,254646.0
8,8,14,5,4.0,6.0,2.0,653.0,1294899.0
2,5,53,2,4.0,3.0,2.0,513.0,616113.0
7,6,24,1,1.0,4.0,1.0,92.0,110308.0
6,1,33,5,4.0,6.0,3.0,465.0,835605.0
8,10,32,2,3.0,3.0,2.0,223.0,220101.0
4,4,7,2,6.0,6.0,3.0,584.0,1154568.0
3,2,10,1,4.0,3.0,2.0,242.0,390588.0
3,2,5,2,6.0,3.0,2.0,391.0,391000.0
5,3,16,5,3.0,6.0,3.0,571.0,924449.0
7,6,50,2,6.0,3.0,2.0,400.0,696400.0
8,9,44,5,4.0,4.0,3.0,430.0,490630.0
1,7,21,3,4.0,4.0,3.0,458.0,1123016.0
2,5,8,1,4.0,1.0,1.0,87.0,176175.0
7,6,50,2,6.0,5.0,4.0,623.0,628607.0
5,3,16,1,4.0,1.0,2.0,67.0,122007.0
2,5,8,1,2.0,1.0,1.0,87.0,222720.0
1,7,36,1,3.0,1.0,2.0,153.0,423045.0
5,3,16,1,3.0,3.0,2.0,63.0,85176.0
6,1,23,1,1.0,1.0,1.0,146.0,259296.0
6,1,39,1,3.0,2.0,1.0,245.0,367990.0
8,8,29,1,4.0,2.0,1.0,61.0,104920.0
1,7,4,2,4.0,5.0,2.0,617.0,1215490.0
5,3,16,4,2.0,1.0,1.0,91.0,107016.0
7,6,52,1,2.0,4.0,1.0,222.0,468420.0
8,8,1,1,3.0,3.0,2.0,116.0,206132.0
2,5,12,2,5.0,6.0,2.0,411.0,367845.0
4,4,48,2,5.0,5.0,4.0,594.0,567270.0
5,3,16,5,5.0,2.0,2.0,748.0,977636.0
8,10,40,1,2.0,1.0,2.0,155.0,297290.0
4,4,38,1,1.0,2.0,1.0,209.0,435765.0
8,8,2,1,1.0,4.0,2.0,258.0,512130.0
8,9,44,1,1.0,3.0,2.0,80.0,138400.0
8,10,32,5,6.0,5.0,0.0,399.0,670320.0
8,10,49,2,4.0,4.0,2.0,514.0,1061410.0
4,4,47,2,3.0,2.0,2.0,733.0,1265891.0
6,1,33,3,5.0,5.0,2.0,246.0,369984.0
6,1,33,2,5.0,4.0,4.0,545.0,1206630.0
5,3,37,2,5.0,4.0,2.0,219.0,447417.0
8,8,1,1,2.0,2.0,2.0,260.0,547040.0
8,8,14,1,1.0,3.0,1.0,66.0,135036.0
5,3,16,2,3.0,5.0,4.0,409.0,924749.0
7,6,24,1,3.0,2.0,2.0,257.0,520682.0
2,5,12,1,4.0,4.0,1.0,253.0,438449.0
2,5,8,2,4.0,3.0,2.0,261.0,392283.0
5,3,37,2,6.0,3.0,2.0,255.0,364140.0
2,5,53,1,2.0,4.0,2.0,154.0,208054.0
3,2,10,1,2.0,4.0,1.0,143.0,203060.0
4,4,7,1,1.0,1.0,2.0,149.0,220818.0
6,1,23,1,4.0,3.0,2.0,84.0,148596.0
4,4,15,4,2.0,1.0,1.0,114.0,222414.0
8,8,45,5,5.0,3.0,2.0,323.0,433143.0
3,2,10,1,3.0,2.0,1.0,156.0,183768.0
1,7,27,1,3.0,3.0,1.0,76.0,158688.0
3,2,9,2,5.0,6.0,3.0,723.0,1848711.0
3,2,10,1,2.0,4.0,1.0,166.0,281204.0
3,2,5,2,5.0,2.0,3.0,244.0,444324.0
4,4,48,3,5.0,5.0,2.0,381.0,1032510.0
8,10,32,2,3.0,3.0,4.0,440.0,729520.0
7,6,24,1,1.0,2.0,2.0,111.0,212343.0
1,7,43,2,3.0,4.0,4.0,739.0,1258517.0
1,7,46,5,5.0,6.0,4.0,232.0,433144.0
5,3,37,1,3.0,1.0,1.0,149.0,264028.0
8,9,3,2,6.0,2.0,3.0,431.0,789592.0
1,7,35,2,5.0,3.0,4.0,479.0,1651592.0
7,6,26,2,6.0,3.0,4.0,347.0,551730.0
8,8,2,3,4.0,5.0,4.0,500.0,1404000.0
8,8,1,4,1.0,1.0,1.0,66.0,109098.0
8,9,51,1,3.0,1.0,2.0,180.0,243000.0
6,1,39,1,1.0,3.0,1.0,140.0,204540.0
4,4,7,1,3.0,1.0,1.0,66.0,94512.0
8,9,13,2,4.0,5.0,4.0,539.0,491029.0
2,5,17,1,4.0,1.0,2.0,104.0,150072.0
8,10,32,1,1.0,2.0,2.0,192.0,391104.0
4,4,15,1,2.0,1.0,1.0,165.0,245025.0
1,7,34,1,3.0,3.0,2.0,241.0,268715.0
2,5,17,2,3.0,6.0,4.0,299.0,617136.0
8,9,44,1,3.0,1.0,1.0,251.0,438999.0
8,10,49,1,4.0,3.0,1.0,77.0,93324.0
7,6,11,1,4.0,2.0,2.0,137.0,266191.0
8,8,29,1,4.0,3.0,2.0,154.0,176484.0
1,7,22,1,1.0,2.0,1.0,142.0,189144.0
8,8,14,1,3.0,1.0,1.0,197.0,302198.0
5,3,37,2,5.0,4.0,4.0,734.0,743542.0
3,2,10,5,5.0,6.0,4.0,484.0,510620.0
4,4,47,1,4.0,1.0,2.0,118.0,142308.0
8,9,51,2,3.0,2.0,3.0,223.0,403630.0
2,5,17,1,3.0,2.0,1.0,70.0,124880.0
8,9,3,1,1.0,1.0,2.0,105.0,142695.0
8,9,3,4,1.0,3.0,1.0,176.0,279312.0
1,7,43,2,6.0,3.0,4.0,479.0,744845.0
8,9,44,4,4.0,3.0,2.0,113.0,153115.0
4,4,15,1,4.0,1.0,1.0,153.0,228123.0
7,6,11,1,1.0,2.0,1.0,232.0,274224.0
8,10,40,1,1.0,4.0,1.0,105.0,174930.0
8,8,29,2,4.0,2.0,4.0,194.0,329024.0
8,8,14,2,4.0,3.0,4.0,306.0,491130.0
2,5,17,1,3.0,4.0,1.0,212.0,296376.0
8,10,32,1,2.0,4.0,2.0,120.0,239400.0
1,7,22,2,6.0,3.0,2.0,241.0,431149.0
3,2,5,2,3.0,4.0,2.0,470.0,668340.0
8,9,44,1,4.0,1.0,2.0,139.0,239080.0
8,10,32,2,5.0,5.0,3.0,456.0,537168.0
6,1,33,1,2.0,1.0,1.0,215.0,450425.0
4,4,7,4,2.0,1.0,2.0,234.0,435006.0
3,2,5,1,3.0,3.0,2.0,55.0,67540.0
5,3,37,2,5.0,4.0,2.0,749.0,1577394.0
5,3,41,3,5.0,4.0,4.0,221.0,398905.0
1,7,27,1,4.0,3.0,1.0,173.0,258808.0
8,9,51,1,4.0,3.0,2.0,200.0,301600.0
4,4,38,1,3.0,1.0,2.0,170.0,255170.0
8,10,49,2,5.0,4.0,3.0,426.0,826440.0
2,5,17,2,3.0,2.0,2.0,320.0,423360.0
4,4,47,2,6.0,6.0,4.0,254.0,269240.0
3,2,5,1,2.0,2.0,1.0,144.0,186912.0
1,7,22,2,6.0,2.0,3.0,640.0,817920.0
8,8,14,3,5.0,3.0,2.0,348.0,948300.0
3,2,10,1,2.0,1.0,2.0,226.0,376742.0
3,2,9,1,1.0,4.0,1.0,253.0,761783.0
2,5,6,2,4.0,6.0,3.0,180.0,310320.0
2,5,42,1,2.0,1.0,1.0,210.0,240030.0
7,6,28,2,4.0,3.0,4.0,226.0,426236.0
8,10,40,2,5.0,5.0,2.0,640.0,839680.0
5,3,37,2,4.0,4.0,4.0,486.0,1096416.0
4,4,7,1,2.0,4.0,2.0,51.0,73950.0
2,5,6,1,4.0,1.0,1.0,245.0,348390.0
8,10,25,2,3.0,5.0,2.0,350.0,488250.0
3,2,10,1,3.0,4.0,1.0,202.0,311282.0
6,1,23,2,6.0,4.0,3.0,446.0,932586.0
8,10,25,2,5.0,5.0,4.0,656.0,679616.0
5,3,37,1,2.0,1.0,1.0,238.0,316778.0
3,2,5,1,2.0,1.0,1.0,187.0,294338.0
8,9,3,3,5.0,5.0,4.0,257.0,512458.0
3,2,10,2,3.0,4.0,3.0,520.0,1026480.0
8,9,3,2,6.0,3.0,2.0,405.0,923805.0
8,8,29,2,6.0,2.0,3.0,739.0,749346.0
2,5,17,2,5.0,4.0,2.0,213.0,185949.0
1,7,36,5,3.0,2.0,3.0,348.0,1161624.0
5,3,37,2,4.0,5.0,2.0,629.0,1228437.0
2,5,6,1,1.0,2.0,2.0,130.0,243880.0
8,8,2,3,5.0,4.0,3.0,353.0,644578.0
8,8,29,5,6.0,4.0,3.0,714.0,718284.0
8,9,3,5,5.0,6.0,4.0,223.0,332939.0
4,4,48,2,6.0,5.0,2.0,225.0,467325.0
1,7,36,1,2.0,4.0,2.0,212.0,591056.0
8,8,14,1,3.0,2.0,2.0,146.0,197246.0
8,10,32,2,5.0,6.0,2.0,509.0,817454.0
1,7,27,1,2.0,4.0,1.0,191.0,225380.0
6,1,33,1,2.0,4.0,2.0,208.0,380016.0
1,7,34,1,2.0,2.0,1.0,65.0,107120.0
1,7,35,5,5.0,6.0,2.0,749.0,2244004.0
1,7,22,1,3.0,2.0,2.0,177.0,284793.0
3,2,9,1,2.0,1.0,2.0,118.0,291814.0
8,9,51,2,6.0,6.0,4.0,482.0,577918.0
3,2,10,1,3.0,4.0,2.0,90.0,102780.0
8,10,32,1,2.0,3.0,2.0,104.0,136552.0
7,6,30,2,3.0,5.0,3.0,579.0,677430.0
2,5,42,1,1.0,2.0,2.0,251.0,393819.0
2,5,42,1,2.0,3.0,1.0,236.0,270692.0
8,8,45,1,4.0,3.0,2.0,181.0,386254.0
1,7,21,1,3.0,2.0,1.0,120.0,213480.0
8,9,44,1,1.0,3.0,1.0,124.0,150908.0
7,6,28,2,4.0,3.0,3.0,378.0,1128708.0
7,6,50,5,3.0,5.0,4.0,407.0,463573.0
8,8,1,2,6.0,6.0,3.0,306.0,600984.0
1,7,34,4,2.0,1.0,1.0,176.0,271568.0
8,9,44,1,2.0,1.0,2.0,58.0,72906.0
8,8,2,1,4.0,3.0,2.0,74.0,151330.0
3,2,5,1,1.0,1.0,1.0,103.0,118862.0
1,7,34,2,6.0,2.0,4.0,310.0,642630.0
3,2,9,2,6.0,4.0,3.0,689.0,1484106.0
7,6,18,4,4.0,1.0,1.0,150.0,277950.0
5,3,16,2,3.0,2.0,3.0,252.0,277704.0
3,2,10,1,3.0,1.0,2.0,107.0,168311.0
4,4,38,1,1.0,2.0,2.0,99.0,143451.0
8,9,3,1,2.0,1.0,1.0,165.0,274395.0
2,5,42,1,1.0,3.0,1.0,228.0,388056.0
8,9,44,3,3.0,4.0,4.0,230.0,503930.0
8,10,32,3,4.0,4.0,4.0,243.0,622809.0
8,8,1,1,4.0,1.0,1.0,99.0,120087.0
3,2,9,1,4.0,1.0,1.0,148.0,324564.0
6,1,33,1,2.0,1.0,1.0,246.0,380562.0
7,6,50,1,4.0,2.0,2.0,196.0,259112.0
6,1,39,5,6.0,6.0,4.0,326.0,691772.0
8,10,49,2,3.0,2.0,2.0,491.0,974635.0
1,7,46,4,2.0,3.0,2.0,110.0,228360.0
3,2,10,5,4.0,5.0,2.0,397.0,527216.0
2,5,12,1,1.0,1.0,2.0,165.0,187440.0
5,3,37,1,1.0,3.0,2.0,196.0,288512.0
1,7,19,4,2.0,4.0,2.0,246.0,459774.0
7,6,52,2,5.0,3.0,4.0,554.0,1127944.0
4,4,38,2,5.0,6.0,2.0,481.0,429533.0
3,2,5,1,2.0,2.0,1.0,77.0,113806.0
6,1,33,1,1.0,4.0,2.0,57.0,114285.0
8,9,3,1,2.0,2.0,2.0,221.0,406640.0
8,10,40,1,1.0,3.0,1.0,138.0,266892.0
8,8,20,3,5.0,5.0,3.0,394.0,615034.0
3,2,9,1,3.0,2.0,2.0,219.0,558012.0
8,8,2,1,4.0,3.0,2.0,211.0,263539.0
8,10,25,1,4.0,1.0,1.0,246.0,366294.0
3,2,5,1,1.0,3.0,1.0,248.0,408208.0
4,4,38,2,5.0,6.0,3.0,221.0,201110.0
8,9,44,1,1.0,1.0,2.0,203.0,385700.0
4,4,47,4,1.0,4.0,1.0,69.0,87354.0
8,10,49,5,3.0,2.0,2.0,564.0,1088520.0
1,7,34,1,1.0,3.0,1.0,238.0,418404.0
1,7,19,1,2.0,2.0,2.0,214.0,415588.0
8,9,51,1,2.0,3.0,2.0,54.0,114156.0
6,1,23,1,4.0,2.0,1.0,232.0,468408.0
8,9,44,1,4.0,2.0,1.0,138.0,157182.0
3,2,9,1,4.0,4.0,2.0,62.0,137268.0
5,3,41,3,3.0,4.0,2.0,423.0,1088379.0
3,2,5,2,4.0,3.0,2.0,644.0,853300.0
8,8,20,4,3.0,3.0,1.0,101.0,182406.0
4,4,47,1,1.0,4.0,1.0,102.0,146472.0
8,8,1,1,1.0,4.0,1.0,106.0,208184.0
8,10,49,2,6.0,6.0,4.0,533.0,863460.0
8,8,20,2,3.0,6.0,3.0,494.0,687154.0
5,3,37,1,2.0,3.0,1.0,86.0,164260.0
7,6,24,4,1.0,4.0,2.0,122.0,147376.0
8,10,32,2,5.0,2.0,3.0,661.0,1284984.0
8,8,20,3,5.0,4.0,4.0,482.0,890736.0
8,9,51,2,4.0,2.0,3.0,729.0,891567.0
8,8,31,2,6.0,3.0,4.0,739.0,1142494.0
6,1,39,1,4.0,2.0,2.0,109.0,174073.0
8,8,2,1,3.0,4.0,1.0,136.0,213248.0
5,3,16,4,1.0,4.0,2.0,153.0,205479.0
6,1,23,1,4.0,4.0,1.0,153.0,214200.0
1,7,27,1,4.0,2.0,1.0,218.0,316100.0
8,9,3,1,3.0,2.0,1.0,150.0,277350.0
1,7,27,1,4.0,1.0,2.0,153.0,215271.0
8,8,29,1,2.0,1.0,1.0,133.0,254562.0
6,1,39,4,3.0,2.0,2.0,209.0,353419.0
3,2,9,4,2.0,1.0,2.0,254.0,459994.0
5,3,41,1,4.0,3.0,2.0,215.0,293690.0
7,6,50,5,3.0,2.0,3.0,535.0,949625.0
3,2,10,1,1.0,4.0,1.0,141.0,206706.0
8,10,32,1,4.0,2.0,1.0,56.0,113400.0
7,6,26,1,1.0,4.0,2.0,206.0,434248.0
4,4,38,2,6.0,6.0,3.0,337.0,375755.0
2,5,12,1,4.0,1.0,2.0,224.0,246624.0
4,4,7,1,2.0,3.0,1.0,228.0,376428.0
1,7,27,1,4.0,4.0,2.0,225.0,457875.0
5,3,37,2,3.0,3.0,3.0,734.0,888140.0
2,5,42,2,4.0,6.0,3.0,651.0,1344315.0
4,4,7,2,5.0,3.0,4.0,432.0,927936.0
8,9,13,1,2.0,2.0,1.0,137.0,264273.0
8,9,13,2,5.0,3.0,4.0,525.0,965475.0
8,9,13,1,2.0,4.0,1.0,227.0,352985.0
2,5,12,1,3.0,1.0,1.0,179.0,235743.0
3,2,10,1,3.0,1.0,2.0,182.0,298116.0
4,4,38,1,3.0,4.0,2.0,116.0,180844.0
1,7,21,1,1.0,1.0,1.0,173.0,361743.0
8,9,51,2,5.0,6.0,2.0,455.0,421785.0
8,8,2,1,4.0,3.0,1.0,133.0,226233.0
6,1,33,1,3.0,2.0,1.0,105.0,152775.0
2,5,12,5,6.0,5.0,4.0,717.0,752133.0
8,10,32,1,3.0,1.0,1.0,208.0,341952.0
8,9,51,2,3.0,2.0,3.0,361.0,644385.0
4,4,38,1,1.0,4.0,1.0,204.0,279276.0
6,1,33,2,4.0,3.0,4.0,719.0,1432248.0
2,5,17,2,4.0,4.0,4.0,618.0,1051836.0
1,7,27,5,6.0,5.0,4.0,632.0,898704.0
7,6,11,2,5.0,6.0,3.0,466.0,912428.0
2,5,53,1,3.0,3.0,2.0,95.0,202160.0
8,9,13,4,1.0,1.0,2.0,135.0,155520.0
8,9,51,5,3.0,3.0,3.0,561.0,1211199.0
8,10,40,2,4.0,3.0,4.0,298.0,452066.0
2,5,6,2,5.0,4.0,3.0,214.0,410452.0
8,10,32,1,2.0,1.0,2.0,127.0,213614.0
3,2,10,1,4.0,4.0,1.0,177.0,275058.0
4,4,48,5,6.0,4.0,4.0,603.0,697068.0
1,7,4,1,2.0,3.0,2.0,103.0,127926.0
3,2,9,5,4.0,6.0,2.0,316.0,606720.0
8,8,20,2,4.0,2.0,4.0,492.0,1046976.0
8,8,1,1,1.0,1.0,1.0,156.0,255372.0
6,1,33,2,6.0,4.0,2.0,725.0,861300.0
6,1,23,1,1.0,4.0,1.0,251.0,368970.0
2,5,17,1,3.0,3.0,2.0,173.0,238221.0
6,1,23,5,4.0,2.0,3.0,234.0,462150.0
8,9,44,4,4.0,2.0,1.0,167.0,257180.0
8,10,32,1,2.0,2.0,1.0,133.0,195776.0
8,9,3,1,2.0,4.0,1.0,75.0,148050.0
2,5,53,5,3.0,4.0,2.0,746.0,1474842.0
8,9,3,5,5.0,4.0,4.0,430.0,873760.0
3,2,9,1,3.0,3.0,2.0,81.0,263736.0
6,1,39,1,4.0,2.0,1.0,256.0,487680.0
7,6,28,3,5.0,4.0,3.0,349.0,1450793.0
6,1,39,1,1.0,2.0,2.0,204.0,407592.0
1,7,4,1,4.0,1.0,1.0,64.0,113792.0
8,10,32,1,4.0,1.0,1.0,175.0,309575.0
8,9,3,2,3.0,2.0,2.0,553.0,919639.0
1,7,46,2,3.0,2.0,3.0,747.0,1382697.0
5,3,41,5,6.0,4.0,4.0,395.0,896255.0
2,5,53,1,2.0,2.0,2.0,65.0,76830.0
8,10,25,2,5.0,3.0,3.0,263.0,531786.0
5,3,16,2,3.0,4.0,2.0,395.0,797110.0
8,8,1,1,2.0,3.0,1.0,73.0,125560.0
8,10,32,2,4.0,2.0,4.0,381.0,327660.0
5,3,16,4,1.0,2.0,2.0,73.0,97455.0
8,9,44,2,4.0,3.0,2.0,392.0,459424.0
8,8,29,1,1.0,1.0,1.0,147.0,282828.0
8,8,20,3,1.0,3.0,4.0,236.0,569704.0
2,5,53,1,4.0,2.0,1.0,209.0,321442.0
1,7,22,1,4.0,4.0,2.0,103.0,116081.0
8,9,44,1,3.0,1.0,1.0,245.0,410865.0
8,9,51,2,3.0,6.0,4.0,584.0,1243920.0
3,2,9,3,3.0,5.0,4.0,387.0,1064637.0
8,9,13,1,1.0,2.0,2.0,139.0,261181.0
8,8,2,1,1.0,2.0,2.0,82.0,173512.0
1,7,35,2,6.0,2.0,2.0,462.0,887964.0
4,4,15,1,3.0,4.0,2.0,245.0,334670.0
8,10,25,2,3.0,3.0,2.0,324.0,594864.0
1,7,43,2,4.0,5.0,2.0,750.0,1397250.0
7,6,24,2,3.0,5.0,4.0,267.0,462711.0
4,4,38,2,4.0,3.0,2.0,468.0,906516.0
8,8,14,1,2.0,1.0,1.0,229.0,385636.0
1,7,21,2,3.0,6.0,3.0,595.0,1110270.0
5,3,41,1,4.0,3.0,1.0,144.0,288864.0
5,3,41,1,3.0,3.0,2.0,158.0,229574.0
8,10,49,1,1.0,2.0,2.0,168.0,334152.0
1,7,35,2,3.0,2.0,4.0,305.0,438895.0
8,10,25,5,6.0,6.0,2.0,282.0,499140.0
4,4,15,1,1.0,4.0,1.0,158.0,187546.0
3,2,9,1,3.0,4.0,1.0,87.0,156687.0
8,8,14,1,4.0,1.0,1.0,180.0,213480.0
4,4,48,2,3.0,5.0,4.0,414.0,633420.0
8,8,1,5,5.0,4.0,4.0,462.0,857934.0
7,6,28,5,4.0,2.0,4.0,381.0,531495.0
1,7,34,1,3.0,3.0,2.0,159.0,314661.0
5,3,16,1,2.0,1.0,1.0,135.0,203445.0
8,10,32,2,6.0,4.0,3.0,583.0,1016752.0
8,9,51,1,1.0,2.0,1.0,229.0,474488.0
1,7,36,2,5.0,5.0,3.0,615.0,1005525.0
7,6,50,1,1.0,1.0,1.0,62.0,124930.0
5,3,16,1,1.0,3.0,1.0,55.0,90035.0
5,3,37,1,1.0,3.0,1.0,130.0,209300.0
8,8,14,1,1.0,3.0,1.0,256.0,437504.0
5,3,16,3,4.0,5.0,4.0,472.0,1325376.0
8,10,25,2,6.0,2.0,3.0,571.0,1189964.0
3,2,10,2,6.0,5.0,2.0,332.0,428944.0
6,1,23,4,4.0,4.0,2.0,113.0,178201.0
8,9,13,1,2.0,3.0,1.0,206.0,414678.0
1,7,35,1,3.0,2.0,2.0,219.0,469974.0
1,7,21,1,4.0,2.0,1.0,72.0,139752.0
1,7,4,1,1.0,3.0,1.0,189.0,240219.0
8,10,49,1,4.0,2.0,1.0,71.0,142710.0
1,7,46,1,3.0,1.0,1.0,189.0,362313.0
7,6,30,1,2.0,1.0,2.0,141.0,303150.0
8,10,32,4,3.0,4.0,1.0,188.0,273164.0
1,7,36,2,3.0,5.0,3.0,507.0,1429233.0
8,8,2,5,4.0,5.0,4.0,267.0,390621.0
5,3,16,2,3.0,3.0,4.0,691.0,1541621.0
5,3,16,1,4.0,2.0,2.0,235.0,447205.0
5,3,41,3,4.0,5.0,4.0,245.0,501515.0
1,7,34,1,1.0,3.0,1.0,252.0,495684.0
8,8,14,1,4.0,2.0,1.0,174.0,292494.0
3,2,10,2,6.0,4.0,2.0,651.0,1327389.0
4,4,7,2,3.0,6.0,3.0,469.0,983962.0
4,4,48,1,3.0,4.0,1.0,118.0,239186.0
3,2,5,2,6.0,2.0,2.0,526.0,557034.0
4,4,7,2,5.0,6.0,2.0,596.0,842148.0
3,2,10,2,4.0,4.0,4.0,589.0,1142660.0
3,2,9,1,4.0,2.0,2.0,151.0,487277.0
8,9,44,1,1.0,4.0,1.0,209.0,256861.0
8,8,14,2,3.0,6.0,4.0,434.0,686588.0
5,3,41,5,4.0,5.0,2.0,418.0,537548.0
6,1,39,1,1.0,3.0,1.0,113.0,134357.0
7,6,50,1,1.0,4.0,2.0,249.0,284856.0
8,9,13,3,4.0,4.0,3.0,294.0,598584.0
8,8,29,2,5.0,2.0,2.0,476.0,671160.0
1,7,34,1,1.0,4.0,2.0,241.0,297153.0
3,2,9,1,1.0,1.0,2.0,168.0,363720.0
8,8,14,2,5.0,5.0,4.0,287.0,376831.0
2,5,12,2,6.0,5.0,3.0,739.0,1266646.0
5,3,41,1,2.0,4.0,2.0,129.0,275673.0
4,4,38,1,1.0,3.0,2.0,200.0,326800.0
2,5,53,2,3.0,6.0,2.0,364.0,352716.0
6,1,23,2,6.0,2.0,3.0,296.0,294224.0
6,1,33,1,1.0,2.0,2.0,103.0,202086.0
2,5,8,1,2.0,1.0,2.0,133.0,383838.0
5,3,37,1,1.0,1.0,1.0,202.0,346632.0
8,9,13,1,3.0,2.0,1.0,125.0,233750.0
4,4,15,1,4.0,4.0,2.0,155.0,186310.0
2,5,17,2,3.0,4.0,3.0,613.0,977735.0
6,1,23,1,1.0,4.0,2.0,246.0,431238.0
8,10,40,1,1.0,4.0,1.0,112.0,207872.0
7,6,26,5,4.0,3.0,3.0,524.0,1196816.0
7,6,24,2,5.0,6.0,4.0,535.0,705130.0
1,7,36,1,4.0,2.0,1.0,80.0,180720.0
8,9,13,2,6.0,5.0,3.0,665.0,988190.0
4,4,7,1,1.0,4.0,1.0,76.0,95836.0
8,9,13,1,1.0,1.0,2.0,178.0,287292.0
3,2,10,1,1.0,1.0,1.0,77.0,159467.0
5,3,41,4,4.0,4.0,1.0,100.0,126200.0
8,9,13,1,1.0,3.0,2.0,84.0,162624.0
7,6,11,1,4.0,1.0,1.0,236.0,313172.0
8,9,51,2,5.0,3.0,4.0,670.0,1038500.0
8,10,32,1,4.0,1.0,2.0,191.0,347047.0
8,9,13,4,2.0,3.0,1.0,81.0,127656.0
3,2,5,5,5.0,4.0,2.0,212.0,473608.0
4,4,15,1,3.0,3.0,2.0,136.0,190128.0
8,10,25,2,4.0,3.0,4.0,638.0,914892.0
3,2,10,1,4.0,1.0,2.0,162.0,310230.0
8,10,40,1,2.0,4.0,1.0,57.0,85044.0
3,2,10,1,2.0,1.0,2.0,140.0,157500.0
3,2,9,5,3.0,6.0,3.0,432.0,625968.0
7,6,50,1,2.0,1.0,2.0,205.0,321850.0
2,5,53,1,2.0,3.0,1.0,134.0,210380.0
7,6,24,2,3.0,6.0,2.0,585.0,1024920.0
6,1,39,2,3.0,5.0,3.0,356.0,505876.0
7,6,30,3,4.0,4.0,3.0,438.0,704742.0
3,2,9,5,5.0,2.0,3.0,402.0,1103892.0
3,2,9,2,5.0,3.0,4.0,306.0,545904.0
3,2,5,4,3.0,4.0,2.0,200.0,283400.0
5,3,37,1,3.0,4.0,1.0,172.0,226008.0
7,6,52,1,3.0,4.0,1.0,59.0,75697.0
5,3,41,1,4.0,3.0,1.0,118.0,161660.0
8,10,40,1,2.0,2.0,1.0,195.0,255645.0
8,9,51,4,4.0,1.0,2.0,259.0,368039.0
5,3,37,4,1.0,2.0,1.0,87.0,117276.0
1,7,35,2,4.0,3.0,2.0,196.0,297332.0
3,2,5,1,4.0,1.0,1.0,57.0,121980.0
5,3,41,5,6.0,5.0,2.0,191.0,376461.0
8,8,2,2,5.0,5.0,2.0,475.0,463600.0
1,7,19,2,4.0,3.0,3.0,496.0,836256.0
5,3,16,5,3.0,2.0,2.0,383.0,338572.0
6,1,23,3,3.0,4.0,3.0,388.0,1049152.0
4,4,48,5,5.0,2.0,4.0,227.0,395434.0
4,4,48,1,1.0,1.0,1.0,215.0,409360.0
2,5,42,5,3.0,3.0,3.0,181.0,319465.0
3,2,5,2,5.0,6.0,3.0,222.0,426240.0
5,3,37,1,2.0,4.0,2.0,190.0,287660.0
7,6,11,1,4.0,2.0,2.0,205.0,418200.0
1,7,46,2,6.0,6.0,4.0,712.0,1531512.0
5,3,37,1,4.0,1.0,2.0,57.0,105963.0
5,3,16,2,6.0,2.0,4.0,645.0,1046190.0
1,7,34,2,3.0,2.0,2.0,621.0,1419606.0
2,5,17,5,4.0,5.0,2.0,489.0,494379.0
3,2,9,1,3.0,2.0,1.0,250.0,792000.0
2,5,42,1,1.0,4.0,2.0,166.0,281370.0
8,8,31,1,4.0,3.0,2.0,204.0,301512.0
8,8,1,1,2.0,3.0,1.0,205.0,394420.0
8,9,44,2,4.0,3.0,4.0,668.0,1024712.0
3,2,10,2,3.0,4.0,4.0,555.0,774225.0
8,9,51,5,5.0,4.0,3.0,677.0,637734.0
2,5,17,1,2.0,1.0,1.0,82.0,151782.0
6,1,33,1,1.0,1.0,1.0,211.0,404487.0
8,10,49,1,1.0,4.0,1.0,104.0,143312.0
7,6,52,4,2.0,3.0,2.0,51.0,62169.0
8,8,45,1,2.0,2.0,2.0,233.0,472058.0
8,10,25,2,6.0,2.0,3.0,735.0,1186290.0
1,7,19,2,5.0,6.0,4.0,240.0,248880.0
8,8,29,1,1.0,2.0,2.0,256.0,338688.0
8,8,14,2,3.0,2.0,4.0,551.0,724565.0
6,1,33,5,4.0,3.0,2.0,213.0,382548.0
8,8,2,1,3.0,1.0,1.0,173.0,281125.0
8,8,29,1,3.0,3.0,2.0,108.0,149904.0
5,3,41,1,2.0,4.0,2.0,83.0,134958.0
7,6,52,1,4.0,1.0,1.0,171.0,258894.0
7,6,18,2,3.0,2.0,3.0,520.0,489840.0
8,9,13,1,4.0,2.0,1.0,67.0,137953.0
7,6,28,4,3.0,4.0,2.0,184.0,454848.0
2,5,8,1,1.0,4.0,2.0,189.0,583254.0
1,7,43,1,2.0,3.0,2.0,188.0,400440.0
8,10,49,4,3.0,2.0,2.0,254.0,434340.0
4,4,7,1,3.0,3.0,1.0,164.0,329476.0
7,6,24,1,4.0,3.0,2.0,70.0,129150.0
4,4,7,2,4.0,2.0,4.0,214.0,418798.0
2,5,42,2,6.0,4.0,4.0,208.0,460512.0
5,3,37,5,3.0,2.0,2.0,653.0,1233517.0
4,4,47,1,1.0,2.0,2.0,256.0,436224.0
6,1,39,1,2.0,2.0,1.0,153.0,284427.0
8,10,49,5,5.0,2.0,4.0,361.0,307211.0
8,8,31,2,6.0,4.0,4.0,545.0,529195.0
1,7,4,5,3.0,2.0,3.0,293.0,451220.0
8,10,40,3,4.0,5.0,4.0,521.0,1058151.0
6,1,39,5,5.0,2.0,3.0,469.0,440391.0
6,1,33,1,2.0,2.0,2.0,202.0,242602.0
2,5,53,1,3.0,1.0,1.0,220.0,271480.0
1,7,36,4,3.0,2.0,2.0,247.0,430274.0
8,10,25,2,5.0,3.0,2.0,399.0,689073.0
1,7,46,1,3.0,1.0,1.0,188.0,322232.0
5,3,37,4,3.0,2.0,2.0,138.0,220524.0
2,5,53,1,2.0,1.0,2.0,149.0,185356.0
1,7,36,1,4.0,1.0,1.0,151.0,462664.0
3,2,9,2,6.0,5.0,3.0,449.0,654193.0
8,10,32,1,2.0,2.0,1.0,195.0,329745.0
7,6,50,5,3.0,2.0,3.0,682.0,1219416.0
4,4,7,1,1.0,2.0,1.0,212.0,384144.0
1,7,35,1,4.0,3.0,2.0,83.0,244518.0
8,9,13,2,5.0,3.0,4.0,242.0,516670.0
8,9,3,2,4.0,4.0,3.0,277.0,274784.0
1,7,36,1,4.0,1.0,2.0,112.0,192864.0
3,2,10,3,5.0,4.0,2.0,227.0,410870.0
8,8,1,1,4.0,2.0,1.0,207.0,230391.0
7,6,50,4,4.0,3.0,2.0,132.0,195492.0
8,8,20,1,4.0,3.0,1.0,151.0,180445.0
8,10,40,1,2.0,1.0,1.0,167.0,310119.0
2,5,12,2,5.0,5.0,3.0,205.0,465965.0
5,3,37,2,6.0,2.0,2.0,532.0,628292.0
8,10,25,2,6.0,3.0,2.0,355.0,350740.0
2,5,12,1,4.0,1.0,2.0,194.0,250842.0
4,4,47,1,4.0,2.0,2.0,135.0,171045.0
5,3,16,1,4.0,4.0,1.0,230.0,297160.0
4,4,38,1,1.0,3.0,1.0,172.0,265224.0
8,8,29,4,2.0,4.0,1.0,255.0,546210.0
7,6,50,4,3.0,1.0,1.0,181.0,250142.0
8,9,44,2,3.0,3.0,4.0,398.0,839382.0
7,6,11,1,2.0,2.0,1.0,65.0,105040.0
8,8,14,2,5.0,3.0,4.0,314.0,604136.0
8,8,1,1,3.0,2.0,1.0,222.0,301698.0
1,7,4,2,4.0,2.0,3.0,332.0,430936.0
8,9,3,1,4.0,3.0,1.0,228.0,298908.0
8,10,49,1,1.0,2.0,1.0,156.0,278772.0
1,7,43,2,4.0,2.0,4.0,238.0,370090.0
5,3,37,3,4.0,4.0,3.0,402.0,930228.0
5,3,37,1,2.0,2.0,1.0,225.0,257850.0
8,9,51,1,1.0,4.0,2.0,146.0,172718.0
8,9,3,2,3.0,4.0,2.0,734.0,1038610.0
8,8,29,1,2.0,2.0,1.0,255.0,386325.0
8,8,45,1,1.0,3.0,2.0,192.0,355968.0
4,4,48,1,1.0,4.0,1.0,229.0,436474.0
8,9,51,1,4.0,3.0,2.0,65.0,111800.0
5,3,16,1,3.0,3.0,1.0,162.0,321246.0
4,4,7,1,2.0,2.0,2.0,138.0,154146.0
7,6,26,2,4.0,3.0,2.0,574.0,645750.0
4,4,47,2,4.0,4.0,2.0,600.0,1327200.0
8,9,13,3,5.0,5.0,3.0,356.0,1024924.0
8,9,51,1,1.0,4.0,1.0,239.0,462226.0
8,9,3,1,1.0,4.0,2.0,106.0,160166.0
3,2,5,5,4.0,4.0,3.0,371.0,592858.0
1,7,27,1,2.0,2.0,2.0,101.0,118271.0
8,10,25,2,5.0,6.0,3.0,595.0,539665.0
2,5,53,2,6.0,5.0,4.0,455.0,851760.0
2,5,17,1,3.0,3.0,1.0,142.0,225922.0
4,4,15,1,3.0,4.0,2.0,236.0,502444.0
4,4,47,1,3.0,2.0,1.0,95.0,171190.0
7,6,50,2,3.0,6.0,3.0,493.0,931770.0
8,8,2,1,4.0,2.0,2.0,251.0,466860.0
5,3,16,1,4.0,2.0,1.0,111.0,125097.0
6,1,23,2,5.0,6.0,2.0,452.0,551892.0
4,4,47,3,4.0,3.0,4.0,355.0,1005360.0
3,2,10,2,4.0,5.0,2.0,488.0,731024.0
7,6,28,1,1.0,4.0,2.0,106.0,334642.0
8,10,25,4,1.0,1.0,1.0,176.0,321904.0
8,9,3,3,3.0,4.0,4.0,501.0,1209414.0
8,8,29,2,4.0,3.0,3.0,466.0,563860.0
4,4,38,1,3.0,3.0,2.0,62.0,82460.0
6,1,33,1,2.0,1.0,2.0,253.0,455147.0
8,9,3,3,4.0,4.0,2.0,515.0,1225700.0
4,4,15,1,2.0,4.0,1.0,78.0,130260.0
1,7,36,3,5.0,5.0,3.0,298.0,1107964.0
3,2,9,2,5.0,4.0,4.0,711.0,2421666.0
1,7,36,2,4.0,5.0,4.0,362.0,623726.0
8,8,14,2,6.0,3.0,2.0,615.0,555960.0
5,3,16,2,3.0,3.0,3.0,721.0,1539335.0
8,8,45,4,1.0,2.0,1.0,100.0,187400.0
5,3,16,1,2.0,4.0,1.0,234.0,270036.0
5,3,41,2,6.0,3.0,3.0,310.0,500340.0
5,3,16,5,4.0,3.0,2.0,353.0,408774.0
6,1,33,1,2.0,2.0,1.0,123.0,226812.0
6,1,39,1,2.0,3.0,1.0,83.0,129812.0
4,4,48,2,5.0,2.0,3.0,586.0,607682.0
1,7,46,4,1.0,2.0,2.0,205.0,434395.0
8,8,2,1,2.0,2.0,2.0,59.0,76818.0
1,7,19,2,6.0,2.0,3.0,746.0,973530.0
3,2,10,1,2.0,1.0,2.0,220.0,437800.0
7,6,30,1,4.0,2.0,2.0,163.0,266831.0
8,9,3,2,4.0,3.0,2.0,345.0,652395.0
1,7,35,1,3.0,3.0,1.0,138.0,302634.0
8,9,3,1,3.0,4.0,1.0,146.0,215204.0
5,3,16,2,3.0,5.0,2.0,670.0,905170.0
8,8,2,1,1.0,3.0,2.0,225.0,474075.0
7,6,18,5,3.0,5.0,4.0,502.0,662138.0
3,2,5,1,3.0,2.0,1.0,218.0,271628.0
8,10,32,2,3.0,6.0,3.0,588.0,775572.0
5,3,41,1,3.0,4.0,1.0,130.0,216580.0
6,1,33,1,3.0,1.0,1.0,210.0,259770.0
2,5,6,1,3.0,1.0,1.0,194.0,349200.0
2,5,17,2,3.0,6.0,4.0,564.0,1163532.0
8,10,49,1,4.0,3.0,1.0,65.0,135005.0
1,7,4,2,4.0,5.0,2.0,195.0,194025.0
5,3,41,1,2.0,1.0,1.0,128.0,160000.0
8,10,40,1,4.0,4.0,2.0,186.0,377394.0
4,4,47,1,4.0,2.0,1.0,92.0,181516.0
6,1,23,2,4.0,3.0,3.0,578.0,1290096.0
1,7,19,4,4.0,4.0,2.0,110.0,167750.0
5,3,41,1,2.0,1.0,1.0,211.0,397102.0
2,5,42,2,5.0,3.0,2.0,307.0,351822.0
1,7,4,2,3.0,4.0,2.0,537.0,990765.0
4,4,15,4,4.0,3.0,2.0,51.0,61302.0
1,7,4,1,4.0,4.0,2.0,129.0,256839.0
6,1,23,2,6.0,6.0,3.0,496.0,511872.0
4,4,7,1,3.0,4.0,1.0,115.0,204355.0
1,7,36,1,3.0,3.0,1.0,170.0,396950.0
1,7,34,1,3.0,4.0,1.0,168.0,336504.0
8,8,1,5,5.0,3.0,4.0,569.0,743114.0
2,5,8,2,5.0,6.0,3.0,188.0,354568.0
2,5,42,2,4.0,5.0,3.0,391.0,673693.0
7,6,28,4,3.0,3.0,2.0,206.0,608112.0
2,5,42,1,4.0,2.0,2.0,134.0,219224.0
7,6,28,1,3.0,1.0,2.0,206.0,430334.0
4,4,38,3,5.0,3.0,4.0,344.0,697976.0
7,6,52,2,5.0,5.0,3.0,197.0,379422.0
3,2,9,2,3.0,6.0,3.0,692.0,1833800.0
8,9,44,1,2.0,3.0,1.0,113.0,160686.0
8,8,1,4,4.0,2.0,1.0,226.0,328604.0
8,8,2,1,1.0,4.0,2.0,127.0,230124.0
8,10,49,1,4.0,3.0,2.0,170.0,232900.0
8,9,51,2,3.0,4.0,3.0,623.0,917679.0
4,4,47,2,4.0,6.0,2.0,208.0,236912.0
2,5,6,2,3.0,3.0,4.0,652.0,998864.0
4,4,15,1,4.0,2.0,2.0,199.0,356210.0
6,1,33,1,4.0,1.0,1.0,67.0,109478.0
2,5,12,2,5.0,4.0,3.0,577.0,751831.0
8,8,1,2,5.0,2.0,2.0,483.0,591675.0
8,10,32,2,4.0,2.0,2.0,379.0,562436.0
6,1,23,2,6.0,3.0,4.0,290.0,257520.0
7,6,28,1,4.0,4.0,1.0,58.0,156600.0
8,9,13,1,1.0,2.0,1.0,215.0,450855.0
6,1,23,2,5.0,3.0,2.0,489.0,623475.0
2,5,6,2,5.0,2.0,2.0,345.0,688275.0
5,3,16,1,3.0,2.0,2.0,242.0,432938.0
8,9,3,2,4.0,6.0,2.0,189.0,213381.0
1,7,4,1,1.0,2.0,1.0,52.0,81640.0
1,7,21,2,6.0,5.0,3.0,249.0,564483.0
8,8,31,3,4.0,4.0,2.0,444.0,1054056.0
8,9,44,1,3.0,3.0,1.0,241.0,293056.0
8,9,13,1,2.0,1.0,1.0,94.0,147768.0
5,3,41,1,4.0,2.0,1.0,57.0,87951.0
7,6,11,2,5.0,5.0,2.0,196.0,203056.0
6,1,39,2,4.0,3.0,3.0,233.0,376062.0
1,7,19,5,6.0,4.0,4.0,739.0,1327983.0
8,8,2,3,5.0,5.0,4.0,473.0,1020261.0
7,6,26,2,4.0,4.0,2.0,575.0,911950.0
3,2,9,1,4.0,2.0,2.0,211.0,458714.0
2,5,12,5,3.0,3.0,2.0,504.0,1046304.0
1,7,34,1,3.0,4.0,2.0,244.0,409188.0
7,6,11,3,4.0,3.0,4.0,316.0,765984.0
5,3,37,1,1.0,2.0,1.0,72.0,86112.0
8,8,29,1,1.0,2.0,2.0,226.0,440926.0
5,3,37,1,1.0,4.0,1.0,174.0,295104.0
1,7,21,1,3.0,1.0,2.0,227.0,414502.0
8,9,13,1,1.0,4.0,1.0,94.0,137146.0
8,9,44,3,5.0,4.0,2.0,332.0,876812.0
6,1,33,2,5.0,4.0,2.0,327.0,353487.0
4,4,7,1,3.0,3.0,2.0,99.0,148401.0
1,7,46,5,4.0,4.0,3.0,489.0,858684.0
1,7,22,1,4.0,3.0,1.0,119.0,244069.0
1,7,4,2,5.0,6.0,4.0,566.0,1069174.0
2,5,6,1,3.0,2.0,2.0,177.0,287979.0
5,3,41,3,4.0,4.0,4.0,327.0,597429.0
5,3,41,1,2.0,3.0,1.0,165.0,349635.0
6,1,23,1,2.0,3.0,1.0,54.0,105624.0
8,8,45,1,1.0,2.0,1.0,57.0,105735.0
5,3,41,3,3.0,5.0,3.0,279.0,459234.0
2,5,17,2,4.0,6.0,3.0,503.0,1112133.0
5,3,16,2,4.0,5.0,4.0,337.0,731964.0
4,4,7,5,5.0,3.0,2.0,621.0,1007262.0
8,8,14,1,1.0,3.0,1.0,99.0,150381.0
8,8,20,1,1.0,1.0,2.0,196.0,305564.0
8,9,51,5,3.0,3.0,2.0,276.0,332304.0
8,8,14,1,1.0,3.0,1.0,161.0,314594.0
3,2,5,4,3.0,1.0,1.0,245.0,324380.0
3,2,5,2,3.0,5.0,3.0,492.0,552516.0
1,7,36,1,2.0,4.0,2.0,213.0,687564.0
8,10,49,1,4.0,4.0,2.0,152.0,263872.0
8,8,29,1,2.0,2.0,2.0,218.0,320242.0
8,8,29,2,6.0,3.0,2.0,256.0,318720.0
8,9,51,1,1.0,1.0,2.0,91.0,147238.0
3,2,9,1,1.0,3.0,2.0,180.0,370620.0
8,8,45,5,6.0,3.0,3.0,464.0,940992.0
3,2,9,1,2.0,1.0,1.0,64.0,153600.0
4,4,48,1,2.0,1.0,1.0,51.0,92412.0
8,10,40,1,2.0,4.0,1.0,74.0,81918.0
2,5,53,2,4.0,4.0,2.0,722.0,960982.0
3,2,10,2,5.0,6.0,4.0,345.0,588225.0
5,3,37,1,1.0,1.0,2.0,151.0,299735.0
8,9,44,1,2.0,2.0,1.0,192.0,292416.0
3,2,10,5,4.0,3.0,3.0,597.0,608940.0
3,2,5,1,4.0,2.0,2.0,166.0,218124.0
8,10,32,1,1.0,1.0,1.0,98.0,138866.0
3,2,9,2,4.0,6.0,2.0,281.0,970293.0
3,2,10,1,2.0,3.0,1.0,168.0,206472.0
3,2,5,1,1.0,4.0,2.0,176.0,332464.0
8,8,31,2,5.0,6.0,2.0,186.0,399900.0
3,2,10,2,5.0,3.0,2.0,310.0,559860.0
5,3,16,4,1.0,4.0,1.0,140.0,274120.0
5,3,41,1,3.0,3.0,2.0,95.0,107730.0
8,9,44,1,4.0,4.0,1.0,206.0,375744.0
5,3,37,2,6.0,3.0,3.0,699.0,1442736.0
5,3,37,1,2.0,3.0,2.0,210.0,234780.0
6,1,39,2,4.0,6.0,4.0,203.0,357483.0
7,6,52,2,6.0,5.0,4.0,491.0,480198.0
6,1,39,1,4.0,1.0,1.0,191.0,388876.0
7,6,52,2,5.0,6.0,4.0,471.0,791280.0
7,6,18,4,2.0,3.0,1.0,155.0,317130.0
8,10,49,5,5.0,3.0,3.0,729.0,1415718.0
8,8,45,2,3.0,4.0,3.0,503.0,437610.0
5,3,37,1,4.0,1.0,2.0,93.0,124806.0
1,7,4,1,4.0,1.0,2.0,152.0,257336.0
3,2,10,3,3.0,5.0,2.0,358.0,928652.0
7,6,50,1,2.0,1.0,1.0,220.0,260480.0
2,5,17,1,2.0,4.0,2.0,240.0,316080.0
3,2,5,1,2.0,1.0,1.0,164.0,304712.0
1,7,36,2,3.0,4.0,4.0,579.0,2010288.0
4,4,47,1,3.0,2.0,1.0,141.0,266913.0
7,6,18,1,2.0,4.0,2.0,160.0,323040.0
5,3,37,1,4.0,1.0,1.0,185.0,382210.0
8,9,44,5,3.0,2.0,2.0,388.0,669300.0
2,5,53,2,4.0,4.0,3.0,490.0,669340.0
8,9,51,1,3.0,3.0,2.0,193.0,370560.0
2,5,8,1,1.0,4.0,1.0,251.0,528104.0
8,8,14,3,5.0,5.0,3.0,464.0,825920.0
2,5,17,1,2.0,2.0,1.0,205.0,228780.0
2,5,8,2,5.0,5.0,2.0,444.0,1287600.0
7,6,52,3,4.0,5.0,3.0,386.0,873132.0
5,3,37,1,3.0,2.0,1.0,260.0,409240.0
3,2,9,1,4.0,1.0,1.0,123.0,339726.0
2,5,8,2,3.0,2.0,4.0,435.0,1117080.0
8,9,3,3,3.0,5.0,3.0,341.0,958210.0
8,9,44,1,4.0,3.0,1.0,208.0,376272.0
3,2,5,1,3.0,3.0,1.0,96.0,165600.0
8,9,13,2,5.0,2.0,3.0,298.0,559644.0
2,5,17,1,1.0,4.0,1.0,64.0,114432.0
1,7,46,5,3.0,4.0,3.0,274.0,377846.0
6,1,23,1,4.0,2.0,2.0,213.0,327807.0
2,5,8,2,5.0,2.0,3.0,301.0,736547.0
5,3,16,1,4.0,2.0,2.0,124.0,187984.0
1,7,27,2,3.0,3.0,2.0,307.0,594045.0
8,10,32,2,3.0,3.0,2.0,713.0,1483040.0
8,9,44,3,5.0,4.0,4.0,493.0,915994.0
3,2,9,1,2.0,4.0,2.0,100.0,173400.0
7,6,26,2,3.0,4.0,2.0,305.0,537105.0
7,6,26,1,2.0,3.0,1.0,173.0,371604.0
1,7,35,1,1.0,3.0,2.0,225.0,724950.0
8,10,49,2,6.0,5.0,2.0,670.0,1176520.0
4,4,7,1,4.0,1.0,2.0,107.0,163603.0
4,4,7,1,3.0,4.0,2.0,117.0,210483.0
1,7,34,1,1.0,1.0,1.0,62.0,111352.0
6,1,33,1,2.0,3.0,1.0,74.0,94276.0
3,2,10,1,3.0,3.0,1.0,216.0,367848.0
4,4,15,1,3.0,4.0,2.0,162.0,234738.0
3,2,5,5,6.0,4.0,4.0,536.0,1025904.0
8,9,51,5,3.0,3.0,2.0,253.0,443509.0
5,3,16,1,1.0,2.0,2.0,185.0,274540.0
5,3,16,5,6.0,2.0,3.0,721.0,1054102.0
7,6,50,5,5.0,3.0,3.0,688.0,809776.0
3,2,5,4,1.0,1.0,1.0,235.0,363075.0
1,7,21,1,3.0,4.0,1.0,248.0,314216.0
5,3,37,1,4.0,1.0,2.0,136.0,152728.0
1,7,34,1,2.0,1.0,2.0,169.0,202124.0
2,5,42,2,6.0,5.0,4.0,392.0,510384.0
2,5,6,1,3.0,1.0,2.0,241.0,270884.0
2,5,8,2,6.0,2.0,4.0,304.0,517712.0
5,3,37,1,1.0,1.0,1.0,186.0,252402.0
5,3,16,1,3.0,3.0,1.0,112.0,220976.0
1,7,34,2,5.0,6.0,2.0,694.0,764094.0
1,7,22,1,2.0,3.0,1.0,232.0,474208.0
8,10,32,2,5.0,6.0,3.0,390.0,634140.0
4,4,7,3,3.0,3.0,4.0,398.0,1012114.0
5,3,16,1,2.0,3.0,1.0,254.0,310642.0
1,7,27,1,4.0,1.0,2.0,212.0,359764.0
6,1,39,2,5.0,5.0,3.0,425.0,869975.0
6,1,39,2,5.0,2.0,2.0,568.0,820192.0
8,10,32,4,1.0,2.0,1.0,170.0,356150.0
8,9,44,2,4.0,6.0,4.0,611.0,1332591.0
4,4,48,2,4.0,4.0,2.0,713.0,725834.0
4,4,15,2,6.0,2.0,2.0,287.0,610162.0
6,1,23,1,2.0,3.0,2.0,154.0,253022.0
1,7,27,4,1.0,2.0,1.0,84.0,176736.0
8,10,25,2,6.0,5.0,2.0,612.0,688500.0
3,2,9,2,5.0,4.0,3.0,298.0,892808.0
5,3,37,1,2.0,1.0,2.0,197.0,234627.0
4,4,48,1,1.0,2.0,1.0,179.0,298751.0
5,3,41,1,3.0,3.0,2.0,78.0,123630.0
2,5,12,1,4.0,2.0,2.0,81.0,164268.0
7,6,28,2,6.0,6.0,4.0,302.0,498904.0
4,4,15,1,1.0,2.0,2.0,103.0,219493.0
8,10,40,2,5.0,5.0,3.0,194.0,264616.0
8,8,20,1,1.0,1.0,2.0,99.0,212751.0
4,4,47,2,4.0,5.0,2.0,537.0,746967.0
8,9,51,3,3.0,5.0,2.0,339.0,567486.0
5,3,37,1,3.0,4.0,2.0,84.0,93576.0
7,6,30,2,3.0,5.0,4.0,458.0,482732.0
5,3,37,2,5.0,3.0,4.0,257.0,249547.0
5,3,16,1,3.0,1.0,1.0,86.0,143362.0
3,2,5,2,6.0,3.0,4.0,579.0,794967.0
5,3,16,2,4.0,4.0,2.0,687.0,1003707.0
8,9,3,2,5.0,3.0,2.0,609.0,641886.0
8,8,29,5,3.0,2.0,2.0,492.0,803436.0
3,2,5,2,6.0,3.0,2.0,666.0,582084.0
8,9,44,1,2.0,1.0,1.0,249.0,291579.0
1,7,34,1,2.0,4.0,2.0,234.0,322218.0
8,8,29,1,4.0,1.0,1.0,136.0,279072.0
6,1,39,1,1.0,1.0,2.0,112.0,154448.0
2,5,12,4,1.0,4.0,1.0,207.0,423315.0
8,8,20,1,1.0,4.0,1.0,91.0,117481.0
8,8,20,1,4.0,1.0,2.0,69.0,130962.0
6,1,33,2,3.0,4.0,3.0,466.0,784744.0
8,8,45,2,4.0,6.0,2.0,665.0,573230.0
6,1,23,1,4.0,1.0,1.0,107.0,183719.0
7,6,11,2,4.0,2.0,4.0,586.0,516266.0
8,9,13,2,5.0,2.0,2.0,197.0,402668.0
7,6,30,1,4.0,4.0,1.0,146.0,167316.0
8,10,40,1,3.0,3.0,1.0,107.0,146269.0
6,1,23,2,6.0,6.0,3.0,750.0,674250.0
8,9,13,3,5.0,4.0,4.0,496.0,1100128.0
5,3,37,2,6.0,6.0,3.0,472.0,987424.0
3,2,5,2,6.0,6.0,4.0,611.0,677599.0
8,10,32,1,1.0,1.0,2.0,129.0,262386.0
7,6,24,1,2.0,4.0,1.0,194.0,256856.0
5,3,37,1,2.0,1.0,2.0,126.0,149814.0
1,7,43,1,2.0,4.0,1.0,100.0,176700.0
8,10,49,1,4.0,3.0,2.0,60.0,127920.0
8,9,51,2,6.0,4.0,3.0,622.0,766926.0
8,9,51,2,4.0,3.0,4.0,683.0,1540165.0
8,9,51,1,3.0,1.0,1.0,244.0,377224.0
1,7,36,2,6.0,3.0,3.0,592.0,1630960.0
8,10,25,1,1.0,1.0,1.0,114.0,153102.0
4,4,47,2,3.0,5.0,4.0,335.0,445885.0
8,9,44,2,6.0,6.0,4.0,724.0,1471168.0
6,1,39,1,1.0,4.0,1.0,188.0,336332.0
7,6,18,3,5.0,4.0,3.0,352.0,807840.0
8,10,25,2,5.0,3.0,2.0,624.0,682032.0
8,8,31,5,6.0,2.0,2.0,715.0,732160.0
2,5,6,1,3.0,3.0,2.0,178.0,247242.0
5,3,16,2,3.0,3.0,4.0,446.0,986106.0
1,7,35,1,3.0,2.0,2.0,155.0,466240.0
1,7,19,1,3.0,3.0,2.0,153.0,303552.0
6,1,33,1,1.0,1.0,1.0,118.0,133576.0
8,9,51,1,2.0,2.0,1.0,181.0,364534.0
5,3,16,4,2.0,4.0,1.0,58.0,104922.0
3,2,9,1,3.0,2.0,2.0,108.0,306936.0
8,10,32,1,2.0,3.0,2.0,54.0,60318.0
7,6,18,2,3.0,6.0,2.0,744.0,1700784.0
2,5,6,1,4.0,1.0,1.0,251.0,444270.0
8,9,3,2,6.0,5.0,2.0,235.0,240640.0
8,9,3,1,4.0,1.0,1.0,72.0,105048.0
8,10,40,1,4.0,1.0,2.0,72.0,97632.0
1,7,22,3,5.0,4.0,2.0,474.0,1127646.0
4,4,15,2,5.0,4.0,3.0,227.0,334825.0
8,9,3,4,4.0,2.0,2.0,148.0,170348.0
8,8,29,2,4.0,2.0,3.0,691.0,1472521.0
8,10,49,1,2.0,3.0,1.0,139.0,272857.0
8,8,45,4,2.0,2.0,2.0,243.0,317601.0
8,9,44,1,2.0,4.0,2.0,50.0,107150.0
4,4,48,1,4.0,3.0,2.0,89.0,121574.0
7,6,18,4,4.0,4.0,2.0,180.0,297360.0
5,3,16,1,1.0,2.0,1.0,213.0,324825.0
2,5,6,2,3.0,6.0,3.0,692.0,1389536.0
6,1,23,4,2.0,2.0,2.0,119.0,181951.0
7,6,24,1,4.0,4.0,1.0,78.0,109824.0
8,8,14,1,4.0,3.0,2.0,91.0,166530.0
7,6,11,2,6.0,4.0,3.0,270.0,297810.0
8,8,31,1,4.0,2.0,1.0,185.0,259000.0
6,1,33,2,6.0,3.0,3.0,410.0,631400.0
5,3,16,1,2.0,1.0,2.0,200.0,391800.0
3,2,9,4,4.0,3.0,1.0,138.0,278208.0
8,8,1,2,4.0,4.0,3.0,380.0,833720.0
7,6,18,5,4.0,3.0,2.0,301.0,692300.0
4,4,47,1,4.0,1.0,1.0,177.0,246207.0
8,8,31,1,4.0,1.0,1.0,101.0,144834.0
1,7,21,2,6.0,6.0,4.0,230.0,233220.0
8,8,2,2,3.0,3.0,3.0,666.0,725274.0
8,10,25,1,4.0,1.0,2.0,245.0,477505.0
1,7,35,5,6.0,3.0,3.0,232.0,679064.0
7,6,18,1,3.0,4.0,2.0,143.0,160017.0
8,8,1,2,6.0,4.0,2.0,525.0,1015875.0
8,9,51,2,4.0,6.0,4.0,634.0,1217280.0
1,7,19,2,6.0,6.0,2.0,412.0,744896.0
8,8,45,2,3.0,6.0,4.0,704.0,758208.0
5,3,16,4,2.0,2.0,1.0,223.0,420578.0
7,6,52,1,1.0,2.0,2.0,136.0,212704.0
1,7,19,5,3.0,2.0,2.0,473.0,931810.0
1,7,46,1,3.0,4.0,1.0,53.0,76691.0
7,6,30,2,4.0,3.0,3.0,370.0,437340.0
8,8,45,1,4.0,4.0,2.0,166.0,270746.0
4,4,48,2,6.0,4.0,2.0,627.0,1328613.0
8,8,20,1,3.0,2.0,1.0,132.0,159984.0
8,8,2,1,3.0,2.0,2.0,68.0,75412.0
6,1,33,2,5.0,2.0,4.0,715.0,985270.0
8,9,13,5,3.0,6.0,4.0,407.0,827431.0
8,9,13,1,3.0,1.0,1.0,56.0,62720.0
7,6,18,1,1.0,1.0,2.0,108.0,129060.0
8,9,51,1,1.0,4.0,2.0,234.0,431964.0
3,2,5,1,4.0,2.0,1.0,220.0,390500.0
8,10,49,1,1.0,1.0,2.0,54.0,72468.0
7,6,52,1,2.0,4.0,2.0,81.0,142155.0
6,1,33,1,3.0,1.0,1.0,189.0,237384.0
6,1,23,1,1.0,2.0,1.0,201.0,374262.0
5,3,16,1,3.0,3.0,2.0,89.0,166430.0
1,7,34,1,2.0,4.0,1.0,89.0,151745.0
7,6,26,1,3.0,3.0,2.0,247.0,505609.0
6,1,33,2,3.0,5.0,2.0,207.0,371151.0
8,10,25,5,6.0,2.0,3.0,573.0,795897.0
6,1,39,4,2.0,4.0,1.0,105.0,136500.0
6,1,23,1,2.0,1.0,1.0,163.0,278241.0
8,8,2,1,3.0,4.0,1.0,148.0,177896.0
8,9,3,1,4.0,4.0,1.0,165.0,244200.0
3,2,10,5,3.0,5.0,3.0,618.0,842334.0
8,9,51,1,4.0,2.0,1.0,172.0,212936.0
8,10,49,2,6.0,5.0,3.0,321.0,508143.0
5,3,37,2,6.0,6.0,3.0,233.0,391906.0
1,7,22,1,4.0,2.0,1.0,64.0,114240.0
2,5,8,2,5.0,2.0,4.0,717.0,2318061.0
8,9,44,2,6.0,2.0,3.0,640.0,1105920.0
7,6,24,1,3.0,4.0,2.0,64.0,132480.0
3,2,10,5,6.0,4.0,3.0,440.0,517000.0
4,4,47,1,1.0,2.0,2.0,87.0,127890.0
6,1,33,5,4.0,5.0,4.0,391.0,476629.0
1,7,4,2,4.0,5.0,2.0,288.0,288864.0
6,1,23,1,4.0,4.0,1.0,175.0,230650.0
4,4,7,2,5.0,3.0,4.0,736.0,1185696.0
8,8,14,2,6.0,6.0,4.0,418.0,382888.0
2,5,8,3,4.0,5.0,2.0,326.0,1362680.0
8,9,3,2,4.0,5.0,4.0,742.0,651476.0
8,8,14,2,6.0,4.0,3.0,259.0,252266.0
4,4,38,2,3.0,5.0,3.0,199.0,257108.0
8,8,45,3,4.0,3.0,3.0,225.0,352575.0
7,6,28,2,6.0,5.0,2.0,439.0,967556.0
4,4,38,2,3.0,5.0,2.0,465.0,817470.0
4,4,7,3,3.0,5.0,2.0,508.0,795528.0
4,4,15,2,4.0,4.0,4.0,743.0,1125645.0
8,8,31,1,2.0,2.0,2.0,229.0,325867.0
6,1,33,1,1.0,2.0,1.0,260.0,492180.0
8,10,49,1,3.0,4.0,1.0,82.0,162442.0
4,4,48,1,3.0,2.0,2.0,92.0,158424.0
2,5,8,1,3.0,3.0,1.0,165.0,281490.0
3,2,10,1,1.0,4.0,2.0,143.0,278135.0
1,7,4,2,3.0,2.0,4.0,355.0,734140.0
1,7,4,2,3.0,4.0,3.0,423.0,896337.0
1,7,22,2,3.0,6.0,2.0,357.0,418047.0
2,5,8,2,4.0,2.0,2.0,430.0,1054360.0
8,8,1,2,5.0,4.0,3.0,240.0,259680.0
5,3,41,2,5.0,4.0,3.0,214.0,280768.0
4,4,38,1,3.0,2.0,1.0,243.0,389286.0
8,10,40,2,4.0,5.0,2.0,616.0,689920.0
1,7,46,2,4.0,2.0,2.0,455.0,638365.0
8,8,20,5,3.0,5.0,3.0,582.0,867762.0
5,3,41,1,1.0,1.0,1.0,112.0,236992.0
4,4,7,2,6.0,4.0,4.0,560.0,794640.0
8,9,51,3,4.0,3.0,4.0,357.0,1003884.0
8,8,29,2,6.0,4.0,4.0,280.0,574000.0
8,9,3,1,1.0,2.0,1.0,173.0,322126.0
8,10,32,2,6.0,4.0,3.0,506.0,586454.0
3,2,10,3,4.0,4.0,2.0,292.0,453184.0
5,3,16,2,4.0,2.0,2.0,342.0,752742.0
3,2,5,1,2.0,3.0,1.0,98.0,141120.0
8,8,1,1,2.0,3.0,2.0,52.0,91000.0
8,8,14,2,4.0,2.0,4.0,287.0,419881.0
8,10,25,1,4.0,4.0,2.0,213.0,295218.0
7,6,52,1,2.0,3.0,2.0,83.0,117362.0
8,8,29,1,3.0,3.0,1.0,201.0,295269.0
1,7,22,1,4.0,4.0,1.0,160.0,337440.0
4,4,38,2,4.0,3.0,2.0,620.0,976500.0
8,8,14,5,3.0,3.0,3.0,658.0,1290338.0
7,6,26,2,5.0,6.0,3.0,719.0,1391984.0
8,10,40,4,3.0,4.0,2.0,84.0,161952.0
8,9,51,1,3.0,1.0,2.0,82.0,118408.0
7,6,28,5,5.0,4.0,2.0,581.0,1076012.0
3,2,9,2,5.0,2.0,2.0,726.0,1377948.0
2,5,53,1,4.0,2.0,2.0,164.0,238128.0
3,2,5,2,5.0,3.0,4.0,193.0,199755.0
8,9,3,2,5.0,2.0,3.0,359.0,741694.0
1,7,36,1,4.0,4.0,1.0,227.0,706424.0
1,7,4,1,1.0,3.0,2.0,63.0,115857.0
4,4,7,2,6.0,4.0,4.0,220.0,195360.0
8,10,25,2,3.0,6.0,2.0,431.0,693479.0
8,10,40,2,5.0,5.0,2.0,268.0,552616.0
8,10,32,5,3.0,5.0,2.0,721.0,824824.0
6,1,23,1,3.0,4.0,2.0,152.0,201704.0
4,4,47,1,4.0,2.0,2.0,122.0,188734.0
3,2,10,3,3.0,3.0,4.0,386.0,759262.0
6,1,33,2,6.0,2.0,3.0,615.0,1352385.0
8,9,3,1,2.0,2.0,2.0,79.0,88875.0
5,3,16,2,3.0,5.0,3.0,320.0,402880.0
8,8,45,1,3.0,1.0,1.0,167.0,244655.0
6,1,23,1,4.0,3.0,2.0,157.0,182748.0
4,4,7,1,3.0,2.0,1.0,259.0,432012.0
4,4,47,1,3.0,1.0,2.0,55.0,70235.0
8,9,13,1,4.0,3.0,2.0,247.0,406809.0
8,8,2,1,2.0,3.0,2.0,159.0,283974.0
8,10,32,1,4.0,1.0,1.0,141.0,239700.0
3,2,5,1,4.0,2.0,2.0,193.0,228512.0
7,6,52,2,6.0,4.0,2.0,192.0,164352.0
5,3,16,2,5.0,4.0,3.0,454.0,547978.0
8,8,45,1,2.0,3.0,1.0,254.0,296164.0
5,3,37,1,1.0,3.0,2.0,62.0,106888.0
6,1,39,1,1.0,3.0,1.0,166.0,354244.0
3,2,5,2,6.0,2.0,3.0,564.0,574152.0
3,2,5,5,5.0,5.0,3.0,604.0,1091428.0
8,9,44,1,4.0,1.0,2.0,218.0,372344.0
8,8,29,1,1.0,1.0,1.0,165.0,342045.0
8,9,51,2,5.0,4.0,2.0,645.0,1406100.0
3,2,5,2,4.0,4.0,3.0,618.0,567324.0
2,5,6,2,4.0,5.0,3.0,615.0,1268130.0
3,2,9,2,6.0,5.0,4.0,630.0,2160900.0
8,10,25,5,6.0,2.0,4.0,318.0,389232.0
8,9,44,1,4.0,3.0,1.0,207.0,234531.0
3,2,5,1,4.0,3.0,1.0,178.0,315772.0
5,3,37,1,2.0,4.0,1.0,127.0,183642.0
3,2,10,1,4.0,4.0,1.0,239.0,416816.0
2,5,6,5,5.0,6.0,2.0,322.0,351302.0
6,1,33,2,6.0,2.0,4.0,591.0,1328568.0
6,1,33,1,2.0,2.0,1.0,245.0,304290.0
4,4,7,1,1.0,4.0,1.0,257.0,375991.0
3,2,10,2,4.0,5.0,2.0,337.0,575259.0
2,5,8,1,2.0,4.0,1.0,167.0,287741.0
3,2,5,5,5.0,6.0,3.0,355.0,596045.0
5,3,16,2,4.0,6.0,4.0,420.0,431760.0
8,10,49,1,1.0,1.0,2.0,141.0,275937.0
6,1,33,4,2.0,1.0,2.0,259.0,517741.0
8,10,25,1,2.0,3.0,1.0,193.0,414757.0
7,6,28,5,4.0,2.0,3.0,731.0,1220770.0
4,4,48,1,1.0,4.0,2.0,214.0,354170.0
8,10,25,1,1.0,1.0,2.0,216.0,349272.0
5,3,41,1,1.0,3.0,1.0,101.0,203919.0
1,7,35,1,2.0,4.0,2.0,60.0,187200.0
1,7,21,2,3.0,6.0,4.0,247.0,439660.0
8,9,44,2,4.0,6.0,3.0,743.0,896058.0
7,6,30,5,5.0,2.0,4.0,199.0,355613.0
8,9,13,4,2.0,4.0,2.0,72.0,90288.0
4,4,38,2,3.0,6.0,3.0,292.0,350692.0
6,1,23,1,1.0,1.0,1.0,54.0,85914.0
5,3,37,1,2.0,4.0,1.0,222.0,364302.0
7,6,30,2,6.0,3.0,4.0,439.0,673426.0
3,2,10,5,6.0,2.0,2.0,362.0,315664.0
7,6,11,2,5.0,3.0,3.0,199.0,407751.0
8,8,20,4,4.0,3.0,1.0,52.0,76648.0
3,2,5,1,4.0,1.0,1.0,206.0,385426.0
6,1,33,2,5.0,3.0,3.0,505.0,566610.0
7,6,24,1,2.0,4.0,2.0,178.0,224636.0
3,2,5,1,3.0,1.0,1.0,152.0,251864.0
3,2,10,2,5.0,6.0,3.0,690.0,937710.0
3,2,5,2,6.0,5.0,2.0,382.0,424020.0
8,10,32,2,6.0,5.0,4.0,721.0,1214885.0
7,6,18,2,5.0,6.0,3.0,358.0,403108.0
1,7,22,2,6.0,3.0,2.0,600.0,1202400.0
5,3,37,2,6.0,5.0,2.0,644.0,1297660.0
5,3,16,2,5.0,5.0,4.0,338.0,694252.0
5,3,41,1,2.0,3.0,2.0,152.0,311600.0
6,1,23,1,3.0,4.0,1.0,127.0,171196.0
8,10,49,1,1.0,3.0,1.0,74.0,130980.0
8,10,40,4,1.0,2.0,1.0,153.0,171360.0
1,7,36,5,5.0,4.0,2.0,657.0,1696374.0
8,9,51,4,3.0,2.0,1.0,122.0,151768.0
8,10,49,2,4.0,6.0,4.0,687.0,1035996.0
8,9,44,2,6.0,4.0,4.0,572.0,833976.0
8,9,3,2,3.0,4.0,4.0,334.0,321642.0
3,2,9,2,4.0,2.0,4.0,676.0,1804920.0
4,4,38,3,3.0,5.0,3.0,506.0,1401620.0
4,4,7,3,5.0,5.0,2.0,409.0,950107.0
3,2,9,5,3.0,5.0,4.0,553.0,1159641.0
1,7,19,1,4.0,1.0,2.0,196.0,349272.0
6,1,33,1,3.0,1.0,2.0,113.0,195377.0
6,1,23,2,4.0,4.0,2.0,254.0,557276.0
8,10,32,1,3.0,4.0,1.0,53.0,63918.0
6,1,23,1,2.0,1.0,2.0,139.0,170553.0
8,10,32,2,4.0,2.0,2.0,521.0,1106083.0
5,3,41,1,2.0,4.0,1.0,103.0,210223.0
1,7,21,2,4.0,4.0,3.0,461.0,815048.0
7,6,24,1,4.0,4.0,1.0,163.0,318013.0
8,9,3,1,1.0,1.0,2.0,155.0,272490.0
8,8,2,1,1.0,4.0,1.0,226.0,413806.0
8,8,45,1,2.0,3.0,1.0,118.0,214760.0
4,4,7,4,1.0,1.0,2.0,180.0,198360.0
2,5,42,1,1.0,1.0,2.0,165.0,269445.0
7,6,26,1,2.0,1.0,2.0,62.0,130634.0
6,1,33,2,3.0,6.0,2.0,192.0,285504.0
2,5,42,2,5.0,2.0,2.0,739.0,854284.0
8,9,51,5,3.0,3.0,4.0,571.0,945576.0
8,9,51,2,5.0,6.0,4.0,588.0,1323588.0
7,6,24,1,1.0,2.0,2.0,132.0,187704.0
5,3,41,1,4.0,3.0,2.0,231.0,351813.0
8,10,40,1,4.0,2.0,1.0,64.0,95232.0
5,3,16,2,3.0,6.0,4.0,234.0,405756.0
6,1,33,1,4.0,1.0,1.0,60.0,80400.0
5,3,41,1,3.0,2.0,1.0,73.0,110084.0
8,9,44,1,1.0,3.0,2.0,191.0,342463.0
3,2,9,1,4.0,2.0,1.0,218.0,454094.0
8,8,29,1,1.0,3.0,2.0,254.0,361950.0
8,9,51,1,4.0,1.0,2.0,172.0,285176.0
2,5,53,2,6.0,2.0,4.0,320.0,691520.0
8,10,25,1,1.0,3.0,2.0,240.0,300000.0
5,3,41,1,2.0,3.0,2.0,252.0,527940.0
4,4,48,2,6.0,3.0,2.0,514.0,1176546.0
5,3,16,3,4.0,3.0,2.0,290.0,663230.0
8,8,31,1,1.0,2.0,2.0,174.0,351132.0
1,7,21,3,5.0,4.0,2.0,389.0,624734.0
4,4,7,2,6.0,3.0,3.0,188.0,302492.0
1,7,4,1,1.0,4.0,2.0,52.0,70044.0
1,7,21,1,1.0,2.0,1.0,256.0,405760.0
1,7,4,1,1.0,3.0,2.0,90.0,135810.0
6,1,23,1,3.0,2.0,1.0,197.0,291954.0
4,4,47,2,6.0,2.0,2.0,654.0,1022856.0
6,1,23,1,3.0,3.0,1.0,61.0,106933.0
7,6,30,1,3.0,2.0,1.0,81.0,91773.0
3,2,9,1,4.0,3.0,2.0,185.0,439190.0
7,6,30,1,4.0,4.0,1.0,92.0,171028.0
8,9,51,1,4.0,1.0,2.0,229.0,442886.0
4,4,47,2,6.0,2.0,3.0,322.0,477848.0
3,2,5,2,3.0,4.0,3.0,337.0,577281.0
4,4,47,2,5.0,2.0,3.0,696.0,1111512.0
1,7,35,1,2.0,1.0,1.0,162.0,394470.0
8,8,45,1,1.0,3.0,2.0,63.0,114030.0
3,2,5,1,3.0,2.0,1.0,115.0,197570.0
8,8,20,2,5.0,4.0,3.0,451.0,435215.0
4,4,15,1,3.0,2.0,1.0,224.0,393120.0
6,1,39,2,6.0,2.0,4.0,261.0,565326.0
3,2,10,1,4.0,4.0,2.0,233.0,449224.0
5,3,37,1,4.0,1.0,1.0,99.0,174240.0
5,3,16,2,6.0,5.0,4.0,187.0,302192.0
6,1,33,1,2.0,4.0,2.0,255.0,326655.0
3,2,5,2,3.0,2.0,4.0,370.0,438450.0
1,7,34,1,4.0,2.0,1.0,98.0,136612.0
5,3,41,1,2.0,2.0,2.0,124.0,202120.0
1,7,4,5,4.0,4.0,2.0,347.0,575326.0
6,1,23,1,1.0,3.0,1.0,162.0,335178.0
5,3,41,2,5.0,3.0,2.0,319.0,426822.0
8,9,51,1,3.0,1.0,1.0,158.0,234788.0
8,10,40,1,3.0,2.0,1.0,126.0,266238.0
8,8,29,1,2.0,1.0,2.0,134.0,235438.0
8,8,14,5,5.0,3.0,3.0,238.0,417928.0
2,5,17,1,1.0,2.0,1.0,81.0,93960.0
1,7,43,1,2.0,2.0,1.0,97.0,192545.0
8,9,3,1,4.0,4.0,1.0,102.0,127908.0
4,4,38,1,1.0,4.0,2.0,126.0,261954.0
1,7,19,2,5.0,2.0,2.0,567.0,521640.0
2,5,12,1,3.0,2.0,2.0,71.0,83496.0
4,4,48,1,3.0,2.0,2.0,166.0,325360.0
8,9,13,1,1.0,4.0,1.0,53.0,62593.0
8,10,32,2,5.0,5.0,3.0,601.0,597995.0
7,6,52,2,6.0,6.0,2.0,286.0,549120.0
8,10,32,1,3.0,1.0,2.0,203.0,433608.0
4,4,47,1,3.0,3.0,1.0,122.0,186050.0
8,9,44,1,4.0,3.0,1.0,82.0,112258.0
8,10,49,5,3.0,3.0,2.0,340.0,670480.0
5,3,41,3,5.0,5.0,2.0,273.0,593502.0
5,3,16,1,3.0,2.0,2.0,54.0,59832.0
8,8,20,1,4.0,2.0,1.0,99.0,170478.0
6,1,23,2,4.0,4.0,3.0,652.0,1227064.0
6,1,33,5,4.0,3.0,2.0,641.0,1234566.0
3,2,10,1,3.0,3.0,1.0,149.0,178949.0
4,4,47,4,2.0,3.0,2.0,152.0,262352.0
6,1,39,4,3.0,4.0,1.0,242.0,426888.0
3,2,5,1,3.0,4.0,1.0,223.0,355462.0
1,7,34,5,6.0,3.0,2.0,584.0,638896.0
1,7,46,2,4.0,5.0,2.0,573.0,956910.0
8,9,51,2,5.0,4.0,3.0,640.0,1440640.0
3,2,5,4,3.0,4.0,2.0,132.0,233772.0
2,5,17,1,2.0,3.0,2.0,160.0,265920.0
1,7,36,2,6.0,4.0,4.0,604.0,1813208.0
8,9,13,1,3.0,1.0,2.0,147.0,267834.0
7,6,50,2,4.0,4.0,3.0,446.0,441540.0
3,2,10,1,3.0,1.0,1.0,255.0,385815.0
8,10,32,3,4.0,3.0,4.0,339.0,729189.0
6,1,33,1,4.0,1.0,1.0,154.0,230538.0
1,7,34,2,5.0,3.0,2.0,704.0,1524864.0
4,4,47,2,5.0,2.0,4.0,727.0,950189.0
1,7,34,1,3.0,1.0,1.0,118.0,132632.0
5,3,16,1,4.0,4.0,2.0,84.0,139272.0
2,5,8,1,1.0,2.0,2.0,149.0,381738.0
3,2,9,2,3.0,5.0,2.0,542.0,1363130.0
6,1,23,4,1.0,3.0,2.0,213.0,331428.0
5,3,16,1,3.0,1.0,1.0,218.0,432730.0
1,7,4,1,3.0,3.0,1.0,216.0,257040.0
8,10,25,1,2.0,3.0,2.0,206.0,233810.0
6,1,33,5,4.0,2.0,2.0,278.0,557112.0
6,1,39,1,3.0,4.0,2.0,142.0,262416.0
8,8,31,1,4.0,3.0,1.0,101.0,111807.0
3,2,10,1,2.0,3.0,2.0,228.0,379848.0
8,8,29,1,2.0,2.0,1.0,159.0,184917.0
2,5,53,1,3.0,2.0,2.0,157.0,327188.0
7,6,28,2,6.0,3.0,4.0,182.0,461370.0
4,4,7,5,4.0,2.0,3.0,274.0,529916.0
8,8,45,1,2.0,3.0,1.0,147.0,270480.0
2,5,12,1,1.0,4.0,1.0,110.0,151030.0
6,1,39,2,6.0,2.0,3.0,694.0,1412984.0
1,7,4,5,4.0,5.0,4.0,237.0,218751.0
4,4,15,5,6.0,2.0,4.0,745.0,1060880.0
6,1,23,1,3.0,1.0,2.0,157.0,332212.0
2,5,42,2,3.0,6.0,4.0,220.0,390720.0
8,10,32,1,3.0,1.0,2.0,176.0,214368.0
3,2,10,1,4.0,2.0,2.0,190.0,290700.0
3,2,5,1,4.0,4.0,1.0,184.0,210864.0
8,9,51,1,4.0,1.0,1.0,110.0,210870.0
8,8,20,2,3.0,4.0,4.0,270.0,531900.0
3,2,9,2,6.0,2.0,4.0,317.0,444117.0
6,1,33,3,4.0,5.0,4.0,238.0,414596.0
1,7,19,1,2.0,4.0,1.0,200.0,278800.0
4,4,38,1,2.0,2.0,2.0,230.0,493810.0
4,4,15,1,4.0,1.0,1.0,232.0,405304.0
1,7,43,1,4.0,4.0,1.0,98.0,175616.0
2,5,53,1,4.0,4.0,1.0,239.0,312373.0
8,9,3,2,5.0,4.0,4.0,223.0,500635.0
2,5,17,1,1.0,3.0,1.0,214.0,276274.0
3,2,5,1,2.0,3.0,2.0,117.0,139347.0
7,6,50,4,2.0,1.0,1.0,129.0,158670.0
7,6,52,4,1.0,2.0,1.0,215.0,378400.0
1,7,21,1,4.0,1.0,2.0,210.0,400050.0
3,2,10,2,3.0,6.0,4.0,628.0,1112816.0
5,3,16,1,2.0,2.0,2.0,255.0,419730.0
2,5,17,1,3.0,4.0,2.0,197.0,334900.0
1,7,21,5,6.0,5.0,3.0,202.0,198970.0
4,4,7,3,5.0,4.0,3.0,331.0,834451.0
3,2,10,2,3.0,4.0,4.0,690.0,1103310.0
6,1,39,3,5.0,5.0,4.0,295.0,842520.0
6,1,33,2,6.0,6.0,4.0,393.0,364311.0
8,9,51,1,3.0,3.0,1.0,260.0,406640.0
8,10,40,1,4.0,3.0,1.0,190.0,343900.0
7,6,28,1,4.0,1.0,2.0,103.0,273568.0
7,6,26,5,5.0,5.0,2.0,305.0,474885.0
5,3,16,1,1.0,4.0,2.0,239.0,319065.0
4,4,47,1,3.0,1.0,1.0,92.0,115644.0
3,2,10,2,3.0,4.0,2.0,413.0,604632.0
7,6,52,1,1.0,3.0,1.0,227.0,476019.0
6,1,23,2,4.0,6.0,4.0,308.0,599676.0
4,4,15,1,2.0,2.0,1.0,257.0,362370.0
4,4,15,4,1.0,4.0,1.0,79.0,117394.0
4,4,48,1,1.0,4.0,2.0,155.0,308605.0
8,8,1,2,5.0,5.0,2.0,464.0,559584.0
1,7,4,1,2.0,2.0,1.0,118.0,139358.0
8,8,20,1,4.0,2.0,2.0,174.0,318942.0
5,3,41,2,6.0,5.0,4.0,253.0,384560.0
8,9,13,2,6.0,2.0,3.0,480.0,434400.0
5,3,37,2,5.0,2.0,3.0,491.0,814569.0
2,5,17,5,4.0,5.0,2.0,292.0,576700.0
4,4,7,1,2.0,4.0,1.0,67.0,122610.0
4,4,38,1,3.0,2.0,1.0,174.0,347652.0
4,4,15,5,5.0,6.0,2.0,206.0,266358.0
3,2,5,2,4.0,4.0,3.0,245.0,312620.0
7,6,30,3,4.0,5.0,3.0,466.0,833208.0
8,9,3,1,3.0,4.0,1.0,109.0,134615.0
7,6,50,2,3.0,4.0,4.0,673.0,974504.0
5,3,37,2,3.0,2.0,3.0,648.0,1248696.0
3,2,5,1,3.0,2.0,1.0,84.0,93744.0
7,6,24,1,3.0,2.0,2.0,176.0,350416.0
4,4,47,1,1.0,3.0,1.0,65.0,84760.0
3,2,5,4,1.0,3.0,1.0,199.0,253128.0
2,5,6,3,4.0,3.0,3.0,466.0,1209270.0
4,4,7,1,1.0,4.0,1.0,190.0,386460.0
8,8,1,1,4.0,3.0,2.0,127.0,173101.0
2,5,17,5,6.0,6.0,4.0,182.0,207844.0
4,4,38,1,2.0,1.0,2.0,117.0,171639.0
8,10,25,1,1.0,2.0,1.0,63.0,93114.0
3,2,5,5,5.0,2.0,4.0,514.0,581848.0
8,9,13,1,1.0,3.0,1.0,56.0,107856.0
4,4,48,2,5.0,2.0,3.0,507.0,1041885.0
5,3,37,2,6.0,5.0,2.0,390.0,746070.0
8,9,3,2,4.0,4.0,2.0,212.0,318848.0
8,10,40,2,4.0,2.0,3.0,566.0,642976.0
1,7,35,4,1.0,1.0,1.0,244.0,576572.0
7,6,30,2,3.0,3.0,2.0,358.0,570652.0
8,9,44,4,1.0,2.0,1.0,112.0,181440.0
2,5,17,1,3.0,2.0,1.0,127.0,187960.0
3,2,5,2,5.0,6.0,3.0,618.0,531480.0
8,9,13,1,4.0,4.0,1.0,118.0,171808.0
1,7,34,4,2.0,4.0,2.0,212.0,438628.0
8,10,49,1,3.0,2.0,2.0,109.0,199361.0
4,4,47,1,2.0,4.0,2.0,144.0,256320.0
5,3,37,2,6.0,3.0,3.0,432.0,932688.0
3,2,9,1,4.0,4.0,2.0,76.0,193724.0
6,1,23,2,6.0,6.0,4.0,559.0,657384.0
7,6,52,1,3.0,4.0,2.0,234.0,409500.0
8,10,49,2,6.0,3.0,4.0,744.0,1148736.0
8,10,40,2,6.0,5.0,4.0,334.0,487306.0
8,8,14,1,2.0,4.0,2.0,100.0,155900.0
2,5,42,2,5.0,5.0,4.0,516.0,966984.0
4,4,7,1,1.0,4.0,1.0,150.0,210150.0
7,6,52,1,2.0,1.0,2.0,74.0,135050.0
8,10,25,2,4.0,5.0,2.0,209.0,282359.0
1,7,19,5,6.0,3.0,3.0,240.0,435600.0
8,9,51,3,4.0,5.0,4.0,436.0,1084332.0
3,2,10,2,4.0,5.0,4.0,461.0,933525.0
8,10,25,2,3.0,4.0,3.0,381.0,785622.0
7,6,52,1,3.0,3.0,1.0,241.0,346076.0
4,4,15,1,4.0,2.0,1.0,203.0,268366.0
6,1,33,1,3.0,1.0,1.0,151.0,247187.0
3,2,10,2,3.0,3.0,4.0,603.0,1379664.0
4,4,15,1,1.0,4.0,2.0,222.0,255744.0
4,4,38,2,5.0,3.0,4.0,293.0,268681.0
8,8,45,2,5.0,6.0,2.0,296.0,494616.0
8,10,49,1,1.0,1.0,1.0,107.0,168418.0
7,6,30,2,6.0,5.0,4.0,390.0,879060.0
7,6,18,2,5.0,2.0,4.0,243.0,241785.0
4,4,48,1,1.0,1.0,2.0,189.0,243054.0
8,8,45,2,5.0,6.0,4.0,265.0,238765.0
1,7,22,1,2.0,1.0,1.0,185.0,361490.0
4,4,47,1,1.0,1.0,1.0,113.0,191761.0
8,9,51,4,2.0,3.0,2.0,127.0,207518.0
8,9,51,2,4.0,2.0,3.0,242.0,550308.0
6,1,39,4,1.0,4.0,1.0,102.0,191964.0
1,7,35,1,4.0,1.0,1.0,252.0,825552.0
8,8,20,5,3.0,6.0,4.0,496.0,437968.0
8,9,13,3,5.0,3.0,2.0,486.0,1281582.0
8,8,14,2,4.0,6.0,3.0,486.0,728514.0
8,9,44,3,3.0,5.0,2.0,443.0,1096425.0
3,2,5,1,3.0,4.0,1.0,204.0,254184.0
8,10,25,2,6.0,4.0,4.0,293.0,643428.0
4,4,47,1,3.0,2.0,1.0,214.0,301740.0
8,8,14,2,3.0,2.0,4.0,423.0,430614.0
2,5,8,1,4.0,4.0,1.0,149.0,285335.0
4,4,38,2,5.0,4.0,2.0,510.0,616590.0
6,1,39,1,1.0,1.0,1.0,212.0,390928.0
7,6,52,1,1.0,4.0,2.0,183.0,335805.0
4,4,48,1,2.0,1.0,1.0,144.0,189648.0
5,3,41,1,3.0,4.0,2.0,139.0,267297.0
8,10,49,1,3.0,2.0,1.0,164.0,209264.0
6,1,33,1,2.0,3.0,2.0,143.0,164879.0
7,6,26,5,6.0,2.0,4.0,223.0,227237.0
7,6,30,2,4.0,2.0,3.0,701.0,1526077.0
4,4,7,2,6.0,2.0,2.0,183.0,394548.0
4,4,48,1,1.0,3.0,1.0,174.0,239598.0
3,2,9,2,6.0,3.0,2.0,693.0,1156617.0
8,8,14,5,4.0,3.0,2.0,326.0,645480.0
8,9,3,2,4.0,4.0,2.0,728.0,1032304.0
6,1,23,5,4.0,4.0,4.0,484.0,442860.0
1,7,22,2,5.0,5.0,4.0,298.0,392466.0
2,5,6,1,2.0,3.0,1.0,248.0,432264.0
8,10,49,4,4.0,2.0,1.0,246.0,336528.0
1,7,43,2,5.0,5.0,4.0,221.0,458796.0
6,1,39,2,4.0,6.0,2.0,254.0,228092.0
7,6,18,1,3.0,2.0,2.0,69.0,122889.0
8,9,51,3,4.0,4.0,3.0,504.0,1178856.0
6,1,23,1,2.0,1.0,1.0,71.0,152224.0
3,2,10,2,6.0,3.0,3.0,689.0,1374555.0
1,7,21,1,1.0,2.0,1.0,106.0,213060.0
7,6,28,5,6.0,6.0,4.0,194.0,451826.0
2,5,12,1,3.0,4.0,2.0,201.0,346926.0
1,7,46,1,2.0,1.0,2.0,204.0,403920.0
5,3,41,2,5.0,4.0,2.0,712.0,1490928.0
3,2,5,2,3.0,2.0,3.0,519.0,887490.0
6,1,33,2,5.0,4.0,3.0,224.0,228256.0
4,4,15,2,6.0,2.0,2.0,608.0,1343072.0
3,2,9,2,3.0,3.0,3.0,405.0,1349460.0
1,7,46,2,6.0,5.0,4.0,344.0,743384.0
5,3,16,2,5.0,5.0,3.0,364.0,550004.0
1,7,46,2,4.0,3.0,4.0,324.0,441612.0
8,9,3,1,1.0,1.0,2.0,70.0,142100.0
8,9,13,2,5.0,4.0,2.0,587.0,1220373.0
8,8,14,1,3.0,4.0,2.0,199.0,230442.0
4,4,7,5,6.0,2.0,2.0,464.0,550304.0
2,5,17,2,4.0,3.0,4.0,327.0,693240.0
2,5,53,1,3.0,2.0,1.0,71.0,124889.0
3,2,9,1,2.0,1.0,2.0,55.0,118140.0
5,3,16,1,1.0,4.0,1.0,75.0,157050.0
7,6,11,1,2.0,1.0,2.0,72.0,139248.0
6,1,39,3,3.0,3.0,3.0,343.0,929187.0
8,9,44,1,2.0,4.0,1.0,151.0,234503.0
8,9,13,1,2.0,1.0,1.0,200.0,284200.0
3,2,9,1,3.0,1.0,1.0,88.0,162536.0
4,4,47,1,1.0,1.0,1.0,214.0,341972.0
8,10,49,1,4.0,4.0,1.0,204.0,250104.0
1,7,36,1,2.0,3.0,2.0,75.0,217500.0
8,9,3,5,6.0,4.0,4.0,684.0,671004.0
3,2,10,1,3.0,1.0,2.0,198.0,275616.0
8,10,25,2,5.0,3.0,2.0,419.0,426961.0
4,4,48,1,1.0,3.0,2.0,146.0,247178.0
6,1,39,2,4.0,5.0,2.0,301.0,634809.0
7,6,50,2,3.0,2.0,4.0,642.0,1201182.0
4,4,48,1,3.0,1.0,2.0,95.0,196080.0
4,4,47,2,4.0,6.0,2.0,508.0,927608.0
3,2,9,1,1.0,1.0,1.0,83.0,206172.0
8,8,31,2,6.0,6.0,4.0,632.0,568168.0
4,4,48,1,2.0,3.0,1.0,84.0,118356.0
8,10,32,2,5.0,6.0,2.0,253.0,286396.0
4,4,38,1,3.0,4.0,1.0,177.0,224967.0
8,8,14,5,5.0,3.0,2.0,221.0,200889.0
8,10,32,5,4.0,6.0,4.0,332.0,447536.0
8,8,20,2,6.0,4.0,4.0,694.0,1129832.0
4,4,38,2,6.0,6.0,4.0,444.0,471084.0
6,1,39,1,4.0,4.0,2.0,195.0,242970.0
2,5,8,3,3.0,3.0,2.0,270.0,862920.0
1,7,43,5,4.0,5.0,3.0,479.0,587254.0
4,4,48,5,4.0,4.0,2.0,327.0,604623.0
8,9,13,1,3.0,2.0,1.0,175.0,323400.0
4,4,15,3,4.0,5.0,3.0,430.0,873760.0
3,2,5,1,4.0,2.0,1.0,121.0,204369.0
2,5,6,2,6.0,3.0,3.0,185.0,313760.0
5,3,37,4,4.0,3.0,2.0,186.0,331638.0
8,8,20,5,3.0,5.0,2.0,638.0,1087790.0
6,1,33,1,2.0,3.0,1.0,207.0,414414.0
5,3,37,2,5.0,3.0,2.0,314.0,636792.0
8,8,14,1,3.0,1.0,1.0,87.0,130587.0
7,6,52,1,1.0,3.0,2.0,176.0,360624.0
8,9,13,2,5.0,2.0,3.0,204.0,258264.0
8,10,40,2,6.0,6.0,4.0,327.0,440469.0
8,10,32,1,2.0,1.0,2.0,131.0,161261.0
4,4,48,1,4.0,1.0,2.0,100.0,193300.0
8,10,40,5,6.0,3.0,2.0,295.0,291165.0
8,9,3,2,3.0,6.0,3.0,695.0,972305.0
8,9,44,5,4.0,3.0,2.0,613.0,1087462.0
5,3,16,2,4.0,6.0,4.0,595.0,1113245.0
8,8,31,2,3.0,4.0,4.0,439.0,918388.0
7,6,26,5,4.0,2.0,4.0,559.0,954772.0
7,6,24,2,4.0,3.0,3.0,558.0,580878.0
5,3,37,1,1.0,1.0,1.0,134.0,227398.0
4,4,47,1,1.0,1.0,1.0,184.0,394312.0
5,3,41,1,1.0,3.0,2.0,213.0,263907.0
1,7,22,2,4.0,2.0,3.0,595.0,974610.0
3,2,5,2,4.0,4.0,2.0,714.0,1534386.0
8,8,14,1,2.0,4.0,2.0,167.0,292918.0
2,5,12,2,3.0,6.0,4.0,192.0,203712.0
4,4,38,3,4.0,4.0,3.0,276.0,689172.0
6,1,39,2,3.0,6.0,2.0,338.0,607386.0
8,8,45,5,4.0,5.0,4.0,285.0,496470.0
8,8,1,1,4.0,4.0,2.0,78.0,99372.0
5,3,41,1,4.0,4.0,2.0,198.0,299574.0
8,10,40,1,4.0,1.0,2.0,57.0,101517.0
3,2,9,1,3.0,3.0,1.0,200.0,561600.0
4,4,15,1,2.0,3.0,1.0,143.0,227370.0
8,10,40,2,6.0,5.0,4.0,325.0,338975.0
6,1,39,1,1.0,1.0,2.0,188.0,309824.0
4,4,48,1,2.0,1.0,1.0,51.0,71910.0
3,2,5,2,6.0,3.0,3.0,573.0,991290.0
5,3,41,5,4.0,4.0,3.0,251.0,541156.0
2,5,53,1,2.0,3.0,1.0,182.0,338338.0
7,6,26,2,4.0,2.0,4.0,658.0,815920.0
1,7,46,3,4.0,3.0,4.0,224.0,628992.0
6,1,33,1,2.0,4.0,2.0,170.0,345610.0
8,8,1,5,5.0,3.0,3.0,311.0,705659.0
6,1,39,1,4.0,2.0,1.0,249.0,305025.0
1,7,19,3,3.0,3.0,2.0,292.0,604440.0
8,9,3,2,5.0,5.0,2.0,233.0,364412.0
6,1,39,1,4.0,1.0,2.0,80.0,165760.0
8,8,45,1,4.0,3.0,2.0,153.0,310896.0
4,4,15,2,6.0,6.0,2.0,379.0,545002.0
7,6,24,2,5.0,3.0,2.0,468.0,530244.0
4,4,15,2,6.0,6.0,2.0,366.0,406260.0
8,8,29,2,5.0,3.0,4.0,193.0,345277.0
1,7,27,1,4.0,2.0,2.0,62.0,82646.0
2,5,17,1,1.0,1.0,2.0,59.0,76464.0
1,7,35,1,2.0,4.0,1.0,57.0,188328.0
1,7,4,1,2.0,3.0,2.0,136.0,276488.0
3,2,9,2,5.0,6.0,4.0,391.0,959123.0
6,1,33,1,1.0,3.0,2.0,170.0,218620.0
7,6,26,2,6.0,5.0,3.0,425.0,496825.0
1,7,21,2,6.0,3.0,4.0,597.0,1024452.0
2,5,8,1,2.0,3.0,2.0,187.0,516494.0
7,6,11,4,4.0,2.0,2.0,50.0,59000.0
1,7,4,2,6.0,2.0,2.0,491.0,1087565.0
4,4,47,1,1.0,3.0,2.0,103.0,143479.0
6,1,33,1,2.0,1.0,1.0,110.0,193050.0
4,4,7,1,2.0,1.0,1.0,64.0,77824.0
1,7,34,2,4.0,2.0,4.0,634.0,1215378.0
8,8,31,2,5.0,6.0,2.0,357.0,688296.0
8,10,49,1,3.0,1.0,2.0,189.0,277452.0
5,3,41,2,4.0,2.0,3.0,405.0,869535.0
6,1,23,1,2.0,4.0,2.0,93.0,106950.0
3,2,9,2,4.0,5.0,4.0,248.0,601152.0
5,3,16,1,3.0,4.0,1.0,138.0,214038.0
8,8,2,5,3.0,2.0,3.0,741.0,951444.0
7,6,11,2,3.0,4.0,2.0,612.0,1279692.0
8,10,32,4,3.0,1.0,1.0,153.0,320382.0
4,4,48,1,1.0,4.0,2.0,151.0,204756.0
3,2,10,5,4.0,5.0,2.0,622.0,1222230.0
3,2,10,1,1.0,1.0,2.0,248.0,354640.0
6,1,23,2,4.0,3.0,3.0,622.0,1082280.0
6,1,39,5,3.0,6.0,4.0,379.0,669314.0
4,4,47,3,4.0,3.0,2.0,501.0,1408812.0
5,3,41,5,3.0,5.0,3.0,427.0,640927.0
5,3,41,2,5.0,4.0,4.0,668.0,1224444.0
6,1,33,1,4.0,4.0,2.0,56.0,83104.0
3,2,5,4,1.0,3.0,1.0,68.0,115260.0
8,8,2,1,4.0,3.0,2.0,191.0,283635.0
5,3,37,4,2.0,3.0,2.0,139.0,179310.0
3,2,10,1,1.0,3.0,2.0,60.0,72840.0
2,5,6,2,4.0,4.0,3.0,365.0,700800.0
6,1,39,5,6.0,4.0,4.0,654.0,621954.0
8,10,25,1,2.0,1.0,1.0,76.0,106932.0
2,5,53,2,6.0,2.0,3.0,461.0,553200.0
5,3,37,1,1.0,2.0,1.0,91.0,142415.0
4,4,38,2,3.0,6.0,2.0,573.0,684162.0
1,7,36,1,4.0,2.0,1.0,84.0,212856.0
8,9,44,1,4.0,2.0,2.0,229.0,463496.0
2,5,8,1,3.0,1.0,2.0,176.0,351296.0
7,6,30,1,3.0,4.0,2.0,115.0,138115.0
4,4,38,3,3.0,1.0,4.0,375.0,756750.0
8,10,49,1,1.0,3.0,2.0,217.0,429226.0
3,2,10,1,4.0,3.0,1.0,220.0,362560.0
3,2,9,1,2.0,3.0,2.0,211.0,466521.0
4,4,48,2,6.0,4.0,4.0,500.0,671000.0
8,9,51,5,6.0,5.0,3.0,717.0,1300638.0
1,7,46,3,4.0,3.0,2.0,429.0,1179321.0
3,2,9,1,3.0,3.0,1.0,236.0,724520.0
5,3,41,1,1.0,3.0,1.0,245.0,422625.0
2,5,6,1,1.0,2.0,2.0,152.0,311448.0
8,9,51,2,4.0,4.0,2.0,380.0,764180.0
1,7,19,1,4.0,2.0,2.0,119.0,215033.0
1,7,21,1,1.0,1.0,2.0,85.0,151810.0
3,2,5,2,3.0,3.0,4.0,184.0,269376.0
2,5,6,1,1.0,3.0,1.0,137.0,214268.0
8,8,20,3,5.0,4.0,4.0,339.0,663762.0
6,1,39,5,5.0,3.0,2.0,282.0,303996.0
8,9,3,1,1.0,3.0,1.0,152.0,278616.0
8,9,44,5,4.0,6.0,3.0,569.0,697025.0
2,5,6,1,3.0,4.0,1.0,185.0,276390.0
3,2,10,1,3.0,3.0,2.0,70.0,114170.0
4,4,47,1,1.0,2.0,2.0,74.0,93240.0
6,1,39,3,4.0,4.0,3.0,380.0,741000.0
6,1,39,2,6.0,3.0,3.0,370.0,726310.0
8,8,45,1,2.0,4.0,2.0,148.0,191660.0
8,9,51,1,4.0,3.0,2.0,234.0,337194.0
4,4,15,5,4.0,5.0,2.0,706.0,972162.0
3,2,9,1,4.0,4.0,1.0,53.0,100276.0
4,4,38,2,6.0,3.0,2.0,420.0,888720.0
5,3,16,3,4.0,5.0,3.0,250.0,534000.0
2,5,6,1,2.0,2.0,2.0,162.0,253692.0
8,8,20,4,2.0,3.0,1.0,248.0,292144.0
7,6,50,5,3.0,4.0,4.0,335.0,323945.0
8,9,13,1,2.0,4.0,2.0,143.0,170742.0
8,9,3,1,2.0,1.0,1.0,115.0,157665.0
6,1,23,1,4.0,4.0,2.0,97.0,119310.0
8,8,31,1,1.0,3.0,2.0,99.0,126126.0
3,2,10,2,5.0,3.0,3.0,561.0,734910.0
8,8,1,1,2.0,4.0,2.0,80.0,105520.0
2,5,6,1,1.0,4.0,1.0,149.0,267455.0
8,8,45,2,4.0,6.0,2.0,617.0,702763.0
5,3,37,1,4.0,2.0,1.0,90.0,117000.0
5,3,41,2,3.0,4.0,3.0,403.0,903123.0
6,1,23,1,1.0,1.0,2.0,85.0,172040.0
6,1,33,1,3.0,3.0,1.0,145.0,217790.0
1,7,22,2,3.0,2.0,2.0,186.0,207948.0
4,4,38,2,6.0,6.0,4.0,215.0,276490.0
7,6,50,5,4.0,6.0,3.0,695.0,1159260.0
6,1,23,2,3.0,4.0,2.0,390.0,549510.0
4,4,48,1,3.0,1.0,1.0,111.0,218448.0
3,2,10,2,3.0,3.0,4.0,315.0,555660.0
8,9,51,2,5.0,2.0,2.0,430.0,612750.0
4,4,47,2,5.0,3.0,2.0,182.0,191282.0
8,10,40,1,2.0,2.0,1.0,247.0,371241.0
8,8,2,1,1.0,4.0,1.0,156.0,174408.0
8,10,25,1,4.0,2.0,2.0,203.0,228375.0
6,1,39,1,3.0,4.0,2.0,173.0,255521.0
1,7,36,2,4.0,2.0,3.0,282.0,416514.0
6,1,33,1,4.0,2.0,2.0,193.0,356471.0
1,7,46,5,5.0,2.0,2.0,401.0,717389.0
1,7,46,1,1.0,1.0,2.0,254.0,437388.0
2,5,42,3,4.0,5.0,3.0,292.0,806796.0
4,4,15,1,1.0,2.0,2.0,159.0,337080.0
8,8,20,1,1.0,4.0,1.0,158.0,251536.0
5,3,16,1,2.0,4.0,2.0,248.0,496496.0
3,2,9,3,4.0,4.0,3.0,326.0,1232280.0
8,8,20,1,4.0,3.0,1.0,92.0,127512.0
8,10,49,1,1.0,3.0,2.0,251.0,476900.0
4,4,7,1,2.0,2.0,1.0,125.0,165750.0
8,8,2,1,1.0,3.0,1.0,210.0,274890.0
2,5,8,2,4.0,2.0,4.0,586.0,1760930.0
4,4,7,5,6.0,4.0,3.0,207.0,281934.0
4,4,15,1,4.0,4.0,1.0,105.0,196560.0
3,2,10,1,2.0,1.0,1.0,121.0,187550.0
6,1,39,1,2.0,4.0,1.0,226.0,284986.0
2,5,12,4,2.0,1.0,1.0,173.0,210714.0
4,4,15,1,3.0,1.0,1.0,117.0,140634.0
4,4,7,1,1.0,4.0,1.0,82.0,116522.0
7,6,52,2,4.0,2.0,2.0,729.0,789507.0
6,1,39,1,4.0,1.0,2.0,135.0,272295.0
3,2,10,1,3.0,4.0,2.0,198.0,399762.0
5,3,41,2,4.0,3.0,2.0,682.0,752928.0
8,8,14,1,4.0,3.0,2.0,141.0,182454.0
3,2,10,1,1.0,1.0,2.0,69.0,145452.0
8,10,49,1,2.0,1.0,2.0,101.0,130492.0
8,9,44,4,3.0,3.0,2.0,259.0,379176.0
4,4,47,1,3.0,4.0,1.0,174.0,372012.0
8,8,1,1,2.0,1.0,2.0,185.0,266585.0
1,7,35,1,1.0,4.0,1.0,159.0,520248.0
2,5,8,1,2.0,1.0,2.0,106.0,246026.0
4,4,47,5,4.0,2.0,3.0,719.0,1095756.0
7,6,24,1,1.0,3.0,1.0,112.0,232400.0
8,9,13,1,3.0,3.0,1.0,137.0,268794.0
8,10,25,2,5.0,3.0,4.0,337.0,386539.0
2,5,42,2,5.0,2.0,4.0,368.0,555680.0
3,2,9,1,3.0,4.0,2.0,95.0,193895.0
8,9,3,1,1.0,1.0,2.0,109.0,178106.0
2,5,42,2,4.0,6.0,3.0,505.0,670640.0
8,8,14,1,1.0,2.0,1.0,247.0,509561.0
5,3,16,1,3.0,1.0,2.0,228.0,393528.0
2,5,12,1,2.0,3.0,1.0,193.0,281780.0
8,8,45,1,2.0,3.0,1.0,157.0,301440.0
3,2,9,2,4.0,3.0,4.0,661.0,1273086.0
4,4,48,2,4.0,2.0,3.0,411.0,944067.0
7,6,24,1,2.0,3.0,1.0,216.0,313416.0
8,9,13,2,4.0,2.0,3.0,431.0,529268.0
8,10,32,1,1.0,1.0,1.0,216.0,374544.0
7,6,30,2,5.0,3.0,4.0,211.0,247292.0
7,6,28,5,5.0,2.0,4.0,495.0,1341450.0
4,4,15,1,1.0,1.0,2.0,218.0,268794.0
2,5,17,4,1.0,3.0,1.0,129.0,272577.0
2,5,8,1,1.0,2.0,2.0,59.0,160480.0
7,6,11,1,3.0,1.0,1.0,180.0,263880.0
4,4,47,1,1.0,1.0,1.0,131.0,246935.0
2,5,12,2,4.0,2.0,4.0,358.0,481510.0
6,1,23,1,4.0,4.0,1.0,248.0,357864.0
5,3,16,2,6.0,2.0,4.0,436.0,453440.0
8,8,31,5,4.0,6.0,4.0,196.0,415912.0
8,10,49,2,4.0,4.0,2.0,567.0,974673.0
8,9,3,2,4.0,3.0,3.0,709.0,1384677.0
5,3,37,4,3.0,2.0,2.0,144.0,188496.0
3,2,5,1,3.0,1.0,2.0,248.0,456568.0
7,6,11,2,4.0,5.0,4.0,316.0,627260.0
2,5,42,2,5.0,3.0,3.0,202.0,410464.0
2,5,8,4,3.0,3.0,2.0,211.0,364819.0
8,10,32,5,6.0,4.0,3.0,394.0,594940.0
5,3,37,5,6.0,5.0,3.0,225.0,310275.0
6,1,33,5,4.0,2.0,2.0,528.0,745008.0
8,9,44,2,5.0,4.0,4.0,591.0,1309065.0
4,4,38,4,4.0,4.0,2.0,166.0,188078.0
4,4,47,1,1.0,4.0,1.0,71.0,116014.0
5,3,16,3,3.0,3.0,2.0,488.0,992104.0
6,1,33,1,4.0,3.0,2.0,160.0,282720.0
1,7,27,2,6.0,2.0,4.0,278.0,455086.0
6,1,39,2,4.0,3.0,3.0,392.0,628376.0
5,3,41,4,3.0,1.0,2.0,132.0,149688.0
2,5,17,1,2.0,4.0,2.0,129.0,153897.0
8,9,13,3,5.0,4.0,2.0,461.0,1198139.0
5,3,37,5,6.0,2.0,3.0,214.0,238824.0
2,5,6,4,2.0,3.0,2.0,159.0,231027.0
4,4,15,1,1.0,4.0,1.0,182.0,307216.0
5,3,37,1,4.0,1.0,2.0,100.0,176100.0
3,2,5,2,3.0,2.0,2.0,324.0,566676.0
3,2,10,1,3.0,1.0,1.0,50.0,85100.0
3,2,5,2,6.0,5.0,3.0,716.0,1159920.0
6,1,33,5,6.0,4.0,3.0,330.0,315150.0
8,10,32,2,5.0,4.0,2.0,444.0,743700.0
3,2,10,1,2.0,2.0,1.0,187.0,233189.0
8,9,3,2,6.0,5.0,2.0,668.0,632596.0
6,1,33,5,6.0,4.0,3.0,545.0,977730.0
6,1,23,2,6.0,3.0,3.0,430.0,710790.0
6,1,39,1,1.0,4.0,2.0,117.0,247455.0
2,5,12,2,5.0,3.0,3.0,694.0,1064596.0
8,9,13,5,6.0,5.0,3.0,208.0,278928.0
6,1,23,1,4.0,3.0,1.0,117.0,164619.0
1,7,19,1,3.0,1.0,2.0,202.0,406222.0
2,5,8,2,3.0,4.0,3.0,392.0,1326920.0
8,10,25,1,1.0,1.0,1.0,196.0,326928.0
1,7,43,1,3.0,2.0,1.0,240.0,406560.0
7,6,50,2,5.0,5.0,3.0,431.0,668050.0
8,9,3,5,4.0,5.0,3.0,212.0,454104.0
1,7,36,2,3.0,6.0,4.0,260.0,400140.0
1,7,21,5,5.0,5.0,2.0,260.0,540280.0
5,3,41,1,4.0,3.0,1.0,72.0,94176.0
2,5,12,2,6.0,4.0,3.0,616.0,619696.0
7,6,30,1,4.0,1.0,2.0,180.0,377460.0
1,7,22,1,4.0,4.0,2.0,190.0,266190.0
5,3,37,1,2.0,3.0,2.0,137.0,255779.0
1,7,46,1,1.0,3.0,1.0,229.0,360904.0
8,10,25,1,2.0,4.0,2.0,123.0,139605.0
2,5,42,5,4.0,6.0,4.0,612.0,738684.0
8,9,51,2,5.0,2.0,2.0,270.0,523530.0
4,4,48,2,6.0,4.0,3.0,429.0,551694.0
3,2,10,5,5.0,5.0,4.0,692.0,1069140.0
8,9,13,1,3.0,2.0,1.0,98.0,173460.0
5,3,16,2,3.0,3.0,4.0,411.0,773913.0
6,1,39,2,5.0,2.0,4.0,596.0,1011412.0
7,6,52,1,1.0,2.0,1.0,102.0,188700.0
8,8,29,1,1.0,2.0,2.0,181.0,337565.0
8,10,49,3,4.0,4.0,4.0,260.0,575900.0
8,10,49,1,1.0,4.0,2.0,137.0,166866.0
5,3,41,1,1.0,2.0,2.0,134.0,246426.0
3,2,9,1,3.0,2.0,1.0,187.0,440572.0
8,8,29,2,3.0,6.0,4.0,222.0,213786.0
8,10,25,5,6.0,3.0,3.0,310.0,709900.0
5,3,37,1,2.0,1.0,2.0,197.0,403456.0
8,10,25,5,3.0,3.0,2.0,707.0,1055551.0
8,9,44,3,4.0,3.0,2.0,371.0,861462.0
8,8,20,2,5.0,4.0,3.0,380.0,364800.0
8,8,14,2,4.0,2.0,3.0,483.0,420693.0
6,1,23,1,1.0,1.0,2.0,142.0,244240.0
2,5,42,1,4.0,2.0,2.0,133.0,228893.0
8,8,2,1,2.0,1.0,1.0,154.0,253484.0
2,5,8,2,5.0,2.0,4.0,285.0,395580.0
4,4,47,3,5.0,4.0,4.0,414.0,1143054.0
8,8,1,2,4.0,3.0,4.0,436.0,490064.0
8,8,45,1,4.0,2.0,1.0,225.0,285975.0
6,1,23,3,4.0,3.0,4.0,415.0,1147890.0
5,3,16,4,1.0,2.0,2.0,177.0,225852.0
1,7,36,1,2.0,2.0,2.0,176.0,372240.0
8,9,44,2,4.0,3.0,2.0,211.0,199395.0
6,1,23,1,4.0,2.0,2.0,256.0,381696.0
3,2,5,3,3.0,5.0,3.0,265.0,557560.0
2,5,8,3,3.0,4.0,4.0,482.0,2102966.0
1,7,4,3,5.0,4.0,2.0,414.0,657846.0
7,6,24,2,4.0,4.0,2.0,608.0,963072.0
7,6,52,2,6.0,6.0,3.0,222.0,451992.0
1,7,22,5,5.0,5.0,3.0,445.0,564260.0
1,7,35,3,4.0,5.0,3.0,440.0,1210440.0
8,10,32,1,4.0,4.0,2.0,158.0,250588.0
8,8,20,1,1.0,4.0,1.0,85.0,97495.0
8,8,1,1,2.0,4.0,1.0,121.0,252527.0
5,3,16,1,4.0,1.0,1.0,104.0,222768.0
1,7,21,1,3.0,3.0,1.0,193.0,278885.0
5,3,16,1,1.0,3.0,2.0,257.0,307629.0
2,5,8,1,2.0,2.0,2.0,73.0,219146.0
6,1,33,1,3.0,2.0,1.0,218.0,415508.0
4,4,15,1,2.0,2.0,2.0,248.0,367040.0
8,9,3,1,1.0,1.0,1.0,89.0,142578.0
2,5,8,2,5.0,5.0,4.0,485.0,1687315.0
4,4,48,3,5.0,4.0,4.0,229.0,629750.0
4,4,15,1,2.0,4.0,2.0,237.0,396738.0
5,3,16,5,6.0,4.0,2.0,261.0,345303.0
2,5,53,2,6.0,4.0,3.0,517.0,1074326.0
8,9,44,2,6.0,4.0,2.0,245.0,562275.0
7,6,26,1,2.0,4.0,2.0,132.0,177672.0
8,8,2,1,4.0,4.0,2.0,135.0,210330.0
7,6,26,1,3.0,1.0,2.0,249.0,496008.0
7,6,18,1,4.0,4.0,1.0,234.0,261144.0
1,7,34,4,3.0,2.0,1.0,78.0,149058.0
8,10,25,2,5.0,6.0,3.0,338.0,406614.0
7,6,11,2,5.0,6.0,4.0,400.0,590000.0
5,3,37,1,4.0,1.0,2.0,161.0,193200.0
8,8,2,1,1.0,3.0,1.0,253.0,383801.0
8,10,49,1,1.0,3.0,1.0,162.0,258390.0
2,5,12,1,4.0,1.0,2.0,133.0,217322.0
7,6,26,5,5.0,3.0,4.0,337.0,557398.0
1,7,34,5,6.0,4.0,4.0,592.0,1270432.0
8,9,44,2,5.0,3.0,3.0,486.0,1034208.0
5,3,37,2,4.0,6.0,3.0,598.0,1052480.0
8,9,13,1,2.0,1.0,2.0,132.0,203940.0
3,2,9,5,6.0,5.0,3.0,507.0,1550913.0
8,9,51,3,4.0,3.0,3.0,353.0,686585.0
5,3,16,1,3.0,3.0,2.0,50.0,100650.0
3,2,10,1,1.0,4.0,2.0,71.0,92584.0
5,3,41,2,6.0,4.0,3.0,250.0,290750.0
5,3,41,1,3.0,1.0,2.0,204.0,293352.0
2,5,8,1,4.0,3.0,1.0,183.0,453840.0
3,2,10,1,4.0,3.0,2.0,163.0,324207.0
2,5,17,1,1.0,4.0,1.0,142.0,250914.0
7,6,30,1,2.0,3.0,1.0,246.0,488064.0
3,2,5,1,1.0,3.0,2.0,254.0,370078.0
8,9,51,5,5.0,6.0,2.0,678.0,1138362.0
8,10,49,5,5.0,3.0,3.0,654.0,1180470.0
8,8,1,1,1.0,1.0,2.0,214.0,345824.0
6,1,23,5,5.0,6.0,3.0,426.0,940608.0
8,8,2,5,5.0,6.0,3.0,316.0,380464.0
2,5,42,1,3.0,4.0,2.0,76.0,118332.0
2,5,42,1,4.0,3.0,1.0,150.0,265950.0
2,5,17,2,5.0,3.0,2.0,328.0,638944.0
2,5,42,1,1.0,3.0,2.0,241.0,413797.0
6,1,23,3,3.0,5.0,3.0,426.0,677340.0
8,9,13,1,1.0,2.0,2.0,92.0,146096.0
8,10,49,1,3.0,1.0,2.0,76.0,122740.0
4,4,38,4,4.0,1.0,2.0,236.0,497724.0
5,3,16,1,2.0,3.0,1.0,192.0,348480.0
2,5,12,1,1.0,2.0,2.0,122.0,227286.0
4,4,47,2,3.0,3.0,4.0,577.0,609312.0
1,7,35,1,1.0,1.0,1.0,162.0,294192.0
4,4,48,1,3.0,1.0,2.0,189.0,375165.0
5,3,37,3,4.0,4.0,4.0,270.0,624780.0
8,9,51,1,3.0,2.0,2.0,163.0,313286.0
8,10,49,4,4.0,4.0,1.0,144.0,263376.0
3,2,10,1,4.0,1.0,2.0,82.0,112504.0
3,2,10,2,3.0,3.0,2.0,533.0,569244.0
8,10,25,2,4.0,2.0,4.0,659.0,977956.0
8,9,44,1,2.0,4.0,2.0,222.0,346320.0
2,5,17,1,4.0,4.0,1.0,227.0,374096.0
3,2,9,2,3.0,2.0,3.0,413.0,1020936.0
4,4,15,1,2.0,4.0,1.0,181.0,263536.0
2,5,8,3,5.0,4.0,2.0,461.0,1936200.0
7,6,18,2,6.0,5.0,4.0,286.0,294866.0
8,9,3,4,2.0,1.0,2.0,210.0,302400.0
2,5,8,5,3.0,2.0,4.0,680.0,2280720.0
3,2,10,5,4.0,4.0,4.0,493.0,816901.0
2,5,17,4,3.0,4.0,2.0,229.0,352431.0
8,9,13,1,3.0,3.0,2.0,69.0,91356.0
3,2,9,1,3.0,1.0,1.0,147.0,460404.0
8,10,25,1,2.0,1.0,1.0,191.0,249255.0
5,3,37,1,4.0,3.0,1.0,187.0,312664.0
6,1,33,2,4.0,3.0,2.0,256.0,354304.0
3,2,9,2,5.0,4.0,2.0,279.0,465651.0
8,9,44,2,4.0,5.0,2.0,380.0,324140.0
3,2,5,5,6.0,4.0,3.0,674.0,636256.0
5,3,37,4,4.0,4.0,1.0,189.0,299565.0
6,1,23,2,5.0,2.0,3.0,611.0,1337479.0
6,1,39,5,6.0,3.0,2.0,690.0,794190.0
1,7,22,1,4.0,1.0,2.0,76.0,161576.0
4,4,38,2,4.0,3.0,3.0,484.0,1059960.0
2,5,17,2,6.0,5.0,3.0,291.0,598005.0
1,7,34,1,4.0,1.0,1.0,126.0,172242.0
2,5,53,4,4.0,1.0,1.0,191.0,237031.0
2,5,12,1,2.0,4.0,1.0,198.0,376398.0
6,1,33,1,2.0,1.0,2.0,113.0,139781.0
5,3,37,1,4.0,2.0,2.0,93.0,178746.0
1,7,4,2,6.0,6.0,4.0,205.0,405285.0
3,2,5,1,3.0,1.0,1.0,204.0,321096.0
8,10,49,1,3.0,2.0,1.0,51.0,98736.0
2,5,17,2,5.0,2.0,3.0,498.0,767916.0
7,6,26,1,3.0,1.0,1.0,91.0,115206.0
7,6,24,3,3.0,3.0,4.0,345.0,651015.0
8,8,29,1,4.0,1.0,1.0,136.0,275944.0
8,8,45,3,3.0,4.0,4.0,233.0,441069.0
1,7,27,1,4.0,1.0,2.0,68.0,92820.0
7,6,26,2,3.0,5.0,3.0,733.0,970492.0
3,2,10,1,2.0,4.0,2.0,193.0,314590.0
8,8,2,1,4.0,4.0,2.0,220.0,438240.0
1,7,36,1,2.0,3.0,2.0,217.0,683116.0
8,10,25,1,4.0,2.0,1.0,108.0,168696.0
8,9,13,1,4.0,4.0,2.0,243.0,515889.0
7,6,50,2,3.0,4.0,4.0,467.0,906914.0
1,7,34,1,4.0,2.0,1.0,188.0,242332.0
2,5,17,2,5.0,4.0,2.0,675.0,644625.0
6,1,39,1,3.0,3.0,2.0,155.0,207700.0
8,8,1,2,6.0,5.0,3.0,640.0,1018240.0
7,6,50,1,4.0,2.0,2.0,88.0,126720.0
4,4,38,2,5.0,4.0,4.0,205.0,259530.0
5,3,37,1,3.0,4.0,2.0,239.0,466767.0
1,7,43,1,2.0,4.0,1.0,105.0,143850.0
4,4,38,1,4.0,4.0,2.0,162.0,302454.0
6,1,33,1,2.0,4.0,1.0,146.0,227176.0
6,1,23,1,4.0,1.0,1.0,64.0,127744.0
8,10,49,2,6.0,3.0,2.0,213.0,358479.0
3,2,10,3,4.0,3.0,2.0,338.0,640172.0
8,10,25,1,2.0,2.0,2.0,121.0,226996.0
1,7,43,5,3.0,5.0,4.0,444.0,1020756.0
8,10,25,1,3.0,2.0,1.0,137.0,273452.0
3,2,5,1,2.0,3.0,1.0,84.0,179340.0
2,5,8,1,1.0,1.0,2.0,117.0,293553.0
3,2,10,1,4.0,3.0,1.0,77.0,103026.0
5,3,41,1,1.0,3.0,1.0,142.0,257872.0
7,6,11,1,1.0,3.0,1.0,163.0,316220.0
7,6,11,1,1.0,4.0,2.0,190.0,382660.0
3,2,5,2,4.0,2.0,2.0,313.0,374035.0
8,8,20,5,6.0,2.0,2.0,513.0,1024461.0
4,4,48,3,5.0,5.0,4.0,287.0,747635.0
6,1,39,1,4.0,2.0,2.0,101.0,126856.0
7,6,11,5,5.0,5.0,2.0,295.0,536900.0
5,3,16,1,1.0,4.0,1.0,110.0,164780.0
8,9,51,1,1.0,3.0,1.0,229.0,271136.0
8,9,44,1,1.0,2.0,1.0,87.0,124062.0
1,7,35,1,4.0,3.0,2.0,143.0,366938.0
8,8,45,2,6.0,6.0,2.0,249.0,239787.0
7,6,26,1,4.0,3.0,1.0,249.0,323700.0
2,5,8,1,4.0,3.0,2.0,93.0,173538.0
8,10,32,2,5.0,4.0,4.0,735.0,908460.0
8,10,25,1,3.0,4.0,1.0,110.0,169620.0
4,4,38,1,1.0,4.0,1.0,253.0,323840.0
7,6,50,1,2.0,2.0,1.0,152.0,318288.0
8,8,14,1,3.0,1.0,2.0,51.0,66045.0
2,5,6,1,4.0,4.0,2.0,221.0,302770.0
1,7,34,2,3.0,6.0,2.0,227.0,248338.0
3,2,9,1,3.0,2.0,1.0,108.0,235116.0
5,3,16,5,5.0,6.0,4.0,382.0,697532.0
5,3,16,1,1.0,3.0,2.0,132.0,178860.0
8,8,45,5,6.0,2.0,3.0,348.0,309372.0
6,1,23,5,6.0,4.0,4.0,293.0,434812.0
8,9,13,1,4.0,2.0,2.0,90.0,170010.0
8,9,13,1,2.0,1.0,1.0,126.0,259812.0
6,1,33,1,4.0,4.0,2.0,93.0,151404.0
7,6,28,1,2.0,3.0,2.0,209.0,662948.0
3,2,5,2,6.0,4.0,3.0,292.0,449972.0
4,4,15,2,3.0,3.0,4.0,228.0,299364.0
7,6,24,1,2.0,3.0,2.0,198.0,387486.0
1,7,36,1,3.0,1.0,1.0,157.0,443996.0
6,1,33,1,2.0,3.0,1.0,153.0,287946.0
8,9,3,1,2.0,1.0,1.0,155.0,243660.0
1,7,34,1,3.0,1.0,1.0,223.0,396940.0
8,9,44,2,3.0,5.0,2.0,366.0,607926.0
7,6,18,2,5.0,5.0,4.0,193.0,168489.0
8,8,29,2,4.0,3.0,3.0,720.0,1013760.0
6,1,23,2,4.0,4.0,4.0,607.0,1366357.0
4,4,48,1,1.0,3.0,1.0,202.0,230280.0
8,9,3,1,2.0,3.0,2.0,236.0,373588.0
4,4,15,2,4.0,3.0,4.0,196.0,397096.0
1,7,36,1,4.0,4.0,1.0,215.0,578995.0
7,6,11,1,4.0,2.0,2.0,131.0,213792.0
1,7,22,2,4.0,2.0,3.0,684.0,1419984.0
8,9,51,1,4.0,3.0,2.0,196.0,305760.0
5,3,37,1,2.0,4.0,1.0,120.0,210480.0
8,10,40,1,3.0,2.0,2.0,192.0,298560.0
2,5,17,2,3.0,3.0,2.0,200.0,367000.0
8,10,49,1,2.0,1.0,1.0,108.0,212328.0
7,6,18,5,4.0,4.0,3.0,439.0,392466.0
5,3,41,1,4.0,2.0,1.0,111.0,174381.0
2,5,6,1,1.0,4.0,1.0,82.0,131938.0
8,9,13,2,3.0,5.0,4.0,271.0,433058.0
2,5,42,1,4.0,1.0,2.0,212.0,255884.0
7,6,11,2,5.0,4.0,3.0,492.0,489540.0
8,8,29,1,3.0,3.0,1.0,83.0,145748.0
8,10,25,3,5.0,3.0,4.0,266.0,534660.0
2,5,6,1,2.0,3.0,2.0,245.0,303800.0
5,3,41,5,3.0,4.0,4.0,689.0,1028677.0
2,5,17,3,4.0,4.0,2.0,308.0,786632.0
8,9,13,1,1.0,4.0,1.0,240.0,465600.0
8,9,51,1,3.0,4.0,1.0,130.0,177970.0
1,7,36,1,1.0,3.0,1.0,124.0,271932.0
1,7,27,1,4.0,3.0,2.0,202.0,406424.0
6,1,33,1,2.0,4.0,1.0,179.0,212294.0
5,3,37,2,3.0,4.0,3.0,278.0,264656.0
8,10,40,1,1.0,2.0,1.0,121.0,229900.0
8,8,45,3,5.0,5.0,2.0,428.0,1087120.0
6,1,39,1,3.0,1.0,2.0,157.0,187301.0
2,5,53,2,6.0,4.0,3.0,750.0,1461000.0
8,9,44,1,1.0,1.0,2.0,89.0,186811.0
8,9,51,1,1.0,3.0,2.0,89.0,133055.0
6,1,33,1,3.0,1.0,2.0,182.0,283374.0
1,7,46,2,6.0,6.0,3.0,712.0,1477400.0
5,3,41,4,3.0,1.0,2.0,138.0,231978.0
5,3,41,2,6.0,2.0,3.0,576.0,1056384.0
7,6,24,3,4.0,5.0,4.0,433.0,1047860.0
2,5,6,5,5.0,5.0,2.0,266.0,457520.0
7,6,50,1,3.0,3.0,2.0,103.0,177263.0
8,10,25,1,4.0,2.0,1.0,54.0,62964.0
8,9,13,1,3.0,4.0,2.0,244.0,375272.0
8,10,32,1,4.0,2.0,1.0,223.0,336507.0
8,8,45,1,4.0,1.0,1.0,156.0,205920.0
2,5,42,1,2.0,1.0,1.0,86.0,140782.0
1,7,4,4,3.0,3.0,2.0,56.0,68208.0
2,5,42,1,1.0,1.0,1.0,195.0,412425.0
4,4,48,2,6.0,3.0,3.0,566.0,593734.0
4,4,7,2,5.0,3.0,4.0,405.0,900720.0
1,7,36,2,3.0,4.0,2.0,500.0,908000.0
5,3,16,1,2.0,1.0,2.0,227.0,378863.0
8,8,45,4,4.0,3.0,2.0,155.0,293415.0
8,9,44,1,3.0,1.0,2.0,90.0,125730.0
2,5,8,1,3.0,4.0,1.0,51.0,113730.0
8,9,3,2,4.0,4.0,2.0,561.0,915552.0
6,1,23,5,3.0,3.0,3.0,260.0,572000.0
2,5,12,1,1.0,3.0,1.0,182.0,261898.0
3,2,9,1,4.0,4.0,2.0,61.0,126209.0
8,9,3,1,4.0,3.0,2.0,174.0,203232.0
5,3,41,1,2.0,4.0,1.0,133.0,184471.0
6,1,23,1,3.0,3.0,2.0,89.0,100570.0
8,9,3,1,3.0,2.0,2.0,187.0,356048.0
8,10,25,2,6.0,3.0,3.0,258.0,377712.0
2,5,6,2,3.0,2.0,4.0,212.0,482088.0
8,9,44,1,1.0,3.0,1.0,204.0,328236.0
5,3,16,2,3.0,2.0,3.0,645.0,670155.0
3,2,10,5,3.0,2.0,4.0,308.0,460460.0
4,4,38,2,5.0,5.0,3.0,745.0,1653900.0
8,10,49,2,3.0,3.0,3.0,260.0,370500.0
8,8,20,1,1.0,1.0,1.0,129.0,144351.0
2,5,6,1,2.0,2.0,2.0,212.0,283444.0
6,1,39,1,3.0,3.0,2.0,59.0,125552.0
2,5,17,2,5.0,2.0,3.0,644.0,678776.0
7,6,52,1,1.0,1.0,1.0,76.0,124412.0
2,5,17,2,6.0,3.0,2.0,648.0,985608.0
6,1,39,2,3.0,5.0,4.0,454.0,410870.0
8,10,40,5,6.0,4.0,3.0,717.0,1269807.0
1,7,34,3,3.0,5.0,2.0,337.0,776785.0
5,3,16,2,6.0,4.0,2.0,184.0,301576.0
1,7,21,2,6.0,4.0,2.0,246.0,563094.0
3,2,9,1,4.0,2.0,1.0,225.0,409275.0
8,8,1,4,4.0,3.0,2.0,154.0,199122.0
8,9,13,2,3.0,5.0,3.0,201.0,195975.0
7,6,52,2,6.0,5.0,4.0,487.0,973513.0
4,4,38,5,5.0,6.0,3.0,709.0,703328.0
6,1,33,5,4.0,5.0,2.0,205.0,196595.0
6,1,23,2,3.0,5.0,3.0,407.0,890923.0
6,1,23,1,3.0,2.0,1.0,258.0,303150.0
6,1,39,2,3.0,5.0,2.0,613.0,586028.0
1,7,22,1,2.0,1.0,2.0,123.0,209223.0
8,8,2,1,4.0,4.0,2.0,108.0,170100.0
8,10,49,1,4.0,3.0,2.0,91.0,142688.0
5,3,37,1,1.0,2.0,1.0,142.0,227058.0
1,7,36,1,2.0,4.0,2.0,139.0,331515.0
4,4,47,4,4.0,4.0,1.0,76.0,154280.0
8,10,49,1,2.0,3.0,2.0,233.0,328763.0
8,10,49,5,6.0,4.0,4.0,429.0,910767.0
8,9,44,1,4.0,4.0,1.0,116.0,146160.0
8,10,49,1,1.0,4.0,2.0,162.0,189216.0
4,4,47,1,1.0,4.0,1.0,131.0,268157.0
5,3,37,2,3.0,5.0,2.0,527.0,474300.0
4,4,38,1,2.0,3.0,2.0,150.0,257850.0
4,4,7,5,6.0,2.0,2.0,483.0,1065981.0
2,5,42,1,2.0,2.0,2.0,219.0,300030.0
6,1,39,5,3.0,6.0,3.0,587.0,1199828.0
8,9,13,1,1.0,3.0,1.0,209.0,304095.0
4,4,47,2,3.0,2.0,4.0,236.0,240720.0
2,5,17,2,3.0,6.0,3.0,377.0,754000.0
7,6,30,4,1.0,2.0,1.0,109.0,120118.0
1,7,46,1,2.0,3.0,2.0,196.0,235984.0
3,2,5,1,2.0,2.0,1.0,65.0,106600.0
7,6,18,1,4.0,2.0,2.0,142.0,248358.0
4,4,47,1,2.0,1.0,1.0,85.0,97070.0
4,4,7,1,4.0,3.0,1.0,173.0,326451.0
8,8,31,1,2.0,1.0,1.0,98.0,190708.0
7,6,18,1,4.0,2.0,2.0,179.0,266173.0
2,5,53,1,1.0,4.0,2.0,161.0,267260.0
1,7,21,2,3.0,6.0,4.0,413.0,907774.0
8,9,13,2,4.0,5.0,3.0,284.0,343072.0
4,4,38,2,5.0,6.0,4.0,508.0,603504.0
8,9,13,2,6.0,4.0,3.0,488.0,1098000.0
3,2,5,1,2.0,4.0,2.0,179.0,238249.0
8,8,1,1,2.0,2.0,1.0,159.0,258693.0
1,7,34,1,1.0,3.0,2.0,172.0,219128.0
2,5,42,1,1.0,4.0,1.0,249.0,519414.0
3,2,5,3,3.0,3.0,3.0,515.0,875500.0
8,9,51,1,3.0,4.0,1.0,169.0,244036.0
8,8,45,2,6.0,5.0,4.0,203.0,262479.0
8,9,3,1,3.0,1.0,1.0,94.0,164876.0
2,5,53,1,4.0,4.0,1.0,234.0,475488.0
5,3,37,1,3.0,4.0,2.0,245.0,443205.0
8,8,29,4,2.0,3.0,2.0,118.0,150332.0
8,8,1,1,2.0,4.0,2.0,53.0,81991.0
3,2,5,2,5.0,5.0,4.0,654.0,1132728.0
8,8,1,2,5.0,3.0,2.0,392.0,357504.0
1,7,46,2,6.0,3.0,2.0,700.0,1597400.0
8,9,3,1,2.0,4.0,1.0,93.0,123318.0
1,7,19,1,2.0,1.0,1.0,212.0,424636.0
8,10,32,4,3.0,3.0,1.0,97.0,107185.0
6,1,33,2,6.0,2.0,4.0,482.0,545624.0
3,2,5,2,3.0,5.0,4.0,344.0,637432.0
5,3,41,1,2.0,4.0,2.0,66.0,93786.0
5,3,41,1,3.0,3.0,1.0,225.0,256275.0
1,7,27,5,3.0,6.0,2.0,490.0,1107400.0
3,2,5,1,2.0,4.0,1.0,103.0,123291.0
1,7,21,1,4.0,2.0,1.0,111.0,195249.0
1,7,4,1,2.0,1.0,1.0,221.0,365976.0
8,9,13,2,6.0,4.0,2.0,297.0,516780.0
5,3,37,5,3.0,6.0,2.0,605.0,1004905.0
8,10,25,1,4.0,4.0,2.0,236.0,407100.0
1,7,21,2,3.0,4.0,3.0,465.0,635655.0
8,8,1,1,4.0,4.0,2.0,198.0,405900.0
1,7,36,1,3.0,3.0,2.0,191.0,342081.0
8,8,14,1,1.0,4.0,2.0,126.0,175392.0
5,3,16,5,4.0,6.0,2.0,312.0,453960.0
8,8,1,1,3.0,1.0,2.0,207.0,403857.0
8,8,31,1,2.0,1.0,2.0,91.0,161798.0
2,5,8,1,2.0,2.0,1.0,133.0,439033.0
3,2,9,4,4.0,3.0,1.0,139.0,356535.0
1,7,22,1,4.0,2.0,2.0,241.0,362946.0
5,3,16,2,3.0,2.0,2.0,517.0,607475.0
2,5,42,1,4.0,2.0,2.0,164.0,239768.0
4,4,47,2,6.0,4.0,4.0,199.0,266063.0
1,7,22,3,4.0,5.0,4.0,223.0,605222.0
6,1,33,5,6.0,2.0,3.0,314.0,381196.0
5,3,37,1,3.0,3.0,2.0,202.0,296940.0
1,7,27,1,3.0,4.0,2.0,132.0,265452.0
6,1,39,1,1.0,1.0,1.0,251.0,506769.0
5,3,41,2,5.0,4.0,3.0,601.0,686342.0
6,1,23,1,1.0,1.0,2.0,50.0,91500.0
3,2,10,1,1.0,1.0,2.0,218.0,314574.0
8,9,51,1,2.0,4.0,2.0,65.0,72475.0
3,2,9,2,6.0,2.0,2.0,699.0,2330466.0
5,3,41,1,2.0,1.0,2.0,121.0,229779.0
8,8,31,2,4.0,6.0,4.0,670.0,1361440.0
5,3,37,1,3.0,4.0,1.0,250.0,387750.0
8,10,32,1,3.0,2.0,2.0,237.0,509076.0
4,4,38,1,3.0,2.0,2.0,151.0,241147.0
1,7,34,2,3.0,5.0,2.0,688.0,1411776.0
7,6,30,1,3.0,4.0,2.0,254.0,440436.0
7,6,18,5,3.0,5.0,3.0,354.0,609588.0
8,9,44,1,3.0,3.0,1.0,126.0,255150.0
2,5,12,2,6.0,2.0,4.0,445.0,605200.0
2,5,12,1,2.0,3.0,1.0,168.0,332304.0
2,5,12,5,6.0,6.0,2.0,688.0,1049200.0
4,4,38,2,6.0,6.0,3.0,403.0,595231.0
1,7,19,5,4.0,2.0,3.0,280.0,631680.0
6,1,23,4,1.0,2.0,2.0,218.0,251136.0
1,7,19,1,2.0,4.0,1.0,88.0,131120.0
8,10,49,2,4.0,3.0,3.0,528.0,589248.0
3,2,5,1,1.0,2.0,1.0,72.0,99576.0
4,4,15,2,6.0,3.0,3.0,518.0,566174.0
7,6,52,2,3.0,3.0,2.0,311.0,420783.0
7,6,52,1,3.0,4.0,2.0,58.0,92626.0
2,5,42,1,4.0,1.0,1.0,59.0,69797.0
4,4,47,1,1.0,2.0,2.0,129.0,211947.0
2,5,12,2,6.0,5.0,2.0,343.0,367010.0
3,2,10,2,3.0,3.0,3.0,194.0,331158.0
2,5,6,1,4.0,1.0,1.0,93.0,130758.0
3,2,10,2,3.0,4.0,3.0,483.0,690690.0
4,4,38,1,2.0,1.0,2.0,144.0,267408.0
2,5,42,1,1.0,2.0,2.0,104.0,185224.0
4,4,47,1,4.0,3.0,1.0,109.0,150420.0
6,1,23,5,4.0,6.0,4.0,243.0,337284.0
4,4,47,2,4.0,3.0,3.0,566.0,1246898.0
8,9,44,5,3.0,3.0,4.0,368.0,425408.0
1,7,34,1,3.0,1.0,2.0,76.0,154812.0
5,3,37,1,4.0,1.0,1.0,137.0,180840.0
8,9,51,2,4.0,4.0,3.0,213.0,380418.0
4,4,38,1,2.0,1.0,2.0,96.0,120096.0
3,2,10,2,4.0,3.0,4.0,254.0,526034.0
8,9,44,1,2.0,1.0,1.0,136.0,212024.0
1,7,19,2,4.0,5.0,2.0,236.0,470820.0
8,9,3,1,4.0,4.0,2.0,96.0,194784.0
1,7,27,2,5.0,5.0,4.0,734.0,1428364.0
6,1,33,5,4.0,2.0,3.0,378.0,437724.0
8,9,51,4,2.0,4.0,1.0,124.0,201996.0
4,4,48,1,3.0,2.0,2.0,175.0,338800.0
1,7,34,1,1.0,4.0,2.0,162.0,229716.0
7,6,50,2,6.0,3.0,3.0,743.0,1339629.0
7,6,52,1,3.0,1.0,2.0,50.0,82900.0
4,4,15,1,4.0,1.0,2.0,72.0,100152.0
5,3,41,1,4.0,2.0,2.0,89.0,170524.0
3,2,9,1,2.0,2.0,2.0,225.0,434025.0
4,4,15,2,3.0,2.0,3.0,380.0,706420.0
8,8,31,1,4.0,1.0,2.0,149.0,285186.0
3,2,10,2,4.0,2.0,4.0,591.0,959784.0
7,6,52,4,3.0,1.0,1.0,169.0,251810.0
8,8,20,1,3.0,2.0,2.0,110.0,205040.0
7,6,18,5,3.0,2.0,4.0,267.0,564171.0
3,2,10,2,3.0,6.0,3.0,182.0,416416.0
8,8,45,2,6.0,5.0,2.0,555.0,665445.0
1,7,19,1,1.0,1.0,2.0,123.0,149937.0
7,6,28,2,5.0,5.0,4.0,568.0,1564272.0
8,9,13,1,1.0,3.0,1.0,73.0,85483.0
5,3,37,2,6.0,2.0,2.0,688.0,1367056.0
2,5,6,1,1.0,3.0,1.0,88.0,159456.0
7,6,52,2,4.0,6.0,2.0,213.0,216621.0
1,7,4,1,4.0,3.0,2.0,118.0,241074.0
2,5,53,2,6.0,4.0,4.0,642.0,952086.0
7,6,11,1,4.0,3.0,1.0,64.0,107264.0
8,8,45,2,5.0,3.0,3.0,478.0,444540.0
2,5,6,3,3.0,3.0,3.0,533.0,1050010.0
6,1,23,1,4.0,4.0,2.0,186.0,248310.0
4,4,47,5,5.0,4.0,3.0,270.0,482490.0
7,6,24,1,3.0,4.0,1.0,120.0,198960.0
5,3,41,2,3.0,3.0,3.0,695.0,1160650.0
8,9,13,1,3.0,4.0,2.0,117.0,207909.0
1,7,34,1,4.0,2.0,1.0,116.0,216340.0
8,10,49,2,6.0,6.0,2.0,279.0,303552.0
8,8,31,4,3.0,1.0,2.0,155.0,305040.0
3,2,10,1,3.0,2.0,1.0,69.0,110193.0
2,5,12,1,2.0,1.0,2.0,235.0,353910.0
7,6,24,5,3.0,3.0,2.0,608.0,846336.0
8,9,13,1,4.0,2.0,1.0,135.0,240165.0
7,6,11,5,6.0,6.0,2.0,324.0,317844.0
7,6,52,4,3.0,3.0,2.0,128.0,242048.0
1,7,22,2,4.0,5.0,2.0,673.0,1326483.0
7,6,52,4,2.0,1.0,2.0,160.0,201600.0
6,1,33,1,1.0,3.0,2.0,254.0,354330.0
5,3,37,1,4.0,4.0,2.0,170.0,302090.0
7,6,30,1,3.0,4.0,2.0,67.0,105994.0
7,6,24,2,4.0,6.0,4.0,398.0,676998.0
1,7,27,4,4.0,2.0,2.0,135.0,166185.0
5,3,37,2,4.0,6.0,4.0,207.0,222939.0
8,9,13,5,5.0,4.0,3.0,428.0,733592.0
2,5,17,2,3.0,4.0,3.0,747.0,1249731.0
8,9,3,1,2.0,1.0,2.0,57.0,111549.0
2,5,12,2,3.0,4.0,2.0,284.0,461500.0
1,7,4,1,4.0,3.0,1.0,113.0,136504.0
8,10,32,4,2.0,4.0,1.0,187.0,364089.0
8,9,13,2,5.0,5.0,2.0,244.0,259860.0
8,9,51,2,3.0,5.0,4.0,370.0,736670.0
6,1,39,1,1.0,4.0,2.0,69.0,120957.0
7,6,50,1,3.0,4.0,2.0,109.0,198816.0
4,4,15,1,3.0,1.0,1.0,92.0,134320.0
2,5,8,2,4.0,6.0,4.0,733.0,1851558.0
4,4,38,2,5.0,6.0,3.0,579.0,1190424.0
5,3,41,1,2.0,2.0,2.0,164.0,192372.0
2,5,8,2,3.0,3.0,4.0,351.0,1149525.0
3,2,10,5,6.0,2.0,4.0,351.0,448929.0
8,9,51,2,6.0,5.0,4.0,626.0,907700.0
8,9,44,3,5.0,4.0,4.0,419.0,744982.0
4,4,38,1,3.0,2.0,2.0,86.0,176042.0
4,4,47,1,2.0,1.0,2.0,164.0,256332.0
7,6,52,4,1.0,4.0,1.0,220.0,344520.0
8,10,49,1,3.0,3.0,2.0,112.0,201600.0
4,4,7,2,4.0,5.0,3.0,217.0,209188.0
7,6,50,2,5.0,6.0,3.0,403.0,392522.0
8,9,44,2,4.0,3.0,4.0,532.0,940044.0
1,7,22,1,3.0,1.0,1.0,134.0,241200.0
2,5,42,3,5.0,5.0,4.0,334.0,896790.0
3,2,9,1,4.0,3.0,2.0,215.0,680475.0
8,10,32,5,5.0,5.0,4.0,190.0,277020.0
7,6,30,1,4.0,4.0,1.0,103.0,152749.0
8,9,51,4,2.0,3.0,2.0,140.0,287280.0
6,1,33,2,6.0,3.0,2.0,448.0,667520.0
5,3,41,1,3.0,2.0,2.0,120.0,139800.0
6,1,23,2,5.0,3.0,2.0,267.0,297171.0
1,7,21,5,4.0,6.0,4.0,209.0,474430.0
8,8,20,1,4.0,1.0,2.0,86.0,133988.0
8,10,49,1,1.0,3.0,1.0,59.0,66906.0
8,8,14,5,4.0,5.0,3.0,382.0,579494.0
4,4,48,2,6.0,5.0,2.0,703.0,1260479.0
8,8,14,3,4.0,5.0,3.0,537.0,1209861.0
6,1,39,3,5.0,4.0,3.0,473.0,1039181.0
5,3,16,1,3.0,3.0,1.0,137.0,241531.0
8,10,32,2,3.0,5.0,2.0,487.0,926274.0
2,5,42,5,4.0,6.0,3.0,344.0,778128.0
2,5,8,1,3.0,2.0,1.0,166.0,546638.0
8,9,51,1,3.0,1.0,1.0,206.0,304468.0
8,8,14,5,5.0,5.0,3.0,482.0,724928.0
8,9,51,5,3.0,3.0,3.0,574.0,1219750.0
7,6,52,2,4.0,4.0,2.0,373.0,593816.0
8,10,40,1,1.0,2.0,2.0,123.0,137637.0
8,9,3,4,4.0,2.0,2.0,214.0,245030.0
5,3,16,2,3.0,6.0,2.0,550.0,1210550.0
8,9,13,1,3.0,1.0,1.0,122.0,253638.0
5,3,16,2,4.0,3.0,3.0,489.0,822498.0
1,7,35,1,1.0,1.0,1.0,254.0,676656.0
8,10,49,5,5.0,5.0,2.0,386.0,497168.0
5,3,41,1,2.0,4.0,2.0,189.0,368739.0
8,8,20,1,3.0,2.0,1.0,246.0,329148.0
8,9,51,1,1.0,2.0,1.0,107.0,126260.0
8,8,14,1,3.0,1.0,1.0,208.0,250224.0
3,2,10,1,1.0,4.0,2.0,127.0,233426.0
8,9,3,2,3.0,6.0,4.0,216.0,410400.0
8,9,51,1,2.0,3.0,2.0,193.0,293939.0
8,8,45,4,2.0,4.0,2.0,175.0,211750.0
7,6,18,3,3.0,3.0,4.0,331.0,867882.0
5,3,37,1,4.0,3.0,1.0,132.0,153252.0
8,8,20,1,2.0,1.0,1.0,119.0,195041.0
5,3,16,1,4.0,1.0,2.0,182.0,377104.0
4,4,15,2,6.0,5.0,3.0,337.0,533471.0
6,1,33,2,6.0,3.0,2.0,583.0,526449.0
8,10,32,4,1.0,1.0,1.0,130.0,260000.0
1,7,21,1,4.0,2.0,1.0,158.0,302886.0
6,1,33,2,5.0,5.0,4.0,586.0,974518.0
5,3,37,5,4.0,3.0,2.0,652.0,633092.0
1,7,19,2,5.0,6.0,2.0,207.0,421659.0
6,1,33,2,3.0,6.0,3.0,382.0,519902.0
8,9,3,2,3.0,5.0,3.0,727.0,1348585.0
7,6,30,5,4.0,6.0,4.0,355.0,478540.0
6,1,23,1,1.0,4.0,1.0,86.0,151790.0
3,2,10,2,5.0,6.0,3.0,460.0,726340.0
2,5,6,2,3.0,6.0,3.0,204.0,262956.0
7,6,11,1,2.0,4.0,2.0,188.0,286136.0
3,2,10,1,4.0,2.0,1.0,111.0,125874.0
1,7,22,1,4.0,3.0,2.0,143.0,248391.0
4,4,48,5,5.0,6.0,3.0,671.0,935374.0
8,8,45,2,3.0,3.0,2.0,589.0,775124.0
8,8,45,1,2.0,4.0,2.0,152.0,178752.0
