id,provincia,ciudad,sector,tipo_propiedad,habitaciones,banos,parqueos,m2_construccion,precio_usd
1,1,7,21,1,1.0,2.0,1.0,147.0,245343.0
2,6,1,39,5,4.0,4.0,3.0,394.0,875468.0
3,7,6,18,1,2.0,2.0,1.0,168.0,315336.0
4,7,6,28,1,1.0,2.0,1.0,256.0,692736.0
5,4,4,15,2,5.0,3.0,4.0,691.0,1147060.0
6,6,1,33,2,4.0,6.0,4.0,449.0,919103.0
7,4,4,38,1,2.0,2.0,2.0,73.0,87308.0
8,8,8,20,1,4.0,1.0,2.0,147.0,302526.0
9,3,2,5,4,1.0,1.0,2.0,246.0,441816.0
10,8,8,14,1,4.0,1.0,2.0,178.0,260770.0
11,3,2,9,5,5.0,6.0,4.0,383.0,690166.0
12,2,5,8,1,1.0,3.0,2.0,54.0,111186.0
13,2,5,42,2,4.0,6.0,2.0,267.0,492615.0
14,8,8,2,1,2.0,2.0,2.0,190.0,273220.0
15,7,6,26,4,2.0,3.0,2.0,221.0,411944.0
16,6,1,39,1,2.0,2.0,1.0,136.0,155448.0
17,5,3,41,2,4.0,2.0,2.0,240.0,316320.0
18,8,8,1,5,3.0,6.0,2.0,465.0,1032300.0
19,6,1,33,1,4.0,2.0,2.0,256.0,494848.0
20,8,10,25,2,6.0,4.0,3.0,600.0,1083600.0
21,1,7,35,2,5.0,2.0,2.0,376.0,721920.0
22,3,2,5,2,4.0,4.0,3.0,435.0,436740.0
23,6,1,39,2,3.0,2.0,2.0,350.0,588700.0
24,6,1,23,2,6.0,2.0,2.0,568.0,485072.0
25,4,4,15,3,4.0,4.0,3.0,504.0,1438920.0
26,6,1,33,2,4.0,2.0,4.0,735.0,715890.0
27,2,5,6,2,6.0,6.0,4.0,341.0,329406.0
28,3,2,9,5,3.0,6.0,2.0,420.0,1090740.0
29,8,8,29,2,3.0,6.0,2.0,609.0,1337364.0
30,5,3,41,1,3.0,2.0,2.0,111.0,182373.0
31,4,4,7,1,3.0,4.0,2.0,242.0,302016.0
32,1,7,19,1,1.0,1.0,1.0,179.0,294097.0
33,8,9,13,5,4.0,4.0,3.0,341.0,595727.0
34,3,2,10,1,1.0,3.0,1.0,84.0,137844.0
35,8,8,1,1,2.0,3.0,2.0,204.0,312324.0
36,2,5,8,1,3.0,4.0,2.0,63.0,125811.0
37,4,4,15,2,5.0,3.0,4.0,448.0,528640.0
38,6,1,39,1,1.0,1.0,1.0,226.0,317530.0
39,3,2,9,5,4.0,5.0,2.0,222.0,509490.0
40,2,5,6,5,4.0,3.0,4.0,285.0,448590.0
41,3,2,5,4,2.0,2.0,1.0,254.0,371348.0
42,4,4,47,2,5.0,5.0,4.0,434.0,605864.0
43,8,9,51,1,1.0,4.0,1.0,101.0,206242.0
44,2,5,42,5,4.0,3.0,2.0,377.0,628082.0
45,2,5,42,5,5.0,4.0,4.0,701.0,1169268.0
46,3,2,5,3,3.0,4.0,2.0,517.0,1056231.0
47,1,7,35,1,3.0,3.0,2.0,205.0,682035.0
48,8,8,45,5,4.0,4.0,2.0,626.0,533978.0
49,3,2,10,1,2.0,3.0,2.0,67.0,118992.0
50,5,3,16,1,1.0,3.0,2.0,220.0,425920.0
51,2,5,17,1,2.0,2.0,2.0,220.0,412720.0
52,8,9,13,1,1.0,3.0,2.0,103.0,203940.0
53,5,3,41,1,4.0,4.0,2.0,222.0,341214.0
55,8,10,49,2,4.0,3.0,2.0,227.0,306677.0
56,6,1,39,5,3.0,5.0,3.0,379.0,862604.0
57,4,4,48,1,2.0,1.0,1.0,249.0,490530.0
58,8,10,40,5,6.0,2.0,4.0,435.0,477630.0
59,6,1,33,5,5.0,5.0,4.0,696.0,1199208.0
60,3,2,5,5,6.0,5.0,3.0,433.0,933115.0
61,7,6,52,1,3.0,4.0,1.0,232.0,390920.0
62,8,10,49,1,1.0,2.0,1.0,109.0,205356.0
63,8,9,3,2,6.0,4.0,4.0,657.0,1117557.0
64,1,7,21,5,6.0,6.0,4.0,200.0,405800.0
65,4,4,48,2,5.0,4.0,3.0,609.0,1188768.0
66,3,2,10,5,6.0,3.0,3.0,626.0,1154344.0
67,1,7,43,1,4.0,2.0,2.0,82.0,94710.0
68,4,4,38,1,1.0,1.0,2.0,84.0,171780.0
69,8,9,51,2,5.0,3.0,3.0,514.0,792074.0
70,4,4,15,1,4.0,3.0,1.0,170.0,193630.0
71,3,2,9,4,3.0,2.0,1.0,249.0,456168.0
72,1,7,21,2,3.0,6.0,2.0,424.0,469792.0
73,6,1,39,2,4.0,5.0,4.0,442.0,709410.0
74,8,9,51,1,2.0,3.0,1.0,198.0,228096.0
75,7,6,26,1,2.0,1.0,1.0,76.0,130492.0
76,5,3,37,1,1.0,3.0,2.0,219.0,406902.0
77,8,8,29,1,1.0,4.0,2.0,77.0,152999.0
78,2,5,53,5,6.0,3.0,3.0,360.0,690480.0
79,7,6,52,1,3.0,3.0,1.0,72.0,120312.0
80,6,1,33,1,4.0,3.0,1.0,176.0,310640.0
81,8,9,44,2,5.0,4.0,3.0,462.0,918456.0
82,1,7,46,3,3.0,3.0,4.0,428.0,1070000.0
83,3,2,9,1,4.0,4.0,1.0,73.0,192574.0
84,8,10,32,1,3.0,3.0,2.0,191.0,344564.0
85,4,4,38,1,4.0,3.0,2.0,114.0,179208.0
86,8,8,31,2,3.0,6.0,4.0,369.0,458298.0
87,8,10,32,2,5.0,2.0,2.0,483.0,635145.0
88,2,5,8,1,2.0,3.0,1.0,63.0,165753.0
89,8,9,44,2,3.0,6.0,3.0,660.0,1207800.0
90,6,1,23,2,3.0,4.0,3.0,296.0,290968.0
91,4,4,48,2,3.0,3.0,2.0,491.0,502784.0
92,8,10,25,1,4.0,2.0,2.0,165.0,330990.0
93,7,6,26,1,1.0,1.0,1.0,210.0,321720.0
94,7,6,18,2,4.0,6.0,2.0,340.0,290700.0
95,4,4,48,1,4.0,3.0,1.0,109.0,184210.0
96,7,6,52,2,4.0,4.0,4.0,382.0,657040.0
97,8,8,29,2,4.0,4.0,2.0,253.0,245916.0
98,8,9,13,1,3.0,4.0,1.0,169.0,291018.0
99,4,4,15,1,4.0,4.0,1.0,203.0,239743.0
100,4,4,15,1,1.0,1.0,1.0,222.0,253524.0
101,7,6,24,1,2.0,4.0,2.0,121.0,177991.0
102,5,3,16,1,4.0,1.0,2.0,139.0,269104.0
103,2,5,42,1,2.0,3.0,2.0,227.0,479878.0
104,7,6,26,5,3.0,5.0,2.0,502.0,685732.0
105,2,5,6,4,4.0,1.0,2.0,155.0,187705.0
106,8,10,49,1,4.0,4.0,1.0,102.0,167892.0
107,3,2,9,3,4.0,5.0,3.0,282.0,681312.0
108,5,3,37,1,3.0,1.0,2.0,73.0,113880.0
109,8,8,45,3,5.0,3.0,3.0,369.0,937998.0
110,7,6,26,5,6.0,3.0,3.0,744.0,852624.0
111,4,4,7,3,5.0,5.0,2.0,255.0,526575.0
112,4,4,15,3,5.0,4.0,2.0,364.0,768404.0
113,5,3,41,4,4.0,2.0,2.0,187.0,391017.0
114,2,5,42,1,4.0,4.0,2.0,98.0,155722.0
115,5,3,16,2,6.0,2.0,3.0,664.0,1523216.0
116,4,4,48,4,2.0,4.0,1.0,82.0,174496.0
117,5,3,16,5,6.0,2.0,4.0,647.0,570007.0
118,8,9,44,5,4.0,2.0,3.0,451.0,695893.0
119,5,3,41,1,1.0,3.0,2.0,131.0,274969.0
120,3,2,9,1,2.0,3.0,1.0,241.0,479831.0
121,4,4,47,1,1.0,4.0,1.0,227.0,388851.0
122,1,7,36,1,1.0,3.0,2.0,145.0,445440.0
123,8,9,3,1,2.0,2.0,1.0,70.0,131810.0
124,5,3,41,2,4.0,3.0,3.0,440.0,788040.0
125,7,6,24,5,6.0,4.0,4.0,739.0,866847.0
126,8,8,45,3,5.0,4.0,4.0,437.0,879244.0
127,6,1,23,2,6.0,5.0,2.0,422.0,688282.0
128,5,3,16,1,3.0,1.0,2.0,120.0,133920.0
129,5,3,41,1,1.0,4.0,2.0,248.0,389608.0
130,5,3,16,2,4.0,6.0,3.0,320.0,683520.0
131,8,8,31,1,3.0,4.0,1.0,198.0,365706.0
132,8,9,51,3,4.0,5.0,3.0,309.0,590499.0
133,8,9,13,1,3.0,2.0,2.0,173.0,294792.0
134,2,5,6,1,1.0,2.0,1.0,223.0,426599.0
135,3,2,5,2,6.0,2.0,3.0,729.0,804087.0
136,6,1,23,1,3.0,4.0,2.0,77.0,121506.0
137,6,1,33,1,3.0,2.0,1.0,212.0,434600.0
138,7,6,26,2,3.0,2.0,3.0,684.0,743508.0
139,8,8,20,5,4.0,5.0,3.0,559.0,1242657.0
140,3,2,5,1,2.0,4.0,1.0,175.0,338625.0
141,7,6,24,1,2.0,4.0,2.0,110.0,202620.0
142,8,8,31,1,3.0,1.0,2.0,120.0,178560.0
143,8,8,2,5,3.0,3.0,4.0,201.0,191553.0
144,2,5,8,4,2.0,1.0,1.0,200.0,478000.0
145,8,10,49,1,1.0,3.0,1.0,83.0,133879.0
146,8,9,51,1,1.0,2.0,1.0,141.0,223767.0
147,5,3,16,2,5.0,2.0,2.0,611.0,1177397.0
148,8,8,31,2,6.0,4.0,4.0,291.0,516525.0
149,3,2,9,3,3.0,5.0,4.0,486.0,1594566.0
150,6,1,39,4,1.0,4.0,2.0,159.0,210039.0
151,6,1,39,3,3.0,3.0,3.0,531.0,957393.0
152,8,8,20,2,5.0,5.0,4.0,723.0,1050519.0
153,6,1,39,1,1.0,1.0,1.0,160.0,323840.0
154,8,10,32,1,4.0,4.0,2.0,236.0,305384.0
155,2,5,17,1,3.0,3.0,1.0,225.0,465975.0
156,8,8,1,5,3.0,5.0,2.0,561.0,626076.0
157,3,2,9,1,3.0,1.0,2.0,140.0,426580.0
158,1,7,22,1,3.0,1.0,1.0,89.0,185743.0
159,8,10,25,1,3.0,1.0,2.0,196.0,306348.0
160,4,4,38,4,1.0,3.0,1.0,96.0,159264.0
161,7,6,50,1,2.0,2.0,2.0,67.0,93130.0
162,1,7,35,1,2.0,4.0,2.0,166.0,462476.0
163,8,9,13,1,3.0,1.0,1.0,89.0,126558.0
164,5,3,37,1,3.0,4.0,2.0,174.0,348870.0
165,4,4,15,2,3.0,4.0,3.0,293.0,418990.0
166,5,3,16,1,3.0,1.0,1.0,151.0,183012.0
167,1,7,21,1,2.0,2.0,2.0,124.0,219604.0
168,8,8,1,1,4.0,2.0,1.0,147.0,230937.0
169,3,2,10,5,5.0,2.0,3.0,223.0,388689.0
170,1,7,19,3,4.0,5.0,3.0,513.0,1194264.0
171,4,4,15,2,3.0,4.0,2.0,651.0,1472562.0
172,2,5,6,1,1.0,2.0,2.0,200.0,384000.0
173,3,2,9,1,3.0,3.0,1.0,135.0,302130.0
174,8,8,29,1,2.0,3.0,2.0,236.0,330872.0
175,8,10,25,2,4.0,3.0,4.0,336.0,736512.0
176,8,8,20,4,4.0,4.0,2.0,224.0,394464.0
177,2,5,8,1,4.0,4.0,2.0,253.0,651728.0
178,5,3,37,1,1.0,3.0,2.0,165.0,194205.0
179,1,7,27,5,3.0,2.0,4.0,699.0,1144263.0
180,6,1,39,1,1.0,4.0,1.0,132.0,273768.0
181,3,2,9,4,4.0,1.0,2.0,232.0,457272.0
182,3,2,10,2,4.0,5.0,3.0,716.0,1374720.0
183,5,3,37,1,3.0,4.0,2.0,248.0,444416.0
184,5,3,37,1,3.0,1.0,2.0,74.0,139934.0
185,7,6,30,1,2.0,3.0,1.0,199.0,276411.0
186,2,5,42,4,4.0,2.0,1.0,129.0,241359.0
187,2,5,8,1,1.0,4.0,2.0,54.0,154170.0
188,7,6,11,4,3.0,4.0,1.0,107.0,147767.0
189,8,9,51,2,3.0,6.0,4.0,719.0,666513.0
190,2,5,12,2,6.0,3.0,2.0,365.0,827820.0
191,5,3,37,1,1.0,4.0,2.0,223.0,353678.0
192,6,1,39,2,6.0,3.0,4.0,424.0,628792.0
193,6,1,33,1,4.0,4.0,2.0,249.0,468618.0
194,3,2,10,1,2.0,2.0,1.0,114.0,137484.0
195,6,1,23,1,1.0,1.0,2.0,71.0,101388.0
196,7,6,52,3,3.0,4.0,2.0,333.0,806859.0
197,2,5,6,1,4.0,3.0,1.0,148.0,187516.0
198,2,5,8,2,3.0,4.0,2.0,320.0,460160.0
199,7,6,52,1,2.0,4.0,2.0,207.0,229770.0
200,8,8,1,2,4.0,6.0,4.0,720.0,1235520.0
201,8,8,2,2,5.0,2.0,2.0,424.0,724616.0
202,5,3,16,2,6.0,6.0,4.0,196.0,420224.0
203,3,2,10,2,4.0,4.0,3.0,181.0,381729.0
204,2,5,8,1,2.0,1.0,2.0,67.0,222105.0
205,3,2,10,2,6.0,1.0,4.0,576.0,929664.0
206,1,7,27,1,3.0,2.0,1.0,247.0,439660.0
207,8,9,51,1,3.0,2.0,2.0,228.0,474240.0
208,8,9,3,2,6.0,2.0,3.0,386.0,362454.0
209,8,10,25,1,3.0,4.0,2.0,114.0,133836.0
210,8,10,49,1,1.0,3.0,2.0,81.0,150093.0
211,4,4,48,1,4.0,3.0,1.0,177.0,374886.0
212,2,5,12,2,3.0,5.0,2.0,620.0,1291460.0
213,8,9,13,1,1.0,3.0,2.0,128.0,257664.0
214,5,3,41,1,4.0,3.0,2.0,60.0,109320.0
215,5,3,16,2,3.0,2.0,4.0,595.0,948430.0
216,3,2,10,1,1.0,2.0,2.0,58.0,78764.0
217,8,8,20,1,3.0,3.0,2.0,195.0,227370.0
219,8,9,13,1,3.0,2.0,1.0,56.0,82936.0
220,6,1,39,1,1.0,3.0,2.0,230.0,462990.0
221,8,10,49,1,4.0,2.0,1.0,84.0,105084.0
222,6,1,33,5,6.0,2.0,4.0,507.0,1124019.0
223,2,5,53,2,5.0,4.0,2.0,358.0,569220.0
224,3,2,9,2,4.0,3.0,2.0,685.0,958315.0
225,2,5,12,1,4.0,2.0,1.0,66.0,114378.0
226,4,4,48,1,4.0,1.0,1.0,131.0,163881.0
227,6,1,23,1,3.0,2.0,1.0,246.0,335544.0
228,4,4,38,3,3.0,3.0,4.0,298.0,632356.0
229,8,9,3,1,2.0,3.0,2.0,70.0,112910.0
230,8,10,49,2,5.0,6.0,4.0,275.0,516725.0
231,8,9,3,2,5.0,6.0,2.0,209.0,212344.0
232,1,7,34,2,4.0,6.0,3.0,211.0,394359.0
233,3,2,5,1,3.0,4.0,1.0,256.0,494336.0
234,7,6,52,2,3.0,3.0,3.0,605.0,1113805.0
235,6,1,33,1,2.0,3.0,2.0,237.0,428259.0
236,4,4,7,1,1.0,3.0,1.0,169.0,228150.0
237,7,6,52,2,3.0,2.0,3.0,573.0,1209030.0
238,4,4,7,4,2.0,3.0,2.0,98.0,139748.0
239,6,1,39,1,3.0,4.0,1.0,73.0,139065.0
240,3,2,5,4,2.0,3.0,1.0,62.0,103912.0
241,6,1,39,5,6.0,4.0,4.0,188.0,201160.0
242,4,4,7,5,5.0,5.0,3.0,226.0,377420.0
243,1,7,34,1,3.0,3.0,1.0,148.0,315536.0
244,6,1,39,2,3.0,3.0,2.0,583.0,940962.0
246,1,7,36,2,5.0,5.0,4.0,647.0,1158130.0
247,5,3,41,2,5.0,3.0,3.0,486.0,1003590.0
248,2,5,12,5,6.0,6.0,3.0,666.0,588744.0
249,2,5,42,1,4.0,3.0,1.0,202.0,418342.0
250,7,6,28,1,4.0,2.0,2.0,87.0,215151.0
251,1,7,34,3,3.0,3.0,2.0,445.0,953190.0
252,4,4,7,1,2.0,4.0,2.0,238.0,292026.0
253,8,9,3,1,4.0,4.0,2.0,94.0,191854.0
254,3,2,5,1,3.0,4.0,1.0,113.0,188823.0
255,3,2,5,2,5.0,4.0,4.0,392.0,887096.0
256,6,1,23,1,3.0,3.0,1.0,196.0,367892.0
257,4,4,15,4,2.0,3.0,1.0,123.0,155103.0
258,2,5,17,1,4.0,2.0,1.0,187.0,309485.0
259,3,2,10,2,3.0,6.0,4.0,425.0,572050.0
260,1,7,46,2,4.0,2.0,2.0,603.0,920178.0
261,6,1,33,1,2.0,1.0,0.0,154.0,319396.0
262,8,10,49,1,1.0,1.0,1.0,186.0,218736.0
263,8,9,44,5,4.0,2.0,3.0,687.0,845697.0
264,7,6,24,2,3.0,4.0,3.0,645.0,1395135.0
265,3,2,10,1,2.0,4.0,2.0,99.0,131670.0
266,2,5,8,1,3.0,2.0,1.0,238.0,660212.0
267,7,6,28,2,6.0,5.0,4.0,515.0,819365.0
268,4,4,47,2,4.0,5.0,3.0,434.0,374542.0
269,7,6,26,2,5.0,4.0,3.0,191.0,264535.0
270,2,5,53,2,3.0,5.0,3.0,343.0,576240.0
271,3,2,10,1,1.0,3.0,2.0,207.0,321264.0
272,8,10,40,1,4.0,3.0,2.0,229.0,472656.0
273,3,2,10,5,4.0,6.0,2.0,718.0,1266552.0
274,3,2,10,1,1.0,1.0,1.0,196.0,275576.0
275,8,9,13,5,6.0,2.0,4.0,390.0,797160.0
276,6,1,33,5,6.0,2.0,3.0,315.0,598815.0
277,4,4,48,1,4.0,3.0,1.0,151.0,244771.0
278,1,7,21,1,1.0,4.0,2.0,229.0,281670.0
279,3,2,9,3,3.0,4.0,2.0,366.0,1325652.0
280,8,9,3,1,4.0,3.0,2.0,164.0,307172.0
281,4,4,47,1,2.0,3.0,1.0,95.0,180880.0
282,3,2,9,1,2.0,1.0,1.0,126.0,399924.0
283,3,2,5,1,2.0,2.0,2.0,138.0,195546.0
284,7,6,28,3,5.0,3.0,2.0,434.0,1855784.0
285,1,7,21,2,3.0,6.0,2.0,637.0,1321138.0
286,1,7,21,1,4.0,4.0,1.0,188.0,290272.0
287,1,7,4,1,3.0,2.0,2.0,197.0,345932.0
288,8,10,49,5,4.0,5.0,3.0,461.0,449014.0
289,3,2,10,5,4.0,5.0,4.0,687.0,649902.0
290,2,5,53,1,3.0,4.0,2.0,88.0,150832.0
291,4,4,7,1,4.0,2.0,1.0,126.0,175770.0
292,6,1,33,1,4.0,2.0,2.0,112.0,181664.0
293,8,10,49,1,4.0,3.0,1.0,187.0,278630.0
294,1,7,22,1,1.0,1.0,1.0,255.0,393720.0
295,6,1,33,5,5.0,4.0,2.0,396.0,490644.0
296,8,8,31,4,4.0,2.0,1.0,151.0,240090.0
297,3,2,5,1,4.0,4.0,2.0,128.0,209280.0
298,2,5,12,5,6.0,2.0,4.0,660.0,993300.0
299,8,10,49,1,1.0,2.0,1.0,54.0,88236.0
300,3,2,10,1,4.0,3.0,1.0,100.0,177500.0
301,8,10,32,1,2.0,4.0,2.0,115.0,241500.0
302,6,1,23,2,5.0,3.0,2.0,739.0,1367150.0
303,8,9,51,1,1.0,1.0,1.0,155.0,214055.0
304,8,10,25,1,1.0,2.0,2.0,145.0,177335.0
305,5,3,41,1,4.0,4.0,1.0,51.0,99042.0
306,1,7,36,1,3.0,3.0,1.0,178.0,546460.0
307,8,9,51,3,5.0,3.0,2.0,318.0,880542.0
308,3,2,5,5,5.0,5.0,2.0,562.0,944722.0
309,6,1,39,2,4.0,4.0,4.0,262.0,573256.0
310,1,7,35,1,4.0,4.0,1.0,213.0,369342.0
311,8,9,51,1,4.0,3.0,1.0,185.0,219595.0
312,8,10,40,3,5.0,5.0,3.0,358.0,571010.0
313,8,8,31,3,5.0,5.0,4.0,236.0,440612.0
314,2,5,6,4,2.0,4.0,1.0,126.0,180432.0
315,5,3,37,1,4.0,3.0,2.0,243.0,336798.0
316,8,8,29,1,3.0,1.0,1.0,161.0,253575.0
317,8,8,14,1,4.0,3.0,1.0,212.0,351708.0
318,6,1,23,2,6.0,5.0,2.0,569.0,583225.0
319,5,3,16,1,1.0,1.0,2.0,89.0,167142.0
320,8,9,44,1,1.0,1.0,1.0,128.0,257280.0
321,2,5,42,2,3.0,3.0,3.0,639.0,1271610.0
322,3,2,10,1,1.0,1.0,2.0,191.0,246390.0
323,5,3,41,1,4.0,1.0,2.0,155.0,293570.0
324,8,8,31,3,3.0,5.0,4.0,306.0,697374.0
325,8,9,3,2,5.0,5.0,2.0,244.0,290848.0
326,4,4,15,1,4.0,1.0,2.0,114.0,182970.0
327,6,1,39,1,4.0,1.0,1.0,127.0,141351.0
328,4,4,15,5,6.0,4.0,3.0,522.0,903582.0
329,5,3,37,1,2.0,4.0,2.0,95.0,181925.0
330,2,5,42,1,4.0,2.0,2.0,146.0,244404.0
331,4,4,15,2,4.0,6.0,4.0,364.0,817544.0
332,3,2,9,4,4.0,2.0,2.0,254.0,667512.0
333,8,8,2,5,6.0,5.0,2.0,490.0,659050.0
334,7,6,11,1,4.0,1.0,2.0,203.0,422443.0
335,5,3,16,1,4.0,1.0,2.0,229.0,291746.0
336,8,8,2,2,5.0,3.0,4.0,225.0,450675.0
337,4,4,15,4,4.0,1.0,1.0,75.0,122175.0
338,8,10,40,1,4.0,4.0,1.0,138.0,158700.0
339,6,1,33,2,3.0,2.0,4.0,325.0,507975.0
340,7,6,50,1,2.0,4.0,2.0,171.0,222129.0
341,6,1,39,1,3.0,1.0,2.0,61.0,81435.0
342,1,7,27,1,2.0,2.0,1.0,191.0,272557.0
343,2,5,12,1,4.0,2.0,2.0,211.0,311647.0
344,8,9,44,1,2.0,4.0,2.0,149.0,165241.0
345,8,10,40,2,3.0,6.0,2.0,729.0,898128.0
346,2,5,42,2,3.0,4.0,4.0,681.0,1314330.0
347,2,5,12,1,4.0,1.0,2.0,140.0,285180.0
348,5,3,37,5,5.0,6.0,4.0,266.0,592116.0
349,8,9,13,2,5.0,2.0,2.0,562.0,1275740.0
350,8,9,44,1,2.0,4.0,2.0,97.0,203312.0
351,3,2,10,3,3.0,5.0,2.0,470.0,982770.0
352,8,9,3,1,4.0,1.0,2.0,52.0,108784.0
353,8,9,3,5,6.0,5.0,4.0,683.0,1161783.0
354,6,1,23,2,3.0,3.0,3.0,213.0,300756.0
355,8,10,49,2,6.0,6.0,4.0,687.0,1356825.0
357,8,10,32,2,4.0,4.0,2.0,640.0,888320.0
358,2,5,6,1,1.0,2.0,1.0,257.0,467226.0
359,5,3,41,1,2.0,2.0,1.0,256.0,312576.0
360,5,3,16,1,2.0,3.0,2.0,124.0,204228.0
361,3,2,10,5,4.0,5.0,2.0,463.0,1015359.0
362,8,9,3,2,5.0,3.0,4.0,582.0,1077864.0
363,8,9,13,1,4.0,4.0,1.0,212.0,273480.0
364,4,4,38,1,3.0,4.0,2.0,133.0,146965.0
365,8,8,31,4,3.0,1.0,2.0,105.0,207795.0
366,8,10,32,2,5.0,4.0,4.0,313.0,628817.0
367,6,1,23,5,3.0,2.0,2.0,650.0,573950.0
368,8,8,2,2,6.0,2.0,3.0,387.0,874620.0
369,8,9,13,2,5.0,2.0,4.0,549.0,747738.0
370,8,8,14,1,2.0,1.0,2.0,210.0,362250.0
371,8,10,32,1,1.0,1.0,1.0,172.0,216548.0
372,8,9,3,1,4.0,1.0,1.0,228.0,411084.0
373,8,8,2,1,2.0,4.0,1.0,108.0,203472.0
374,8,8,31,5,3.0,4.0,3.0,486.0,549180.0
375,4,4,7,1,2.0,1.0,1.0,206.0,295816.0
376,6,1,23,1,2.0,4.0,2.0,105.0,134085.0
377,8,8,20,1,4.0,3.0,2.0,130.0,180180.0
378,8,10,49,1,2.0,3.0,1.0,218.0,374306.0
379,8,10,40,1,3.0,1.0,1.0,176.0,332640.0
380,8,8,20,1,1.0,1.0,2.0,131.0,179470.0
381,4,4,38,1,2.0,4.0,1.0,54.0,66852.0
382,1,7,22,2,3.0,5.0,4.0,473.0,1010801.0
383,3,2,5,1,4.0,1.0,1.0,121.0,153791.0
384,7,6,18,1,2.0,2.0,2.0,150.0,185250.0
385,7,6,26,1,2.0,1.0,1.0,72.0,143208.0
386,8,8,45,1,1.0,3.0,1.0,80.0,90000.0
387,8,9,51,2,5.0,6.0,4.0,445.0,529995.0
388,2,5,8,1,3.0,1.0,1.0,135.0,414045.0
389,7,6,18,2,3.0,5.0,3.0,703.0,1115661.0
390,1,7,19,5,4.0,4.0,2.0,441.0,467460.0
391,5,3,41,1,2.0,1.0,1.0,53.0,84800.0
392,1,7,19,1,2.0,2.0,1.0,191.0,373978.0
393,8,10,49,2,5.0,4.0,2.0,561.0,613734.0
394,3,2,10,3,3.0,3.0,4.0,243.0,564003.0
395,8,8,45,5,5.0,4.0,2.0,746.0,1331610.0
396,1,7,27,2,5.0,6.0,2.0,655.0,1050620.0
397,5,3,16,4,2.0,2.0,1.0,51.0,98889.0
398,1,7,21,1,1.0,3.0,1.0,244.0,456280.0
399,7,6,18,2,4.0,5.0,3.0,241.0,274981.0
400,7,6,18,2,4.0,6.0,3.0,561.0,1003068.0
401,8,8,29,2,4.0,5.0,2.0,243.0,422820.0
402,8,9,3,2,5.0,5.0,4.0,514.0,771514.0
403,6,1,23,2,4.0,3.0,4.0,291.0,339888.0
404,8,8,20,1,3.0,4.0,1.0,187.0,342771.0
405,8,10,32,1,3.0,1.0,1.0,90.0,155070.0
406,5,3,37,2,5.0,3.0,2.0,434.0,684852.0
407,4,4,38,2,5.0,4.0,2.0,211.0,354058.0
408,6,1,39,1,2.0,1.0,2.0,76.0,105336.0
409,8,8,1,2,4.0,3.0,2.0,590.0,951080.0
410,8,8,29,1,1.0,1.0,1.0,100.0,200800.0
411,8,9,51,3,4.0,3.0,2.0,456.0,730968.0
412,8,9,44,5,6.0,5.0,2.0,571.0,1284179.0
413,4,4,7,1,2.0,3.0,2.0,164.0,230256.0
414,1,7,34,1,2.0,3.0,2.0,155.0,322555.0
415,1,7,35,2,4.0,5.0,2.0,718.0,1513544.0
416,3,2,9,4,3.0,4.0,2.0,138.0,455124.0
417,2,5,17,2,3.0,4.0,4.0,404.0,367640.0
418,7,6,24,5,6.0,6.0,3.0,418.0,491568.0
419,8,8,20,1,3.0,1.0,1.0,197.0,373315.0
420,2,5,8,2,5.0,4.0,4.0,208.0,738192.0
421,2,5,12,1,2.0,4.0,2.0,94.0,197776.0
422,1,7,35,2,4.0,2.0,4.0,669.0,882411.0
423,2,5,12,2,4.0,4.0,4.0,361.0,545832.0
424,1,7,36,2,4.0,2.0,4.0,553.0,854938.0
425,2,5,53,3,4.0,5.0,2.0,392.0,830256.0
426,2,5,8,4,4.0,4.0,2.0,94.0,266584.0
427,8,10,40,1,3.0,2.0,1.0,236.0,260308.0
428,5,3,16,5,3.0,3.0,4.0,505.0,1061510.0
429,8,10,25,3,3.0,4.0,4.0,259.0,514633.0
430,2,5,42,2,3.0,4.0,3.0,191.0,266063.0
431,8,10,40,1,3.0,3.0,1.0,234.0,257868.0
432,1,7,43,1,4.0,2.0,2.0,176.0,330000.0
433,2,5,12,1,4.0,2.0,1.0,165.0,206250.0
434,1,7,22,2,5.0,2.0,2.0,530.0,634940.0
435,4,4,7,1,1.0,3.0,2.0,230.0,267490.0
436,4,4,7,1,4.0,2.0,1.0,75.0,133350.0
437,8,10,40,1,3.0,3.0,2.0,110.0,142560.0
438,1,7,43,1,4.0,2.0,1.0,142.0,157194.0
439,4,4,47,2,6.0,3.0,2.0,206.0,262238.0
440,8,9,13,4,4.0,1.0,2.0,250.0,478500.0
441,6,1,23,5,5.0,2.0,4.0,737.0,1210891.0
442,8,9,13,5,5.0,3.0,3.0,225.0,312525.0
443,6,1,23,2,5.0,6.0,2.0,334.0,760184.0
444,8,8,1,1,4.0,2.0,1.0,149.0,291593.0
445,3,2,10,5,6.0,6.0,2.0,667.0,975154.0
446,8,8,45,3,5.0,3.0,4.0,512.0,1309696.0
447,5,3,41,4,2.0,1.0,2.0,94.0,135548.0
448,8,10,40,2,6.0,2.0,4.0,625.0,789375.0
449,8,9,13,1,1.0,1.0,2.0,192.0,367296.0
450,3,2,5,5,6.0,2.0,4.0,715.0,1221935.0
451,8,8,45,2,3.0,2.0,4.0,283.0,406105.0
452,3,2,5,5,5.0,5.0,4.0,677.0,1368217.0
453,5,3,16,2,5.0,5.0,2.0,591.0,549039.0
454,4,4,15,1,1.0,4.0,2.0,145.0,165445.0
455,2,5,42,1,4.0,1.0,1.0,84.0,144060.0
456,6,1,23,2,6.0,6.0,4.0,271.0,334414.0
457,6,1,33,3,4.0,5.0,3.0,484.0,1096260.0
458,1,7,46,1,1.0,3.0,2.0,84.0,97356.0
459,8,9,3,5,4.0,2.0,2.0,213.0,379992.0
460,1,7,27,1,3.0,3.0,2.0,179.0,342248.0
461,8,8,31,2,5.0,5.0,4.0,636.0,771468.0
462,6,1,39,1,3.0,2.0,2.0,241.0,309685.0
463,7,6,24,1,2.0,2.0,1.0,215.0,335615.0
464,8,10,49,1,1.0,1.0,2.0,83.0,120682.0
465,5,3,37,2,5.0,4.0,3.0,565.0,883660.0
466,6,1,23,2,5.0,6.0,4.0,586.0,1199542.0
467,8,8,1,1,3.0,3.0,2.0,225.0,297225.0
468,6,1,33,1,3.0,3.0,2.0,116.0,198476.0
469,8,10,40,1,2.0,1.0,2.0,219.0,384126.0
470,8,9,51,1,3.0,3.0,2.0,153.0,289935.0
471,1,7,34,1,2.0,3.0,1.0,225.0,466650.0
472,2,5,12,1,2.0,2.0,2.0,74.0,152736.0
473,8,9,13,1,2.0,3.0,1.0,106.0,193662.0
474,8,10,49,1,3.0,3.0,2.0,199.0,338698.0
475,6,1,33,1,1.0,4.0,1.0,178.0,239410.0
476,4,4,38,2,3.0,3.0,2.0,385.0,597135.0
477,4,4,38,5,6.0,3.0,3.0,364.0,369460.0
478,6,1,23,1,2.0,3.0,1.0,51.0,103275.0
479,7,6,28,1,2.0,2.0,2.0,251.0,497984.0
480,8,9,44,1,4.0,4.0,2.0,148.0,164132.0
481,1,7,46,2,5.0,2.0,3.0,723.0,896520.0
482,1,7,36,1,2.0,2.0,2.0,129.0,272706.0
483,8,8,45,1,3.0,2.0,1.0,260.0,310180.0
484,7,6,30,1,3.0,4.0,1.0,137.0,288111.0
485,2,5,8,2,6.0,2.0,2.0,409.0,708388.0
486,8,10,25,1,2.0,1.0,2.0,232.0,272832.0
487,4,4,15,1,1.0,1.0,1.0,217.0,247380.0
488,1,7,35,1,4.0,1.0,2.0,171.0,374490.0
489,8,10,25,1,1.0,3.0,1.0,157.0,206298.0
490,3,2,10,1,3.0,1.0,1.0,177.0,266562.0
491,5,3,37,1,2.0,3.0,2.0,125.0,178500.0
492,1,7,46,1,2.0,4.0,2.0,110.0,121550.0
493,1,7,35,3,5.0,5.0,3.0,296.0,772560.0
494,3,2,9,1,1.0,3.0,1.0,166.0,438904.0
495,7,6,52,2,4.0,2.0,3.0,548.0,1225328.0
496,2,5,17,1,1.0,1.0,1.0,85.0,123165.0
497,2,5,42,5,5.0,2.0,3.0,530.0,648720.0
498,8,8,45,1,4.0,3.0,2.0,226.0,469854.0
499,4,4,7,2,3.0,3.0,2.0,606.0,1247754.0
500,6,1,39,1,2.0,4.0,2.0,206.0,238754.0
501,8,9,44,3,3.0,4.0,3.0,243.0,395847.0
502,7,6,50,2,4.0,4.0,4.0,715.0,1615185.0
503,5,3,37,1,2.0,4.0,2.0,219.0,413472.0
504,8,9,51,2,4.0,6.0,3.0,687.0,816156.0
505,8,8,2,1,2.0,3.0,2.0,62.0,132556.0
506,8,10,32,1,2.0,1.0,2.0,163.0,328771.0
507,8,8,2,1,3.0,1.0,2.0,240.0,272640.0
508,8,8,45,1,1.0,1.0,2.0,180.0,274140.0
509,6,1,23,1,1.0,2.0,2.0,134.0,277112.0
510,2,5,53,1,1.0,2.0,1.0,137.0,250299.0
511,7,6,50,1,1.0,2.0,2.0,85.0,164730.0
512,8,8,14,1,2.0,1.0,2.0,105.0,213780.0
513,8,10,49,2,6.0,2.0,4.0,306.0,542232.0
514,6,1,39,1,2.0,4.0,1.0,185.0,221815.0
515,3,2,5,5,6.0,6.0,2.0,357.0,396984.0
516,8,8,45,1,3.0,4.0,2.0,205.0,329640.0
517,7,6,26,4,3.0,4.0,1.0,85.0,165325.0
518,5,3,41,5,5.0,6.0,3.0,746.0,1600170.0
519,8,10,40,2,5.0,4.0,4.0,315.0,687015.0
520,8,9,13,1,3.0,4.0,2.0,222.0,374070.0
521,4,4,47,1,1.0,4.0,1.0,63.0,76545.0
522,8,10,49,1,2.0,3.0,2.0,87.0,106749.0
523,7,6,28,1,1.0,3.0,2.0,76.0,183616.0
524,3,2,5,2,5.0,2.0,3.0,576.0,980928.0
525,2,5,12,2,5.0,3.0,4.0,633.0,829863.0
526,2,5,12,1,2.0,2.0,2.0,164.0,239932.0
527,8,8,20,4,1.0,4.0,1.0,159.0,265689.0
528,3,2,5,2,5.0,2.0,3.0,657.0,766719.0
529,1,7,4,3,5.0,3.0,4.0,535.0,1527425.0
530,7,6,52,1,3.0,1.0,2.0,184.0,285200.0
531,8,9,51,1,2.0,4.0,2.0,73.0,132495.0
532,8,10,40,1,3.0,3.0,2.0,105.0,217560.0
533,3,2,10,2,5.0,5.0,2.0,429.0,399399.0
534,2,5,17,3,3.0,4.0,3.0,496.0,1031184.0
535,1,7,46,5,5.0,6.0,4.0,636.0,1174056.0
536,1,7,22,5,4.0,4.0,4.0,264.0,276144.0
537,8,9,51,1,2.0,2.0,2.0,76.0,115596.0
538,3,2,10,5,6.0,2.0,4.0,337.0,302626.0
539,6,1,39,1,1.0,1.0,1.0,95.0,153425.0
540,3,2,9,1,2.0,3.0,2.0,149.0,467115.0
541,4,4,48,1,4.0,1.0,1.0,214.0,263006.0
542,5,3,37,1,1.0,3.0,1.0,124.0,212908.0
543,5,3,37,2,6.0,5.0,3.0,211.0,384020.0
544,8,9,3,2,6.0,6.0,3.0,327.0,477420.0
545,2,5,6,1,2.0,1.0,1.0,51.0,97257.0
546,3,2,10,3,4.0,3.0,4.0,396.0,765468.0
547,4,4,38,2,4.0,3.0,4.0,438.0,546186.0
548,8,8,20,1,1.0,4.0,1.0,124.0,153388.0
549,7,6,18,2,6.0,4.0,3.0,311.0,691664.0
550,8,10,25,2,3.0,3.0,3.0,677.0,1199644.0
551,2,5,12,1,2.0,3.0,2.0,159.0,229755.0
552,1,7,27,2,4.0,5.0,3.0,548.0,616500.0
553,2,5,17,1,3.0,3.0,2.0,191.0,252502.0
554,8,9,51,5,4.0,6.0,2.0,449.0,957717.0
555,8,8,31,2,3.0,6.0,4.0,211.0,430651.0
556,5,3,16,1,2.0,1.0,2.0,189.0,390474.0
557,8,9,13,1,3.0,2.0,2.0,178.0,381810.0
558,8,8,45,1,1.0,2.0,1.0,243.0,337041.0
559,6,1,33,2,4.0,5.0,3.0,221.0,286858.0
560,6,1,33,2,5.0,3.0,2.0,391.0,746810.0
561,2,5,17,1,4.0,1.0,1.0,216.0,380808.0
562,8,8,31,4,3.0,3.0,1.0,146.0,273750.0
563,2,5,12,1,1.0,3.0,2.0,107.0,206617.0
564,2,5,42,1,4.0,1.0,1.0,162.0,233118.0
565,8,10,25,1,3.0,2.0,1.0,97.0,137934.0
566,2,5,12,1,1.0,2.0,2.0,257.0,456432.0
567,8,8,45,1,4.0,2.0,1.0,215.0,417315.0
568,1,7,21,2,4.0,3.0,4.0,704.0,654720.0
569,5,3,37,2,5.0,3.0,4.0,595.0,1235815.0
570,5,3,41,2,5.0,2.0,0.0,639.0,1336788.0
571,6,1,33,2,6.0,6.0,2.0,366.0,778116.0
572,3,2,5,2,5.0,5.0,4.0,250.0,330000.0
573,4,4,48,2,3.0,3.0,4.0,696.0,1566696.0
574,4,4,7,1,2.0,4.0,1.0,250.0,532500.0
575,8,8,1,1,2.0,1.0,2.0,183.0,358863.0
576,2,5,6,1,4.0,2.0,2.0,252.0,473760.0
577,2,5,12,5,3.0,5.0,2.0,440.0,803880.0
578,8,10,25,2,6.0,4.0,2.0,185.0,159840.0
579,5,3,41,2,3.0,5.0,4.0,390.0,880620.0
580,2,5,17,1,2.0,4.0,2.0,116.0,228172.0
581,5,3,16,1,4.0,2.0,2.0,191.0,398808.0
582,8,9,13,1,4.0,3.0,2.0,197.0,355585.0
583,4,4,7,5,3.0,3.0,3.0,345.0,363975.0
584,8,10,32,1,1.0,2.0,2.0,212.0,235320.0
585,8,8,2,2,6.0,2.0,2.0,449.0,585496.0
586,2,5,6,1,4.0,4.0,2.0,232.0,282344.0
587,8,9,44,1,2.0,3.0,1.0,58.0,124410.0
588,3,2,10,2,4.0,2.0,3.0,424.0,928984.0
589,1,7,4,2,5.0,5.0,3.0,584.0,981120.0
590,5,3,37,1,1.0,1.0,2.0,235.0,425820.0
591,2,5,42,2,4.0,5.0,3.0,184.0,254656.0
592,8,9,44,1,1.0,3.0,2.0,79.0,128533.0
593,3,2,10,2,6.0,5.0,4.0,675.0,909900.0
594,2,5,17,1,1.0,4.0,1.0,116.0,143608.0
595,4,4,7,1,2.0,3.0,2.0,140.0,156660.0
596,7,6,28,2,6.0,4.0,2.0,747.0,1406601.0
597,6,1,23,1,3.0,2.0,1.0,177.0,266916.0
598,8,10,40,5,4.0,3.0,2.0,435.0,920460.0
599,2,5,8,1,1.0,1.0,2.0,207.0,357075.0
600,3,2,9,5,5.0,6.0,3.0,684.0,2147760.0
601,7,6,52,2,5.0,5.0,2.0,311.0,298560.0
602,3,2,5,1,1.0,3.0,2.0,225.0,327825.0
603,6,1,33,1,4.0,3.0,1.0,53.0,81143.0
604,4,4,38,2,5.0,6.0,3.0,371.0,731983.0
605,7,6,28,2,5.0,4.0,2.0,690.0,1836780.0
606,8,10,32,1,3.0,3.0,2.0,121.0,244783.0
607,8,9,3,4,2.0,1.0,2.0,255.0,403410.0
608,3,2,5,5,4.0,3.0,4.0,333.0,605394.0
609,1,7,4,1,2.0,3.0,2.0,126.0,203238.0
610,3,2,10,2,3.0,3.0,2.0,400.0,548000.0
611,6,1,39,2,5.0,4.0,3.0,548.0,1094356.0
612,3,2,5,1,4.0,1.0,2.0,223.0,336061.0
613,5,3,41,1,2.0,3.0,2.0,133.0,285285.0
614,6,1,39,1,1.0,4.0,2.0,168.0,234528.0
615,8,9,13,1,4.0,1.0,1.0,91.0,164073.0
616,8,10,49,1,3.0,3.0,2.0,119.0,239309.0
617,2,5,53,1,4.0,4.0,1.0,97.0,111259.0
618,8,9,3,1,1.0,2.0,1.0,151.0,197810.0
619,8,8,1,3,4.0,5.0,2.0,233.0,538929.0
620,3,2,9,2,4.0,2.0,4.0,579.0,1330542.0
621,8,10,40,1,4.0,2.0,1.0,184.0,266616.0
622,1,7,36,1,3.0,4.0,2.0,188.0,482784.0
623,3,2,5,2,4.0,6.0,4.0,647.0,1385874.0
624,5,3,16,1,3.0,3.0,2.0,188.0,294220.0
625,8,8,45,1,4.0,3.0,1.0,127.0,142367.0
626,1,7,46,5,4.0,4.0,3.0,660.0,1283700.0
627,1,7,19,3,4.0,4.0,2.0,440.0,923560.0
628,5,3,37,1,3.0,2.0,2.0,193.0,385035.0
629,4,4,7,2,6.0,5.0,2.0,449.0,454388.0
630,4,4,7,1,3.0,3.0,2.0,155.0,230175.0
631,8,8,20,2,3.0,5.0,4.0,643.0,904701.0
632,5,3,16,2,3.0,3.0,2.0,727.0,650665.0
633,8,9,51,2,4.0,5.0,4.0,188.0,249288.0
634,8,8,20,2,4.0,4.0,3.0,499.0,933130.0
635,2,5,17,1,1.0,3.0,1.0,242.0,338558.0
636,1,7,22,1,1.0,4.0,1.0,99.0,159588.0
637,4,4,47,2,4.0,5.0,3.0,433.0,397494.0
638,8,10,32,1,1.0,2.0,2.0,149.0,259111.0
639,2,5,8,1,1.0,1.0,2.0,173.0,458796.0
640,8,10,49,5,4.0,2.0,2.0,624.0,944736.0
641,1,7,4,1,1.0,4.0,1.0,52.0,61672.0
642,5,3,41,1,2.0,3.0,1.0,113.0,160686.0
643,6,1,33,1,3.0,1.0,1.0,141.0,199515.0
644,3,2,9,2,4.0,4.0,4.0,535.0,1449315.0
645,8,10,25,1,3.0,2.0,2.0,60.0,125580.0
646,6,1,39,2,6.0,1.0,4.0,371.0,728273.0
647,2,5,53,1,2.0,1.0,1.0,165.0,281325.0
648,7,6,50,1,4.0,2.0,1.0,208.0,383760.0
649,5,3,37,1,1.0,4.0,1.0,184.0,389712.0
650,3,2,9,1,3.0,4.0,2.0,78.0,156780.0
651,3,2,10,2,4.0,3.0,2.0,386.0,412634.0
652,6,1,33,2,6.0,5.0,4.0,442.0,419900.0
653,2,5,8,1,1.0,1.0,1.0,217.0,708288.0
654,8,8,45,5,3.0,4.0,4.0,605.0,971025.0
655,1,7,34,2,3.0,2.0,3.0,259.0,334628.0
656,3,2,9,2,4.0,6.0,3.0,374.0,721446.0
657,3,2,10,2,4.0,6.0,4.0,605.0,644930.0
658,5,3,16,1,4.0,1.0,1.0,252.0,370188.0
659,3,2,5,1,2.0,4.0,2.0,130.0,229320.0
660,2,5,17,1,4.0,3.0,1.0,194.0,298372.0
661,4,4,38,3,4.0,4.0,3.0,449.0,1038537.0
662,1,7,36,4,1.0,2.0,2.0,51.0,135558.0
663,8,10,40,5,3.0,4.0,4.0,703.0,1398267.0
664,5,3,41,2,3.0,5.0,3.0,339.0,384087.0
665,7,6,50,5,4.0,3.0,3.0,487.0,505506.0
666,5,3,16,1,2.0,1.0,2.0,252.0,526176.0
667,8,9,44,5,3.0,6.0,4.0,487.0,450962.0
668,5,3,16,2,3.0,4.0,3.0,624.0,1062672.0
669,8,8,2,1,1.0,4.0,1.0,128.0,151552.0
670,2,5,12,1,3.0,2.0,1.0,62.0,118048.0
671,6,1,39,1,1.0,2.0,2.0,124.0,236468.0
672,8,9,3,1,4.0,1.0,2.0,117.0,149058.0
673,4,4,38,1,2.0,2.0,2.0,193.0,290465.0
674,6,1,23,1,2.0,2.0,1.0,68.0,111860.0
675,4,4,15,1,1.0,1.0,2.0,158.0,291984.0
676,2,5,8,1,1.0,3.0,1.0,139.0,431873.0
677,5,3,37,1,2.0,2.0,2.0,89.0,113475.0
678,8,8,31,2,4.0,4.0,2.0,531.0,1205370.0
679,8,8,14,1,1.0,3.0,1.0,239.0,366387.0
680,8,10,49,1,2.0,1.0,2.0,199.0,236611.0
681,7,6,11,2,4.0,6.0,3.0,234.0,421668.0
682,1,7,35,1,3.0,3.0,1.0,54.0,142182.0
683,4,4,7,4,1.0,3.0,2.0,202.0,258560.0
684,8,9,3,1,4.0,1.0,1.0,113.0,194812.0
685,2,5,17,1,2.0,1.0,2.0,225.0,409500.0
686,2,5,53,1,3.0,1.0,2.0,149.0,172840.0
687,3,2,5,2,5.0,5.0,4.0,320.0,329280.0
688,4,4,38,4,2.0,4.0,1.0,196.0,276752.0
689,4,4,15,3,4.0,4.0,4.0,287.0,551901.0
690,8,9,3,5,5.0,6.0,2.0,620.0,711140.0
691,5,3,37,1,1.0,2.0,2.0,87.0,100920.0
692,2,5,17,4,3.0,4.0,2.0,88.0,130592.0
693,8,8,20,2,5.0,6.0,4.0,416.0,861536.0
694,8,10,40,1,3.0,1.0,2.0,84.0,178752.0
695,5,3,16,1,3.0,2.0,2.0,175.0,362250.0
696,8,9,3,2,3.0,5.0,2.0,456.0,772920.0
697,8,10,40,1,1.0,2.0,2.0,207.0,435321.0
698,2,5,17,5,6.0,5.0,2.0,569.0,847810.0
699,4,4,38,3,5.0,5.0,4.0,488.0,1372744.0
700,1,7,46,2,6.0,2.0,2.0,711.0,1387161.0
701,4,4,47,1,1.0,2.0,2.0,162.0,310230.0
702,7,6,30,1,4.0,3.0,1.0,226.0,314366.0
703,6,1,39,1,1.0,2.0,1.0,150.0,291900.0
704,2,5,17,2,6.0,6.0,4.0,386.0,687466.0
705,8,8,14,1,2.0,1.0,1.0,79.0,159580.0
706,2,5,6,1,4.0,2.0,2.0,190.0,357010.0
707,1,7,4,3,5.0,5.0,2.0,303.0,544188.0
708,8,9,51,1,3.0,4.0,2.0,210.0,308700.0
709,8,8,20,4,1.0,3.0,1.0,167.0,353873.0
710,6,1,39,5,6.0,3.0,2.0,667.0,1186593.0
711,4,4,48,2,3.0,3.0,4.0,464.0,983216.0
712,3,2,9,2,4.0,2.0,4.0,537.0,769521.0
713,8,9,51,1,3.0,3.0,0.0,62.0,82026.0
714,8,9,3,1,2.0,4.0,2.0,59.0,76110.0
715,7,6,50,1,4.0,1.0,2.0,190.0,234080.0
716,7,6,52,2,5.0,4.0,4.0,603.0,1160172.0
717,8,10,40,1,1.0,1.0,2.0,235.0,396680.0
718,4,4,38,5,5.0,6.0,4.0,542.0,604330.0
719,5,3,41,1,4.0,4.0,1.0,206.0,324656.0
720,7,6,28,2,3.0,5.0,4.0,300.0,592200.0
721,5,3,16,1,3.0,3.0,1.0,52.0,78624.0
722,7,6,30,1,3.0,3.0,2.0,246.0,273552.0
723,8,8,31,1,4.0,1.0,1.0,99.0,175824.0
724,2,5,53,1,4.0,1.0,1.0,173.0,245314.0
725,6,1,39,5,6.0,5.0,4.0,237.0,454329.0
726,7,6,50,1,1.0,2.0,2.0,254.0,463296.0
727,8,8,20,2,3.0,4.0,3.0,727.0,864403.0
728,5,3,41,1,1.0,3.0,2.0,231.0,268884.0
729,7,6,26,2,4.0,4.0,3.0,489.0,631788.0
730,3,2,5,2,5.0,2.0,2.0,274.0,481692.0
731,3,2,9,1,2.0,2.0,2.0,173.0,465197.0
732,2,5,8,1,1.0,2.0,1.0,235.0,427465.0
733,6,1,23,1,1.0,1.0,2.0,61.0,77958.0
734,2,5,17,5,3.0,6.0,4.0,499.0,447104.0
735,5,3,16,1,2.0,3.0,1.0,99.0,166914.0
736,7,6,50,1,1.0,3.0,1.0,90.0,149400.0
737,8,8,1,4,1.0,2.0,2.0,190.0,332880.0
738,7,6,11,3,4.0,5.0,2.0,307.0,505015.0
739,7,6,50,1,1.0,2.0,1.0,170.0,204510.0
740,8,8,45,2,6.0,5.0,2.0,636.0,1343232.0
741,2,5,42,1,2.0,1.0,2.0,195.0,266955.0
742,8,8,2,5,6.0,2.0,3.0,497.0,1118747.0
743,6,1,23,2,4.0,3.0,4.0,444.0,707736.0
744,4,4,7,1,3.0,3.0,2.0,174.0,202014.0
745,8,8,45,2,6.0,5.0,2.0,469.0,733047.0
746,5,3,41,2,3.0,5.0,4.0,289.0,438413.0
747,3,2,10,2,5.0,6.0,3.0,590.0,1214810.0
748,4,4,7,1,2.0,4.0,2.0,66.0,118602.0
749,8,10,32,1,4.0,3.0,1.0,94.0,118346.0
750,5,3,16,2,6.0,4.0,4.0,279.0,491319.0
751,8,9,13,4,1.0,1.0,2.0,133.0,280896.0
752,1,7,35,2,4.0,6.0,4.0,180.0,320760.0
753,8,9,44,1,4.0,4.0,1.0,102.0,178296.0
754,7,6,30,3,4.0,5.0,3.0,265.0,713645.0
755,1,7,34,4,4.0,2.0,2.0,65.0,120640.0
756,3,2,9,2,5.0,2.0,3.0,211.0,435293.0
757,4,4,38,1,3.0,4.0,2.0,147.0,292677.0
758,3,2,9,1,4.0,2.0,1.0,192.0,561408.0
759,2,5,17,2,4.0,3.0,2.0,253.0,550781.0
761,4,4,48,5,6.0,6.0,2.0,645.0,1220985.0
762,4,4,38,5,6.0,4.0,2.0,370.0,636030.0
763,5,3,37,1,2.0,3.0,2.0,189.0,349839.0
764,1,7,36,1,3.0,1.0,2.0,226.0,442282.0
765,8,9,13,1,1.0,1.0,1.0,170.0,214030.0
766,3,2,10,1,1.0,3.0,1.0,170.0,344930.0
767,3,2,5,1,3.0,4.0,2.0,254.0,432562.0
768,7,6,11,2,5.0,6.0,0.0,242.0,517396.0
769,5,3,37,1,3.0,1.0,2.0,174.0,220632.0
770,8,9,51,5,5.0,4.0,2.0,467.0,659871.0
771,7,6,24,1,2.0,2.0,2.0,144.0,210096.0
772,7,6,28,1,1.0,3.0,1.0,87.0,190791.0
773,6,1,23,1,2.0,4.0,1.0,103.0,186018.0
774,1,7,22,1,1.0,1.0,1.0,168.0,321888.0
775,6,1,23,1,2.0,4.0,2.0,171.0,279927.0
776,8,9,44,2,6.0,5.0,4.0,503.0,973305.0
777,1,7,35,3,5.0,4.0,3.0,532.0,2337608.0
778,7,6,50,2,3.0,4.0,4.0,580.0,1040520.0
779,8,10,40,1,2.0,3.0,1.0,222.0,247974.0
780,8,8,1,1,1.0,4.0,2.0,106.0,178080.0
781,7,6,28,2,3.0,2.0,4.0,402.0,1294038.0
782,8,8,31,4,1.0,2.0,2.0,218.0,322204.0
783,8,8,31,2,5.0,5.0,4.0,257.0,554606.0
784,6,1,23,1,3.0,3.0,1.0,249.0,311499.0
785,7,6,24,1,3.0,1.0,2.0,258.0,423636.0
786,8,9,44,2,4.0,6.0,3.0,362.0,785902.0
787,6,1,33,2,6.0,3.0,4.0,288.0,505152.0
788,7,6,18,2,3.0,6.0,4.0,436.0,768668.0
789,1,7,19,2,3.0,2.0,4.0,579.0,807705.0
790,8,9,13,3,5.0,3.0,4.0,471.0,1167609.0
791,4,4,48,5,3.0,6.0,2.0,183.0,299571.0
792,6,1,33,1,3.0,3.0,2.0,152.0,184376.0
794,8,10,40,1,4.0,2.0,2.0,228.0,432744.0
795,8,8,31,1,4.0,1.0,2.0,238.0,354144.0
796,8,9,51,2,4.0,5.0,3.0,244.0,477508.0
797,7,6,52,1,4.0,1.0,1.0,136.0,165104.0
798,2,5,53,2,3.0,3.0,4.0,715.0,1278420.0
799,3,2,9,1,2.0,1.0,1.0,238.0,512176.0
800,6,1,39,2,3.0,3.0,4.0,313.0,275127.0
801,8,9,51,3,3.0,4.0,4.0,307.0,831970.0
802,8,8,2,5,3.0,5.0,4.0,405.0,396495.0
803,8,10,32,1,4.0,3.0,1.0,225.0,310725.0
804,2,5,8,1,2.0,3.0,1.0,80.0,205840.0
805,8,9,44,2,5.0,6.0,2.0,629.0,847892.0
806,5,3,37,2,6.0,3.0,2.0,678.0,688170.0
807,1,7,36,2,3.0,6.0,3.0,606.0,2131908.0
808,6,1,39,2,4.0,4.0,4.0,641.0,1085213.0
809,8,10,40,1,1.0,2.0,2.0,206.0,263680.0
810,7,6,50,1,2.0,2.0,1.0,185.0,239575.0
811,5,3,16,5,4.0,5.0,4.0,393.0,556488.0
812,1,7,21,2,4.0,5.0,3.0,360.0,423720.0
813,1,7,36,1,3.0,2.0,2.0,114.0,315210.0
814,5,3,16,2,3.0,6.0,2.0,341.0,309969.0
815,6,1,39,2,4.0,5.0,4.0,513.0,876204.0
816,8,10,49,2,3.0,4.0,2.0,280.0,373800.0
817,4,4,7,1,2.0,1.0,2.0,199.0,416308.0
818,1,7,43,2,6.0,3.0,3.0,562.0,634498.0
819,6,1,39,2,5.0,4.0,2.0,523.0,580530.0
820,1,7,34,2,4.0,2.0,3.0,649.0,1107194.0
821,8,9,13,2,5.0,6.0,2.0,354.0,719682.0
822,3,2,9,2,6.0,3.0,4.0,664.0,1849240.0
823,7,6,24,1,2.0,2.0,2.0,161.0,250355.0
824,5,3,37,3,3.0,4.0,2.0,240.0,591120.0
825,3,2,9,1,4.0,4.0,1.0,165.0,540540.0
826,8,10,25,1,1.0,4.0,1.0,83.0,152222.0
827,7,6,28,1,1.0,1.0,2.0,221.0,590512.0
828,8,9,44,5,3.0,5.0,3.0,321.0,735090.0
829,4,4,7,1,3.0,4.0,1.0,210.0,261240.0
830,4,4,15,1,3.0,4.0,2.0,228.0,347472.0
831,8,8,29,5,3.0,6.0,4.0,552.0,527160.0
832,8,8,45,1,1.0,3.0,2.0,94.0,116278.0
833,3,2,10,1,2.0,3.0,1.0,188.0,250416.0
834,6,1,39,3,5.0,5.0,2.0,335.0,722260.0
835,2,5,42,1,4.0,3.0,1.0,66.0,122958.0
836,2,5,17,1,1.0,4.0,2.0,165.0,305745.0
837,8,8,20,5,6.0,2.0,2.0,580.0,705280.0
838,7,6,18,2,1.0,2.0,4.0,331.0,617646.0
839,8,10,25,2,4.0,5.0,3.0,610.0,1072990.0
841,2,5,53,1,3.0,4.0,2.0,167.0,287574.0
842,5,3,37,5,5.0,3.0,3.0,412.0,758492.0
843,2,5,42,1,1.0,2.0,2.0,122.0,248026.0
844,8,9,3,1,3.0,2.0,1.0,231.0,326634.0
845,8,9,3,2,5.0,6.0,2.0,631.0,872673.0
846,2,5,8,2,3.0,4.0,3.0,331.0,827500.0
847,6,1,39,4,3.0,1.0,1.0,153.0,324666.0
848,8,9,44,3,3.0,3.0,4.0,499.0,1266961.0
849,2,5,53,1,4.0,3.0,1.0,254.0,509270.0
850,2,5,53,2,6.0,2.0,2.0,744.0,810216.0
851,7,6,24,1,2.0,4.0,2.0,73.0,129064.0
852,1,7,34,1,2.0,3.0,1.0,55.0,69905.0
853,3,2,5,1,1.0,4.0,1.0,175.0,306250.0
854,5,3,41,1,1.0,3.0,2.0,87.0,171825.0
855,2,5,17,1,3.0,3.0,2.0,128.0,257536.0
856,3,2,9,2,6.0,5.0,3.0,475.0,872100.0
857,4,4,48,2,3.0,3.0,2.0,490.0,892780.0
858,3,2,5,2,6.0,2.0,2.0,599.0,1292642.0
859,7,6,26,2,6.0,6.0,2.0,384.0,472320.0
860,4,4,15,1,1.0,3.0,2.0,176.0,360624.0
861,8,10,25,1,2.0,3.0,2.0,213.0,440271.0
862,8,8,31,1,3.0,4.0,1.0,175.0,280175.0
863,1,7,35,1,4.0,1.0,2.0,198.0,639540.0
864,5,3,16,5,6.0,2.0,3.0,704.0,1427712.0
865,1,7,22,2,3.0,3.0,3.0,652.0,1479388.0
866,8,9,13,2,5.0,4.0,3.0,544.0,516256.0
867,7,6,30,1,1.0,2.0,1.0,245.0,316785.0
868,5,3,37,1,3.0,3.0,2.0,225.0,414450.0
869,8,8,29,1,2.0,1.0,1.0,182.0,305032.0
870,2,5,17,1,2.0,1.0,1.0,89.0,189570.0
871,8,10,40,1,1.0,4.0,2.0,69.0,92322.0
872,8,9,51,1,3.0,3.0,1.0,259.0,519295.0
873,5,3,41,1,3.0,2.0,2.0,57.0,76494.0
874,8,10,40,5,4.0,3.0,3.0,308.0,393932.0
875,8,9,51,1,1.0,1.0,1.0,248.0,518568.0
876,4,4,47,2,3.0,6.0,4.0,240.0,434400.0
877,8,8,14,2,5.0,2.0,2.0,306.0,637092.0
878,8,10,40,2,5.0,2.0,2.0,329.0,466522.0
879,5,3,16,1,2.0,1.0,1.0,259.0,292152.0
880,3,2,9,1,3.0,2.0,1.0,235.0,474230.0
881,8,10,32,1,2.0,4.0,1.0,96.0,175296.0
882,4,4,48,2,4.0,5.0,2.0,501.0,552603.0
883,6,1,33,1,4.0,3.0,2.0,192.0,227136.0
884,8,8,14,1,4.0,3.0,2.0,203.0,352814.0
885,6,1,33,1,3.0,4.0,1.0,67.0,138958.0
886,2,5,8,2,6.0,2.0,3.0,628.0,1868928.0
887,8,8,1,2,6.0,6.0,2.0,352.0,345664.0
888,2,5,8,1,4.0,1.0,1.0,158.0,519662.0
889,7,6,30,1,4.0,3.0,2.0,220.0,424160.0
890,6,1,39,2,6.0,2.0,2.0,436.0,807472.0
891,6,1,33,1,2.0,1.0,1.0,238.0,287504.0
892,8,8,45,1,2.0,4.0,2.0,89.0,153080.0
893,5,3,41,2,3.0,6.0,3.0,657.0,829791.0
894,7,6,52,1,3.0,3.0,1.0,245.0,285180.0
895,4,4,47,1,3.0,4.0,2.0,167.0,195891.0
896,1,7,4,1,3.0,2.0,2.0,160.0,220000.0
897,7,6,26,1,1.0,4.0,2.0,171.0,242820.0
898,3,2,9,1,4.0,4.0,2.0,246.0,641322.0
899,2,5,6,2,3.0,3.0,3.0,537.0,1098165.0
900,1,7,27,1,4.0,3.0,2.0,155.0,281945.0
901,1,7,21,2,5.0,6.0,2.0,247.0,364078.0
902,8,8,14,2,5.0,2.0,3.0,612.0,1231956.0
903,3,2,5,2,6.0,6.0,2.0,504.0,817992.0
904,5,3,16,1,1.0,4.0,1.0,226.0,343746.0
905,2,5,17,1,3.0,2.0,2.0,143.0,284856.0
906,8,10,32,1,1.0,2.0,2.0,117.0,140049.0
907,7,6,26,5,3.0,6.0,2.0,524.0,738316.0
908,8,8,29,5,6.0,5.0,2.0,535.0,538745.0
909,7,6,30,1,3.0,2.0,2.0,152.0,245328.0
910,5,3,41,1,2.0,1.0,1.0,197.0,418034.0
911,8,10,32,2,6.0,6.0,4.0,241.0,462479.0
912,8,10,49,1,2.0,2.0,2.0,161.0,312340.0
913,2,5,6,1,4.0,1.0,2.0,215.0,307020.0
914,5,3,37,1,1.0,2.0,1.0,57.0,91314.0
915,7,6,52,1,4.0,4.0,1.0,101.0,144026.0
916,7,6,11,2,5.0,6.0,2.0,223.0,411435.0
917,1,7,36,5,3.0,4.0,4.0,485.0,736715.0
918,4,4,15,1,1.0,4.0,1.0,110.0,146190.0
919,5,3,41,1,1.0,3.0,2.0,73.0,115851.0
920,5,3,37,1,3.0,3.0,2.0,256.0,405248.0
921,4,4,7,2,4.0,3.0,3.0,630.0,1062180.0
922,7,6,24,1,3.0,1.0,2.0,189.0,371763.0
923,6,1,39,2,5.0,3.0,3.0,666.0,1067598.0
924,7,6,24,1,1.0,1.0,1.0,114.0,215118.0
925,7,6,50,3,5.0,3.0,4.0,341.0,820446.0
926,4,4,47,3,4.0,4.0,3.0,266.0,527212.0
927,7,6,28,5,4.0,5.0,4.0,504.0,1693944.0
928,4,4,47,2,3.0,5.0,3.0,602.0,921662.0
929,4,4,47,5,5.0,6.0,2.0,540.0,923940.0
930,5,3,41,5,5.0,5.0,4.0,208.0,198848.0
931,8,9,44,1,2.0,1.0,2.0,101.0,174225.0
932,2,5,12,2,4.0,3.0,4.0,313.0,646658.0
933,4,4,15,1,2.0,3.0,1.0,225.0,398250.0
934,7,6,28,2,5.0,3.0,3.0,566.0,1769882.0
935,8,10,25,3,5.0,5.0,4.0,540.0,1062720.0
936,8,8,45,2,4.0,2.0,3.0,619.0,1286901.0
937,7,6,11,2,5.0,3.0,4.0,300.0,263400.0
938,3,2,5,1,4.0,4.0,1.0,107.0,162212.0
939,8,10,49,2,6.0,5.0,2.0,621.0,790533.0
940,5,3,37,4,3.0,2.0,2.0,96.0,185856.0
941,8,9,51,2,5.0,3.0,4.0,641.0,870478.0
942,2,5,12,1,4.0,1.0,1.0,170.0,233240.0
943,2,5,53,1,2.0,4.0,2.0,238.0,386512.0
944,8,8,1,1,1.0,3.0,1.0,170.0,310250.0
945,5,3,41,4,1.0,1.0,2.0,179.0,336520.0
946,7,6,26,1,2.0,1.0,1.0,116.0,167852.0
947,3,2,5,3,4.0,3.0,2.0,382.0,987852.0
948,4,4,7,2,5.0,2.0,2.0,691.0,984675.0
949,2,5,17,2,5.0,6.0,3.0,709.0,1057119.0
950,4,4,7,1,4.0,2.0,2.0,63.0,93618.0
951,8,9,51,2,3.0,5.0,3.0,347.0,796365.0
952,6,1,23,2,6.0,2.0,3.0,545.0,1088910.0
953,6,1,23,1,2.0,1.0,2.0,73.0,110741.0
954,7,6,11,5,5.0,6.0,4.0,397.0,811865.0
955,1,7,46,1,2.0,4.0,1.0,113.0,239560.0
956,8,8,14,2,3.0,5.0,3.0,288.0,435456.0
957,8,9,51,2,6.0,5.0,4.0,455.0,940030.0
958,1,7,27,4,4.0,3.0,1.0,104.0,124696.0
959,7,6,50,1,1.0,4.0,1.0,152.0,246544.0
960,8,9,3,4,4.0,1.0,1.0,103.0,147599.0
961,4,4,48,2,4.0,2.0,3.0,682.0,1183270.0
962,7,6,11,1,1.0,3.0,1.0,175.0,352100.0
963,4,4,48,2,6.0,2.0,3.0,557.0,1173599.0
964,8,9,44,1,1.0,1.0,2.0,168.0,261912.0
965,8,9,44,1,1.0,3.0,2.0,161.0,203182.0
966,6,1,23,2,4.0,4.0,2.0,715.0,1233375.0
967,7,6,24,1,1.0,1.0,2.0,155.0,200415.0
968,6,1,39,1,3.0,3.0,2.0,199.0,252133.0
969,3,2,9,2,6.0,3.0,2.0,582.0,849720.0
970,8,8,45,5,5.0,4.0,4.0,645.0,1433190.0
971,6,1,39,5,5.0,3.0,2.0,369.0,372690.0
972,5,3,16,5,3.0,5.0,4.0,198.0,170478.0
973,4,4,47,2,6.0,5.0,4.0,594.0,1305018.0
974,5,3,41,1,3.0,4.0,2.0,72.0,97632.0
975,8,9,51,2,3.0,3.0,2.0,394.0,722990.0
976,8,9,3,1,2.0,1.0,2.0,247.0,506103.0
977,8,9,44,1,1.0,2.0,1.0,239.0,480629.0
978,6,1,23,2,6.0,6.0,2.0,386.0,560858.0
979,5,3,16,2,3.0,2.0,4.0,622.0,1058022.0
980,6,1,39,1,3.0,1.0,2.0,152.0,318440.0
981,3,2,10,1,4.0,2.0,1.0,185.0,210530.0
982,4,4,38,1,1.0,3.0,2.0,171.0,228969.0
983,6,1,39,3,4.0,4.0,4.0,443.0,683106.0
984,8,9,13,1,4.0,3.0,2.0,109.0,233151.0
985,8,10,49,3,5.0,5.0,3.0,287.0,602700.0
986,4,4,48,5,5.0,5.0,2.0,392.0,559776.0
987,8,8,31,1,2.0,2.0,1.0,205.0,431935.0
988,8,8,2,1,4.0,3.0,1.0,103.0,123188.0
989,1,7,27,5,5.0,3.0,2.0,695.0,635925.0
990,8,8,14,1,2.0,1.0,1.0,174.0,283272.0
991,2,5,42,1,3.0,2.0,1.0,230.0,276690.0
992,6,1,23,4,1.0,1.0,1.0,260.0,308100.0
993,3,2,9,2,3.0,3.0,3.0,340.0,762960.0
994,6,1,39,1,1.0,2.0,2.0,135.0,186570.0
995,8,8,2,2,6.0,2.0,2.0,665.0,1030085.0
996,7,6,11,2,5.0,5.0,3.0,431.0,499960.0
997,3,2,5,1,2.0,4.0,2.0,154.0,314006.0
998,3,2,10,1,1.0,4.0,1.0,247.0,276640.0
999,3,2,9,2,5.0,5.0,2.0,624.0,942864.0
1000,4,4,47,1,2.0,1.0,2.0,157.0,301911.0
1001,3,2,5,1,3.0,3.0,1.0,121.0,169400.0
1002,4,4,48,1,4.0,3.0,2.0,248.0,372992.0
1003,7,6,18,2,5.0,5.0,4.0,309.0,591735.0
1004,3,2,5,2,5.0,6.0,3.0,343.0,307671.0
1005,1,7,46,1,2.0,3.0,2.0,179.0,237354.0
1006,1,7,27,2,5.0,2.0,2.0,307.0,543083.0
1007,7,6,24,1,2.0,2.0,2.0,126.0,211932.0
1008,5,3,41,2,6.0,6.0,4.0,433.0,461145.0
1009,2,5,12,1,3.0,4.0,1.0,87.0,171477.0
1010,4,4,47,2,6.0,3.0,3.0,399.0,703437.0
1011,8,8,14,1,4.0,4.0,2.0,199.0,422079.0
1012,4,4,48,1,4.0,4.0,1.0,86.0,183610.0
1013,8,9,44,1,2.0,1.0,1.0,166.0,343454.0
1014,1,7,4,3,4.0,3.0,4.0,429.0,740025.0
1015,8,8,14,1,1.0,2.0,1.0,145.0,249980.0
1016,2,5,42,2,3.0,3.0,2.0,611.0,579839.0
1017,7,6,30,2,6.0,2.0,2.0,740.0,1157360.0
1018,8,8,2,2,6.0,6.0,3.0,643.0,990863.0
1019,4,4,48,5,4.0,3.0,4.0,651.0,1152921.0
1020,6,1,33,5,5.0,2.0,4.0,599.0,984157.0
1021,8,10,32,1,1.0,4.0,2.0,215.0,275415.0
1022,8,9,51,1,3.0,1.0,1.0,99.0,119592.0
1024,8,9,51,2,4.0,3.0,4.0,634.0,648582.0
1025,3,2,10,1,1.0,4.0,1.0,137.0,273315.0
1026,8,9,44,2,5.0,5.0,3.0,273.0,295932.0
1027,8,8,29,2,4.0,3.0,3.0,271.0,315715.0
1028,7,6,26,1,1.0,3.0,1.0,56.0,68264.0
1029,7,6,26,2,4.0,5.0,3.0,444.0,718836.0
1030,8,8,1,2,4.0,5.0,4.0,696.0,1140048.0
1031,8,8,14,2,6.0,6.0,3.0,247.0,454727.0
1032,1,7,43,1,1.0,3.0,1.0,113.0,153341.0
1033,7,6,26,1,2.0,2.0,2.0,188.0,271472.0
1034,8,10,32,4,4.0,1.0,1.0,258.0,529158.0
1035,5,3,16,1,2.0,1.0,1.0,173.0,287007.0
1036,5,3,16,5,6.0,4.0,4.0,397.0,813056.0
1037,3,2,5,2,3.0,4.0,2.0,584.0,1331520.0
1038,8,8,2,2,5.0,5.0,2.0,696.0,1044696.0
1039,2,5,53,2,6.0,4.0,2.0,509.0,788441.0
1040,8,10,32,4,3.0,1.0,1.0,215.0,237360.0
1041,5,3,16,2,3.0,3.0,3.0,749.0,1704724.0
1042,6,1,23,1,1.0,1.0,2.0,222.0,300144.0
1043,2,5,17,5,5.0,5.0,2.0,188.0,207740.0
1044,6,1,23,3,4.0,3.0,2.0,230.0,477250.0
1045,2,5,8,2,5.0,3.0,2.0,685.0,1691265.0
1046,1,7,22,1,2.0,1.0,1.0,260.0,496860.0
1047,8,8,2,2,6.0,3.0,4.0,378.0,831978.0
1048,5,3,41,1,2.0,1.0,1.0,240.0,295920.0
1049,8,9,13,3,3.0,5.0,4.0,360.0,681120.0
1050,1,7,46,1,4.0,1.0,2.0,214.0,258084.0
1051,2,5,17,5,6.0,4.0,2.0,710.0,1281550.0
1052,6,1,23,1,1.0,2.0,1.0,121.0,237160.0
1053,3,2,5,1,4.0,2.0,2.0,70.0,80570.0
1054,8,10,32,4,2.0,2.0,1.0,134.0,232624.0
1055,8,8,31,1,1.0,4.0,2.0,256.0,294144.0
1056,5,3,41,3,4.0,3.0,2.0,462.0,918456.0
1057,2,5,6,5,4.0,2.0,4.0,629.0,657305.0
1058,6,1,39,2,3.0,2.0,3.0,500.0,1135000.0
1059,8,8,2,2,6.0,2.0,3.0,622.0,612048.0
1060,8,8,31,2,3.0,4.0,3.0,591.0,618186.0
1061,5,3,16,2,3.0,5.0,3.0,655.0,1130530.0
1062,5,3,41,2,3.0,5.0,4.0,516.0,1059348.0
1063,8,10,25,2,3.0,6.0,2.0,309.0,665895.0
1064,3,2,5,1,4.0,4.0,1.0,112.0,154672.0
1065,1,7,36,2,6.0,6.0,4.0,546.0,1257984.0
1066,5,3,41,1,2.0,4.0,2.0,204.0,367608.0
1067,7,6,50,4,2.0,1.0,1.0,179.0,216769.0
1068,4,4,15,2,4.0,3.0,2.0,529.0,654373.0
1069,6,1,39,1,4.0,3.0,2.0,207.0,354591.0
1070,4,4,15,2,6.0,2.0,3.0,404.0,346228.0
1071,8,10,40,1,2.0,2.0,2.0,238.0,423164.0
1072,4,4,7,1,1.0,3.0,1.0,68.0,124576.0
1073,1,7,46,2,5.0,5.0,2.0,548.0,514572.0
1074,1,7,21,2,4.0,3.0,3.0,358.0,553110.0
1075,3,2,9,2,3.0,3.0,3.0,283.0,391106.0
1076,8,9,44,1,1.0,3.0,1.0,128.0,260352.0
1077,8,10,49,5,4.0,6.0,4.0,624.0,613392.0
1078,8,8,20,5,4.0,3.0,2.0,725.0,1177400.0
1079,2,5,42,1,2.0,1.0,1.0,187.0,318274.0
1080,8,9,13,2,5.0,3.0,4.0,680.0,869040.0
1081,8,8,2,1,1.0,2.0,2.0,242.0,518364.0
1082,2,5,17,1,2.0,3.0,2.0,184.0,384376.0
1083,6,1,23,2,6.0,6.0,4.0,217.0,276458.0
1084,8,10,40,1,2.0,4.0,1.0,128.0,252160.0
1085,4,4,38,2,5.0,4.0,4.0,266.0,299250.0
1086,8,8,14,1,3.0,2.0,1.0,169.0,363181.0
1087,5,3,16,1,4.0,4.0,2.0,144.0,304992.0
1088,2,5,42,1,2.0,4.0,1.0,117.0,146835.0
1089,2,5,6,2,3.0,4.0,2.0,280.0,305760.0
1090,8,8,14,2,4.0,4.0,2.0,517.0,704154.0
1091,7,6,30,2,4.0,6.0,3.0,188.0,275044.0
1092,7,6,50,1,4.0,4.0,1.0,170.0,365330.0
1093,8,9,44,2,4.0,5.0,2.0,708.0,1452816.0
1094,3,2,5,1,4.0,3.0,1.0,130.0,192920.0
1095,4,4,48,2,6.0,6.0,2.0,563.0,638442.0
1096,5,3,37,1,1.0,4.0,2.0,136.0,212296.0
1097,4,4,48,1,4.0,3.0,2.0,200.0,229400.0
1098,5,3,37,3,3.0,4.0,4.0,542.0,1481828.0
1099,5,3,41,5,6.0,3.0,3.0,245.0,476280.0
1100,4,4,7,1,3.0,4.0,2.0,73.0,105923.0
1101,8,8,31,1,1.0,4.0,1.0,97.0,146179.0
1102,8,8,45,2,4.0,4.0,4.0,716.0,710988.0
1103,6,1,33,1,1.0,2.0,2.0,155.0,294500.0
1104,8,9,51,2,6.0,5.0,4.0,250.0,411500.0
1105,8,10,40,5,5.0,5.0,4.0,666.0,782550.0
1106,5,3,41,3,5.0,3.0,4.0,454.0,937056.0
1107,8,10,25,4,4.0,1.0,2.0,204.0,327420.0
1108,3,2,5,3,4.0,4.0,3.0,514.0,812120.0
1109,8,8,14,1,4.0,3.0,2.0,150.0,218700.0
1110,4,4,7,2,6.0,5.0,3.0,367.0,836760.0
1111,5,3,37,1,1.0,2.0,1.0,120.0,203640.0
1112,8,8,31,1,2.0,4.0,2.0,245.0,330260.0
1113,2,5,6,1,3.0,4.0,2.0,92.0,148764.0
1114,8,10,25,1,1.0,4.0,2.0,137.0,262629.0
1115,8,10,32,2,5.0,2.0,4.0,319.0,484561.0
1116,6,1,23,1,1.0,2.0,2.0,85.0,175440.0
1117,7,6,11,2,3.0,6.0,2.0,361.0,524172.0
1118,8,8,29,1,2.0,1.0,1.0,223.0,369957.0
1119,8,9,44,1,2.0,1.0,1.0,163.0,195111.0
1120,3,2,10,1,1.0,4.0,2.0,163.0,196741.0
1121,5,3,37,2,6.0,3.0,2.0,563.0,753294.0
1122,8,10,25,2,3.0,2.0,3.0,376.0,842992.0
1123,8,8,20,4,1.0,2.0,1.0,61.0,119011.0
1124,3,2,9,5,5.0,6.0,4.0,374.0,1233826.0
1125,8,10,32,3,3.0,3.0,2.0,274.0,611020.0
1126,2,5,8,2,5.0,2.0,3.0,397.0,1100484.0
1127,8,10,25,1,3.0,3.0,1.0,67.0,103649.0
1128,4,4,15,1,4.0,1.0,1.0,114.0,147516.0
1129,5,3,16,4,4.0,2.0,2.0,94.0,164594.0
1130,6,1,33,1,4.0,4.0,1.0,178.0,200606.0
1131,8,10,25,1,1.0,3.0,1.0,238.0,470526.0
1132,8,10,25,2,5.0,5.0,3.0,386.0,447760.0
1133,4,4,7,1,2.0,4.0,2.0,84.0,140196.0
1134,2,5,53,1,1.0,4.0,2.0,242.0,277816.0
1135,8,10,49,1,2.0,1.0,1.0,255.0,396525.0
1136,5,3,16,1,2.0,4.0,1.0,66.0,138996.0
1137,8,8,20,2,4.0,3.0,2.0,273.0,328965.0
1138,5,3,41,5,4.0,3.0,4.0,260.0,447720.0
1139,6,1,23,2,4.0,3.0,3.0,360.0,752400.0
1140,8,10,49,2,6.0,3.0,3.0,672.0,680736.0
1141,2,5,17,1,4.0,4.0,2.0,179.0,355673.0
1142,8,9,44,2,6.0,5.0,2.0,487.0,1007116.0
1143,3,2,9,1,2.0,3.0,2.0,168.0,449400.0
1144,6,1,23,1,1.0,1.0,2.0,84.0,173124.0
1145,8,9,3,2,5.0,5.0,3.0,605.0,1003090.0
1146,2,5,17,1,1.0,4.0,1.0,81.0,152928.0
1147,5,3,37,2,6.0,4.0,4.0,536.0,1014648.0
1148,6,1,39,1,1.0,4.0,2.0,238.0,381990.0
1149,8,10,32,2,5.0,2.0,4.0,331.0,458435.0
1150,5,3,16,3,3.0,4.0,2.0,528.0,1417152.0
1151,8,9,51,2,3.0,5.0,3.0,262.0,500682.0
1152,8,10,32,2,6.0,4.0,4.0,489.0,916875.0
1153,3,2,10,5,5.0,5.0,4.0,271.0,290783.0
1154,5,3,16,5,5.0,3.0,4.0,587.0,1338947.0
1155,7,6,24,4,4.0,1.0,1.0,67.0,130985.0
1156,3,2,5,1,4.0,2.0,1.0,145.0,214745.0
1157,8,9,3,1,1.0,4.0,1.0,97.0,146567.0
1158,1,7,4,5,4.0,4.0,3.0,631.0,1345923.0
1159,5,3,37,5,4.0,2.0,3.0,267.0,433341.0
1160,8,8,14,2,3.0,6.0,2.0,669.0,1232967.0
1161,8,8,1,2,3.0,6.0,2.0,279.0,357678.0
1162,3,2,9,1,3.0,4.0,2.0,243.0,674082.0
1163,5,3,16,1,3.0,3.0,1.0,142.0,272072.0
1164,4,4,38,2,5.0,4.0,2.0,183.0,326655.0
1165,4,4,7,2,3.0,6.0,3.0,434.0,696136.0
1166,6,1,39,1,4.0,4.0,1.0,50.0,87950.0
1167,1,7,27,5,5.0,5.0,2.0,676.0,1128244.0
1168,5,3,37,1,4.0,1.0,2.0,125.0,187375.0
1169,8,9,51,2,3.0,4.0,4.0,741.0,1338246.0
1170,8,9,44,4,4.0,2.0,1.0,104.0,150696.0
1171,8,8,1,1,1.0,2.0,2.0,148.0,247752.0
1172,8,10,49,1,1.0,2.0,2.0,73.0,130013.0
1173,8,10,25,1,4.0,4.0,2.0,256.0,403712.0
1174,8,10,49,2,3.0,2.0,2.0,528.0,1088736.0
1175,8,10,25,1,2.0,3.0,2.0,197.0,217291.0
1176,7,6,24,1,2.0,4.0,2.0,131.0,241957.0
1177,8,9,3,2,3.0,6.0,3.0,503.0,576438.0
1178,7,6,28,1,4.0,2.0,2.0,87.0,157731.0
1179,5,3,16,1,1.0,3.0,2.0,211.0,325151.0
1180,6,1,23,1,4.0,1.0,2.0,89.0,136259.0
1181,8,10,25,3,3.0,4.0,4.0,420.0,887040.0
1182,8,9,51,1,3.0,4.0,2.0,139.0,264239.0
1183,4,4,47,1,3.0,3.0,1.0,229.0,436474.0
1184,8,8,20,1,1.0,3.0,2.0,217.0,311395.0
1185,5,3,37,1,4.0,3.0,1.0,103.0,159238.0
1186,8,10,25,1,1.0,2.0,2.0,159.0,229596.0
1187,1,7,35,1,4.0,2.0,1.0,80.0,222320.0
1188,5,3,16,4,4.0,2.0,1.0,80.0,127440.0
1189,4,4,48,1,2.0,4.0,1.0,249.0,510201.0
1190,4,4,15,1,4.0,3.0,1.0,80.0,107040.0
1191,8,8,1,1,2.0,1.0,2.0,120.0,155160.0
1192,5,3,37,1,4.0,3.0,1.0,75.0,132450.0
1193,8,8,31,3,5.0,3.0,3.0,230.0,530380.0
1194,3,2,10,1,4.0,1.0,1.0,242.0,368808.0
1195,8,8,20,5,4.0,2.0,4.0,637.0,951041.0
1196,8,8,1,2,4.0,3.0,2.0,442.0,407082.0
1197,8,8,1,1,3.0,2.0,2.0,218.0,239800.0
1198,8,10,49,2,5.0,6.0,3.0,323.0,656013.0
1199,6,1,39,1,3.0,2.0,1.0,219.0,260829.0
1200,8,10,25,2,5.0,3.0,2.0,745.0,962540.0
1201,5,3,16,2,6.0,2.0,4.0,441.0,609903.0
1202,4,4,7,1,1.0,3.0,2.0,227.0,316211.0
1203,3,2,9,2,5.0,3.0,4.0,561.0,1742466.0
1204,3,2,10,2,4.0,4.0,3.0,568.0,512904.0
1205,5,3,37,2,3.0,6.0,2.0,741.0,1247103.0
1206,8,8,14,1,3.0,3.0,2.0,87.0,135894.0
1207,7,6,24,2,4.0,5.0,2.0,306.0,369954.0
1208,3,2,10,5,6.0,2.0,4.0,537.0,1226508.0
1209,5,3,16,1,1.0,1.0,1.0,131.0,248507.0
1210,8,9,13,5,6.0,5.0,4.0,310.0,427800.0
1211,1,7,46,1,2.0,2.0,2.0,195.0,321165.0
1212,1,7,27,1,2.0,4.0,2.0,96.0,191808.0
1213,2,5,17,1,3.0,4.0,1.0,128.0,163584.0
1214,7,6,26,1,1.0,1.0,1.0,236.0,375476.0
1215,8,8,20,1,1.0,3.0,2.0,256.0,286976.0
1216,4,4,38,3,3.0,4.0,3.0,483.0,1393938.0
1217,3,2,10,2,3.0,6.0,2.0,187.0,321640.0
1218,3,2,10,1,1.0,4.0,1.0,222.0,346320.0
1219,8,9,51,1,2.0,3.0,1.0,158.0,334012.0
1220,4,4,7,1,1.0,3.0,1.0,188.0,252108.0
1221,7,6,30,1,3.0,2.0,1.0,238.0,453628.0
1222,8,10,49,3,5.0,5.0,2.0,457.0,1263605.0
1223,6,1,33,1,4.0,3.0,2.0,140.0,184660.0
1224,1,7,27,5,4.0,5.0,3.0,189.0,199773.0
1225,4,4,48,2,4.0,5.0,2.0,679.0,586656.0
1226,8,9,13,2,6.0,4.0,3.0,553.0,955031.0
1227,8,9,13,2,6.0,5.0,2.0,323.0,508402.0
1228,4,4,47,1,2.0,1.0,1.0,122.0,144204.0
1229,8,9,44,1,3.0,1.0,1.0,220.0,331540.0
1230,6,1,39,4,1.0,4.0,2.0,190.0,401660.0
1231,8,9,13,1,4.0,4.0,1.0,78.0,102960.0
1232,1,7,4,2,3.0,3.0,2.0,530.0,916370.0
1233,5,3,41,2,6.0,4.0,3.0,677.0,689863.0
1234,4,4,7,1,2.0,2.0,2.0,246.0,328410.0
1235,7,6,28,1,4.0,2.0,2.0,230.0,467360.0
1236,3,2,10,2,4.0,3.0,2.0,315.0,526365.0
1237,1,7,22,4,2.0,4.0,1.0,207.0,312156.0
1238,8,8,2,2,6.0,6.0,3.0,416.0,542464.0
1239,2,5,17,1,4.0,1.0,2.0,78.0,128778.0
1240,2,5,42,3,5.0,4.0,2.0,383.0,611651.0
1241,8,9,51,2,5.0,3.0,3.0,663.0,943449.0
1242,5,3,37,1,3.0,4.0,2.0,135.0,232605.0
1243,8,8,1,1,2.0,3.0,2.0,239.0,439760.0
1244,5,3,41,1,2.0,3.0,1.0,199.0,375314.0
1245,8,8,1,2,3.0,2.0,4.0,375.0,466875.0
1246,6,1,33,2,5.0,4.0,4.0,665.0,839895.0
1247,3,2,10,2,4.0,3.0,3.0,743.0,1015681.0
1248,3,2,5,5,6.0,2.0,3.0,249.0,457662.0
1249,4,4,38,3,5.0,3.0,2.0,526.0,1084086.0
1250,8,9,13,2,3.0,3.0,4.0,587.0,1093581.0
1251,3,2,10,4,2.0,4.0,2.0,193.0,366507.0
1252,4,4,38,2,4.0,2.0,2.0,403.0,830986.0
1253,1,7,46,1,3.0,3.0,1.0,125.0,206125.0
1254,3,2,9,2,3.0,6.0,2.0,478.0,688798.0
1255,8,9,13,3,4.0,3.0,4.0,347.0,669710.0
1256,3,2,9,2,5.0,6.0,3.0,512.0,809472.0
1257,3,2,5,1,4.0,3.0,2.0,64.0,71744.0
1258,2,5,8,1,3.0,2.0,2.0,54.0,110214.0
1259,4,4,15,5,4.0,5.0,2.0,512.0,716800.0
1260,8,10,32,2,4.0,5.0,3.0,331.0,606061.0
1261,8,8,45,2,4.0,3.0,2.0,682.0,831358.0
1262,7,6,24,1,2.0,4.0,1.0,67.0,93331.0
1263,8,8,45,2,6.0,2.0,4.0,719.0,813189.0
1264,1,7,34,2,6.0,2.0,2.0,193.0,418617.0
1265,1,7,4,2,3.0,4.0,2.0,193.0,167717.0
1266,8,8,29,1,3.0,1.0,1.0,85.0,177055.0
1267,5,3,16,5,5.0,4.0,3.0,338.0,455962.0
1268,1,7,46,1,1.0,1.0,1.0,76.0,129732.0
1269,8,8,29,5,6.0,3.0,2.0,409.0,367691.0
1270,8,10,32,1,3.0,3.0,1.0,225.0,424575.0
1271,8,8,45,2,3.0,3.0,2.0,468.0,739908.0
1272,8,8,29,1,3.0,1.0,1.0,204.0,287436.0
1273,8,9,44,1,2.0,4.0,1.0,220.0,377740.0
1274,5,3,16,1,1.0,1.0,2.0,219.0,406245.0
1275,8,8,2,2,4.0,3.0,3.0,331.0,545819.0
1276,6,1,39,1,4.0,1.0,1.0,197.0,389075.0
1277,7,6,11,2,4.0,3.0,3.0,541.0,813123.0
1278,6,1,23,1,4.0,3.0,1.0,255.0,408765.0
1279,4,4,48,1,4.0,2.0,2.0,71.0,139373.0
1280,3,2,10,1,2.0,1.0,1.0,142.0,156910.0
1281,8,10,25,1,4.0,2.0,1.0,65.0,117975.0
1282,2,5,8,2,4.0,6.0,3.0,428.0,849580.0
1283,8,10,25,1,1.0,2.0,2.0,237.0,273261.0
1284,4,4,15,2,3.0,6.0,2.0,668.0,1380088.0
1285,8,9,51,2,4.0,2.0,2.0,258.0,225750.0
1286,5,3,16,2,4.0,5.0,4.0,323.0,623390.0
1287,7,6,52,1,3.0,4.0,1.0,123.0,163221.0
1288,8,9,51,5,3.0,6.0,2.0,695.0,818710.0
1289,1,7,43,5,6.0,6.0,4.0,444.0,897324.0
1290,3,2,5,1,4.0,2.0,2.0,73.0,136729.0
1291,8,9,3,1,1.0,2.0,2.0,97.0,122026.0
1292,6,1,23,1,4.0,4.0,1.0,63.0,117180.0
1293,4,4,7,2,3.0,2.0,3.0,523.0,474361.0
1294,8,10,49,2,3.0,2.0,2.0,191.0,283253.0
1295,8,10,40,1,1.0,2.0,2.0,71.0,84561.0
1296,5,3,16,2,5.0,2.0,3.0,188.0,297040.0
1297,7,6,26,1,3.0,4.0,2.0,83.0,107817.0
1298,2,5,17,5,3.0,6.0,2.0,204.0,418608.0
1299,4,4,48,1,1.0,3.0,1.0,88.0,180224.0
1300,8,8,31,2,4.0,3.0,4.0,324.0,381996.0
1301,3,2,10,4,3.0,4.0,1.0,136.0,230520.0
1302,2,5,12,5,6.0,2.0,4.0,576.0,771264.0
1303,8,10,25,4,4.0,1.0,1.0,86.0,149038.0
1304,3,2,9,1,4.0,3.0,1.0,125.0,277000.0
1305,8,8,14,1,3.0,1.0,1.0,95.0,194085.0
1306,7,6,52,4,4.0,2.0,1.0,195.0,409305.0
1307,1,7,27,5,6.0,5.0,4.0,312.0,546624.0
1308,2,5,12,5,5.0,4.0,0.0,603.0,1137258.0
1309,7,6,24,1,1.0,2.0,1.0,89.0,117035.0
1310,7,6,26,2,6.0,2.0,2.0,577.0,1036292.0
1311,8,8,14,1,4.0,1.0,1.0,96.0,126816.0
1312,4,4,48,2,5.0,2.0,3.0,530.0,1106110.0
1313,6,1,33,1,4.0,1.0,2.0,166.0,195548.0
1314,3,2,9,3,3.0,5.0,2.0,383.0,1580641.0
1315,1,7,34,1,1.0,3.0,2.0,171.0,262827.0
1316,1,7,21,5,6.0,4.0,3.0,360.0,367560.0
1317,8,9,51,2,3.0,4.0,4.0,642.0,1097178.0
1318,3,2,9,1,3.0,2.0,1.0,73.0,223672.0
1319,2,5,42,2,5.0,5.0,3.0,666.0,1296036.0
1320,8,9,44,1,4.0,1.0,1.0,69.0,96324.0
1321,2,5,53,4,3.0,1.0,1.0,167.0,234134.0
1322,6,1,23,2,6.0,4.0,4.0,183.0,324276.0
1323,8,9,44,1,1.0,1.0,1.0,240.0,356160.0
1324,4,4,38,1,4.0,2.0,2.0,103.0,153573.0
1325,5,3,37,1,3.0,1.0,2.0,128.0,272384.0
1326,8,8,31,1,4.0,4.0,2.0,140.0,254940.0
1327,3,2,5,1,3.0,1.0,1.0,167.0,330159.0
1328,2,5,8,1,2.0,4.0,2.0,122.0,377224.0
1329,7,6,18,4,1.0,1.0,1.0,207.0,401994.0
1330,8,8,45,1,1.0,4.0,1.0,220.0,372460.0
1331,4,4,7,2,6.0,6.0,3.0,297.0,371250.0
1332,6,1,33,1,4.0,4.0,2.0,51.0,95217.0
1333,8,10,49,2,5.0,4.0,3.0,427.0,366366.0
1334,4,4,47,2,4.0,4.0,4.0,505.0,775680.0
1335,8,9,44,2,6.0,3.0,4.0,582.0,555810.0
1336,5,3,16,2,6.0,3.0,3.0,505.0,964045.0
1337,8,9,44,2,4.0,6.0,2.0,581.0,1239854.0
1338,7,6,11,3,3.0,3.0,2.0,233.0,558035.0
1339,1,7,34,2,3.0,6.0,3.0,205.0,228985.0
1340,6,1,39,1,3.0,2.0,1.0,217.0,337218.0
1341,7,6,28,1,2.0,4.0,2.0,218.0,407006.0
1342,7,6,18,3,5.0,3.0,4.0,516.0,882876.0
1343,8,8,45,3,3.0,3.0,2.0,364.0,741104.0
1344,8,9,51,2,5.0,3.0,3.0,283.0,524965.0
1345,1,7,43,2,3.0,3.0,4.0,609.0,985362.0
1346,2,5,53,3,3.0,3.0,3.0,225.0,419625.0
1347,5,3,41,1,1.0,1.0,2.0,138.0,288558.0
1348,5,3,41,1,2.0,3.0,1.0,99.0,114840.0
1349,3,2,9,1,2.0,2.0,2.0,79.0,189047.0
1350,1,7,27,2,3.0,3.0,3.0,460.0,844560.0
1351,8,10,25,1,3.0,4.0,2.0,161.0,345989.0
1352,4,4,7,2,4.0,4.0,3.0,285.0,582825.0
1353,5,3,16,2,4.0,5.0,3.0,636.0,1092012.0
1354,5,3,41,2,5.0,6.0,2.0,572.0,988988.0
1355,8,10,49,1,1.0,4.0,1.0,58.0,124526.0
1356,7,6,26,2,5.0,5.0,2.0,297.0,361746.0
1357,2,5,17,1,3.0,2.0,1.0,105.0,195405.0
1358,2,5,8,1,1.0,1.0,2.0,226.0,393014.0
1359,2,5,8,1,3.0,2.0,1.0,148.0,385392.0
1360,5,3,37,1,1.0,3.0,1.0,196.0,384748.0
1361,4,4,15,5,4.0,3.0,2.0,685.0,1281635.0
1362,1,7,22,1,1.0,4.0,1.0,203.0,359107.0
1363,5,3,16,2,3.0,4.0,2.0,184.0,330280.0
1364,7,6,11,5,6.0,2.0,4.0,720.0,669600.0
1365,2,5,53,2,6.0,2.0,3.0,488.0,689056.0
1366,2,5,42,1,3.0,4.0,1.0,150.0,256650.0
1367,6,1,23,5,3.0,4.0,4.0,285.0,259065.0
1368,8,10,25,5,4.0,2.0,3.0,626.0,821938.0
1369,8,9,51,2,5.0,6.0,2.0,233.0,321773.0
1370,1,7,35,2,5.0,2.0,3.0,517.0,1808983.0
1371,5,3,16,2,4.0,3.0,4.0,651.0,712845.0
1372,8,9,13,5,6.0,5.0,4.0,305.0,584990.0
1373,3,2,9,1,4.0,3.0,2.0,247.0,799292.0
1374,8,10,25,2,5.0,2.0,3.0,428.0,941600.0
1375,8,10,25,2,6.0,2.0,2.0,193.0,429039.0
1376,8,10,32,5,4.0,5.0,2.0,528.0,674256.0
1377,5,3,41,1,3.0,3.0,2.0,217.0,307055.0
1378,3,2,9,3,3.0,4.0,3.0,451.0,1936143.0
1379,3,2,9,1,2.0,1.0,2.0,158.0,351550.0
1380,7,6,18,2,3.0,2.0,2.0,196.0,351428.0
1381,8,9,13,2,6.0,4.0,3.0,301.0,595077.0
1382,8,8,14,1,2.0,4.0,2.0,180.0,320940.0
1383,1,7,19,2,3.0,2.0,4.0,571.0,979265.0
1384,8,10,49,2,4.0,6.0,3.0,722.0,1511868.0
1385,6,1,39,1,1.0,2.0,1.0,106.0,141510.0
1386,1,7,36,1,2.0,1.0,1.0,120.0,290640.0
1387,5,3,41,1,4.0,4.0,1.0,106.0,174794.0
1388,6,1,33,2,4.0,4.0,4.0,474.0,1087830.0
1389,5,3,16,1,1.0,2.0,2.0,239.0,412275.0
1390,8,10,40,1,1.0,2.0,1.0,135.0,274320.0
1391,8,9,51,1,4.0,3.0,1.0,95.0,155800.0
1392,8,8,20,1,1.0,3.0,2.0,199.0,219298.0
1393,6,1,33,1,1.0,1.0,2.0,108.0,230040.0
1394,8,9,3,1,1.0,3.0,2.0,165.0,347160.0
1395,2,5,12,2,6.0,4.0,3.0,649.0,569173.0
1396,2,5,42,1,4.0,1.0,2.0,225.0,256950.0
1397,8,9,44,5,4.0,4.0,3.0,211.0,284850.0
1398,5,3,41,1,4.0,3.0,1.0,240.0,307680.0
1399,8,10,32,1,3.0,4.0,1.0,117.0,212238.0
1400,2,5,17,1,3.0,3.0,1.0,60.0,108180.0
1401,5,3,37,1,4.0,3.0,2.0,78.0,87126.0
1402,6,1,39,2,4.0,6.0,3.0,346.0,508966.0
1403,6,1,23,2,5.0,2.0,3.0,221.0,286195.0
1404,7,6,18,2,5.0,2.0,3.0,540.0,1189080.0
1405,1,7,36,2,5.0,4.0,4.0,338.0,537420.0
1406,7,6,11,4,2.0,4.0,1.0,124.0,191952.0
1407,1,7,19,3,3.0,5.0,4.0,417.0,986205.0
1408,4,4,47,5,5.0,6.0,3.0,357.0,715428.0
1409,4,4,15,5,4.0,3.0,3.0,318.0,541236.0
1410,3,2,9,1,1.0,3.0,2.0,189.0,432054.0
1411,4,4,48,2,6.0,4.0,4.0,546.0,987714.0
1412,2,5,17,1,4.0,4.0,1.0,193.0,222722.0
1413,4,4,47,1,3.0,2.0,2.0,82.0,139400.0
1414,1,7,43,2,3.0,5.0,4.0,651.0,625611.0
1415,8,8,1,2,3.0,4.0,4.0,279.0,403155.0
1416,5,3,16,1,1.0,1.0,1.0,229.0,347851.0
1417,3,2,9,1,4.0,2.0,1.0,222.0,487068.0
1418,7,6,30,1,1.0,4.0,1.0,79.0,97723.0
1419,1,7,4,1,1.0,1.0,1.0,102.0,133824.0
1420,6,1,33,5,6.0,5.0,2.0,304.0,445056.0
1421,4,4,48,4,2.0,3.0,2.0,218.0,294736.0
1422,4,4,7,1,2.0,2.0,1.0,93.0,199671.0
1423,3,2,9,1,3.0,3.0,1.0,200.0,653600.0
1424,2,5,53,2,6.0,2.0,3.0,606.0,1042320.0
1425,8,9,51,2,3.0,6.0,3.0,191.0,389258.0
1426,7,6,24,1,4.0,1.0,2.0,85.0,174930.0
1427,6,1,23,2,4.0,4.0,4.0,695.0,890295.0
1428,2,5,53,1,1.0,2.0,1.0,140.0,251160.0
1429,6,1,39,5,4.0,4.0,4.0,490.0,811440.0
1430,8,8,2,1,4.0,4.0,1.0,197.0,421186.0
1431,3,2,5,2,5.0,6.0,4.0,536.0,1097192.0
1432,5,3,16,2,3.0,3.0,2.0,278.0,614936.0
1433,8,8,45,3,4.0,4.0,2.0,341.0,584815.0
1434,8,9,44,1,4.0,1.0,1.0,206.0,332072.0
1435,8,8,1,5,3.0,5.0,3.0,210.0,253260.0
1436,2,5,6,1,4.0,2.0,1.0,100.0,161700.0
1437,6,1,23,1,2.0,2.0,1.0,161.0,240373.0
1438,8,8,29,2,3.0,3.0,2.0,323.0,277780.0
1439,2,5,17,1,1.0,3.0,1.0,224.0,473984.0
1440,8,10,40,1,4.0,3.0,2.0,208.0,287456.0
1441,8,8,45,1,4.0,1.0,1.0,82.0,140220.0
1442,8,8,1,1,1.0,3.0,1.0,107.0,181151.0
1443,7,6,26,1,1.0,2.0,2.0,69.0,109986.0
1444,3,2,10,1,4.0,1.0,1.0,199.0,410736.0
1445,7,6,24,2,6.0,4.0,2.0,522.0,506862.0
1446,8,9,3,1,3.0,1.0,1.0,176.0,219824.0
1447,5,3,41,1,1.0,3.0,1.0,156.0,197340.0
1448,3,2,5,3,4.0,5.0,2.0,273.0,429156.0
1449,6,1,39,2,5.0,5.0,3.0,490.0,644840.0
1450,1,7,36,2,4.0,6.0,4.0,568.0,1977208.0
1451,1,7,46,1,4.0,4.0,1.0,160.0,315840.0
1452,3,2,9,2,3.0,6.0,3.0,540.0,1042740.0
1453,2,5,17,3,3.0,3.0,2.0,521.0,791920.0
1454,8,10,32,1,1.0,1.0,1.0,258.0,313728.0
1455,8,8,1,2,4.0,4.0,2.0,501.0,784566.0
1456,5,3,41,5,5.0,3.0,4.0,587.0,1074210.0
1457,8,8,31,2,5.0,6.0,2.0,686.0,1573684.0
1458,2,5,8,1,3.0,3.0,2.0,217.0,538160.0
1459,3,2,5,1,1.0,1.0,2.0,155.0,324725.0
1460,7,6,18,2,4.0,6.0,2.0,492.0,975144.0
1461,8,10,25,1,2.0,1.0,1.0,228.0,456228.0
1462,6,1,33,2,3.0,4.0,3.0,573.0,839445.0
1463,8,8,1,2,6.0,5.0,2.0,571.0,934727.0
1464,6,1,33,2,6.0,3.0,4.0,621.0,1204740.0
1465,1,7,22,2,5.0,2.0,4.0,524.0,726788.0
1466,5,3,37,1,3.0,4.0,2.0,250.0,304000.0
1467,8,8,29,1,3.0,4.0,2.0,196.0,319872.0
1468,8,9,44,1,2.0,2.0,1.0,121.0,200981.0
1469,8,8,20,1,3.0,3.0,2.0,59.0,97999.0
1470,2,5,42,1,1.0,1.0,2.0,195.0,342615.0
1471,7,6,11,1,1.0,4.0,1.0,169.0,198575.0
1472,2,5,17,1,2.0,4.0,1.0,198.0,249876.0
1473,7,6,50,4,4.0,2.0,2.0,246.0,409590.0
1474,7,6,52,2,4.0,3.0,4.0,230.0,304980.0
1475,8,8,31,2,6.0,6.0,3.0,222.0,440226.0
1476,8,10,25,4,3.0,3.0,1.0,223.0,406529.0
1477,3,2,10,2,4.0,4.0,2.0,259.0,488992.0
1478,6,1,33,1,2.0,2.0,2.0,196.0,364560.0
1479,4,4,47,1,3.0,2.0,1.0,133.0,244321.0
1480,2,5,17,5,5.0,5.0,3.0,211.0,248558.0
1481,2,5,6,2,4.0,6.0,2.0,288.0,603936.0
1482,8,10,49,1,3.0,2.0,2.0,199.0,232034.0
1483,8,9,44,1,1.0,1.0,1.0,194.0,413414.0
1484,5,3,41,1,4.0,1.0,1.0,205.0,423735.0
1485,3,2,10,1,3.0,2.0,2.0,112.0,198576.0
1486,8,10,49,2,5.0,2.0,4.0,426.0,750186.0
1487,4,4,15,2,3.0,4.0,4.0,675.0,1410075.0
1488,8,10,32,1,2.0,2.0,1.0,248.0,479632.0
1489,5,3,41,2,5.0,4.0,3.0,501.0,546591.0
1490,8,8,45,1,2.0,4.0,1.0,96.0,194784.0
1491,1,7,4,2,5.0,6.0,4.0,661.0,698016.0
1492,8,9,51,5,3.0,3.0,2.0,315.0,599760.0
1493,3,2,5,3,4.0,3.0,3.0,505.0,1006970.0
1494,7,6,18,1,3.0,1.0,1.0,68.0,124168.0
1495,6,1,23,1,4.0,3.0,2.0,229.0,314875.0
1496,8,9,51,2,3.0,6.0,4.0,558.0,1244340.0
1497,6,1,23,1,2.0,3.0,1.0,109.0,186172.0
1498,6,1,23,2,6.0,4.0,3.0,573.0,860646.0
1499,8,9,3,2,4.0,5.0,4.0,464.0,940528.0
1500,5,3,16,2,5.0,3.0,2.0,474.0,668340.0
1501,6,1,23,2,4.0,4.0,3.0,288.0,381312.0
1502,7,6,11,2,4.0,2.0,4.0,220.0,430100.0
1503,3,2,9,2,3.0,4.0,2.0,468.0,1464372.0
1504,4,4,48,1,4.0,3.0,1.0,233.0,313385.0
1505,6,1,23,1,1.0,2.0,2.0,237.0,317106.0
1506,2,5,6,1,2.0,1.0,2.0,90.0,192420.0
1507,2,5,42,1,1.0,3.0,1.0,160.0,208800.0
1508,3,2,5,2,3.0,2.0,2.0,320.0,656000.0
1509,4,4,7,1,3.0,4.0,1.0,174.0,258042.0
1510,6,1,23,2,3.0,6.0,4.0,399.0,341544.0
1511,4,4,47,1,2.0,2.0,1.0,157.0,257166.0
1512,5,3,16,1,2.0,3.0,2.0,185.0,271580.0
1513,7,6,28,5,6.0,5.0,4.0,581.0,1867334.0
1514,2,5,12,1,1.0,2.0,1.0,243.0,410184.0
1515,4,4,48,1,4.0,1.0,1.0,168.0,294504.0
1516,8,8,14,1,2.0,4.0,2.0,203.0,394429.0
1517,8,10,25,2,4.0,5.0,2.0,510.0,706350.0
1518,2,5,17,1,4.0,4.0,2.0,116.0,140476.0
1519,7,6,52,1,3.0,1.0,2.0,164.0,317996.0
1520,8,10,40,1,1.0,3.0,1.0,204.0,232560.0
1521,1,7,43,2,5.0,4.0,4.0,244.0,534604.0
1522,1,7,46,2,4.0,3.0,4.0,585.0,771615.0
1523,7,6,11,3,4.0,4.0,2.0,503.0,1010527.0
1524,1,7,36,5,3.0,6.0,3.0,676.0,980200.0
1525,8,9,13,1,2.0,2.0,1.0,119.0,161007.0
1526,4,4,48,2,5.0,2.0,2.0,255.0,480165.0
1527,4,4,47,2,4.0,2.0,4.0,580.0,723260.0
1528,5,3,16,1,4.0,1.0,2.0,120.0,244680.0
1529,8,10,25,2,6.0,5.0,3.0,619.0,643760.0
1530,8,10,32,1,4.0,3.0,1.0,147.0,166845.0
1531,6,1,39,1,3.0,1.0,2.0,107.0,123050.0
1532,4,4,7,1,4.0,1.0,2.0,135.0,188190.0
1533,8,8,1,1,2.0,4.0,1.0,71.0,98619.0
1534,4,4,38,5,4.0,2.0,3.0,438.0,741534.0
1535,7,6,50,5,3.0,4.0,4.0,596.0,513156.0
1536,7,6,28,1,4.0,4.0,2.0,216.0,529632.0
1537,2,5,17,1,1.0,1.0,2.0,229.0,288082.0
1538,4,4,7,1,2.0,1.0,1.0,100.0,199600.0
1539,8,8,1,5,6.0,3.0,4.0,717.0,1324299.0
1540,8,9,44,1,3.0,1.0,2.0,125.0,206875.0
1541,3,2,5,1,3.0,2.0,1.0,124.0,188232.0
1542,5,3,41,1,3.0,4.0,2.0,103.0,182928.0
1543,8,9,3,1,4.0,1.0,2.0,156.0,228852.0
1544,8,9,44,2,3.0,4.0,4.0,372.0,467976.0
1545,8,8,29,1,1.0,1.0,2.0,202.0,286840.0
1546,8,8,14,1,2.0,3.0,1.0,99.0,164538.0
1547,7,6,26,1,3.0,3.0,2.0,115.0,174110.0
1548,8,8,29,2,4.0,4.0,2.0,449.0,899796.0
1549,8,8,20,1,4.0,3.0,2.0,256.0,529664.0
1550,8,10,40,2,4.0,3.0,2.0,330.0,377190.0
1551,8,9,44,5,5.0,2.0,2.0,320.0,607040.0
1552,6,1,23,1,3.0,3.0,1.0,111.0,211455.0
1553,4,4,48,1,3.0,3.0,2.0,185.0,233100.0
1554,5,3,37,4,3.0,2.0,2.0,193.0,386772.0
1555,6,1,39,1,1.0,4.0,2.0,95.0,109345.0
1556,2,5,17,1,3.0,4.0,1.0,207.0,308637.0
1557,4,4,15,2,3.0,3.0,3.0,549.0,1057923.0
1558,8,10,25,1,3.0,1.0,2.0,114.0,242706.0
1559,1,7,34,2,5.0,5.0,3.0,224.0,509376.0
1560,7,6,30,1,1.0,4.0,2.0,175.0,254625.0
1561,6,1,39,5,3.0,2.0,3.0,209.0,439945.0
1562,8,9,3,5,4.0,2.0,3.0,302.0,291128.0
1563,6,1,39,1,3.0,1.0,2.0,99.0,112266.0
1564,2,5,53,5,5.0,3.0,4.0,555.0,1058385.0
1565,1,7,43,1,1.0,1.0,1.0,244.0,518988.0
1566,8,9,13,2,6.0,2.0,3.0,383.0,865580.0
1567,3,2,5,2,3.0,4.0,3.0,539.0,588049.0
1568,2,5,17,1,1.0,4.0,1.0,79.0,101515.0
1569,8,9,51,2,3.0,3.0,2.0,402.0,866712.0
1570,2,5,17,2,4.0,4.0,4.0,375.0,420375.0
1571,7,6,24,1,3.0,2.0,2.0,85.0,148410.0
1572,4,4,7,5,5.0,3.0,2.0,482.0,665642.0
1573,6,1,23,2,5.0,6.0,3.0,537.0,1162068.0
1574,3,2,5,5,4.0,2.0,4.0,574.0,670432.0
1575,3,2,10,2,6.0,4.0,4.0,475.0,605150.0
1576,2,5,53,4,3.0,1.0,0.0,116.0,179336.0
1577,7,6,24,3,5.0,5.0,4.0,315.0,778995.0
1578,8,9,44,1,3.0,4.0,1.0,132.0,173448.0
1579,2,5,6,2,6.0,4.0,3.0,282.0,347706.0
1580,2,5,42,2,4.0,2.0,3.0,647.0,1336055.0
1581,5,3,41,1,4.0,4.0,1.0,114.0,212496.0
1582,5,3,16,1,4.0,3.0,1.0,109.0,233042.0
1583,8,8,45,1,3.0,4.0,1.0,91.0,195468.0
1584,8,9,13,5,4.0,6.0,2.0,313.0,691104.0
1585,2,5,6,4,3.0,2.0,2.0,167.0,318970.0
1586,8,9,44,2,4.0,3.0,2.0,488.0,721752.0
1587,8,8,20,2,4.0,5.0,2.0,430.0,500950.0
1588,3,2,5,2,4.0,4.0,2.0,662.0,1308112.0
1589,4,4,7,3,5.0,4.0,3.0,344.0,583424.0
1590,4,4,7,1,2.0,4.0,2.0,122.0,240218.0
1591,5,3,16,1,3.0,4.0,1.0,106.0,155184.0
1592,8,10,49,1,1.0,4.0,1.0,215.0,337765.0
1593,8,9,44,2,4.0,4.0,3.0,275.0,424875.0
1594,4,4,7,1,3.0,3.0,2.0,222.0,462648.0
1595,1,7,22,4,4.0,2.0,1.0,151.0,198867.0
1596,6,1,33,1,1.0,4.0,1.0,91.0,159523.0
1597,8,9,44,1,1.0,4.0,2.0,158.0,191338.0
1598,7,6,26,2,3.0,6.0,3.0,694.0,1119422.0
1599,6,1,39,1,3.0,1.0,1.0,158.0,297830.0
1600,8,8,20,2,5.0,3.0,4.0,645.0,1122300.0
1601,1,7,19,2,3.0,5.0,3.0,555.0,528360.0
1602,5,3,41,1,4.0,3.0,2.0,246.0,282408.0
1603,3,2,5,2,5.0,5.0,2.0,637.0,964418.0
1604,7,6,24,1,3.0,1.0,2.0,113.0,164754.0
1605,8,8,29,2,4.0,5.0,3.0,461.0,717777.0
1606,6,1,39,1,4.0,1.0,1.0,133.0,247779.0
1607,1,7,4,1,1.0,4.0,1.0,136.0,233648.0
1608,4,4,48,2,5.0,2.0,3.0,299.0,371358.0
1609,5,3,16,4,2.0,1.0,2.0,196.0,405328.0
1610,8,10,32,2,4.0,4.0,4.0,226.0,471888.0
1611,4,4,7,1,3.0,1.0,2.0,103.0,117214.0
1612,4,4,7,2,6.0,6.0,4.0,505.0,529240.0
1613,8,10,40,2,5.0,3.0,2.0,474.0,993978.0
1614,6,1,39,1,3.0,4.0,2.0,192.0,216000.0
1615,2,5,42,1,4.0,2.0,2.0,240.0,509040.0
1616,8,10,40,1,3.0,4.0,1.0,219.0,275940.0
1617,6,1,39,4,1.0,2.0,2.0,127.0,215519.0
1618,2,5,17,1,1.0,2.0,1.0,209.0,380380.0
1619,5,3,16,1,1.0,3.0,2.0,110.0,205480.0
1620,3,2,9,1,1.0,1.0,2.0,105.0,249270.0
1621,8,8,29,2,4.0,5.0,4.0,598.0,938860.0
1622,8,10,32,3,4.0,4.0,3.0,542.0,930072.0
1623,2,5,12,1,4.0,2.0,2.0,176.0,360800.0
1624,7,6,52,2,4.0,5.0,3.0,183.0,355020.0
1625,2,5,17,1,1.0,4.0,2.0,157.0,304580.0
1626,8,10,25,1,2.0,1.0,2.0,55.0,97075.0
1627,5,3,37,2,6.0,2.0,3.0,203.0,422443.0
1628,4,4,38,1,2.0,2.0,2.0,144.0,228960.0
1630,8,10,32,1,4.0,2.0,1.0,168.0,356832.0
1631,8,8,2,1,3.0,2.0,1.0,168.0,208824.0
1632,1,7,36,1,4.0,4.0,2.0,68.0,205904.0
1633,7,6,18,1,1.0,4.0,2.0,235.0,287170.0
1634,7,6,26,5,3.0,4.0,3.0,703.0,1503014.0
1635,6,1,23,1,1.0,2.0,2.0,244.0,324032.0
1636,8,9,13,1,3.0,2.0,1.0,253.0,528264.0
1637,8,10,49,2,3.0,5.0,4.0,683.0,922733.0
1638,7,6,50,2,6.0,4.0,3.0,444.0,893772.0
1639,7,6,24,1,2.0,3.0,1.0,106.0,197054.0
1640,5,3,16,1,3.0,2.0,2.0,171.0,342000.0
1641,7,6,11,1,2.0,2.0,2.0,148.0,240648.0
1642,8,10,25,5,5.0,3.0,4.0,192.0,265152.0
1643,2,5,53,1,4.0,4.0,1.0,138.0,195822.0
1644,5,3,41,1,3.0,4.0,2.0,215.0,310890.0
1645,3,2,5,2,6.0,2.0,4.0,246.0,381546.0
1646,8,10,49,2,4.0,4.0,4.0,302.0,658662.0
1647,8,10,49,1,1.0,2.0,1.0,143.0,166881.0
1648,4,4,47,4,1.0,3.0,1.0,254.0,308356.0
1649,6,1,39,1,2.0,3.0,1.0,226.0,361826.0
1650,8,10,32,2,5.0,6.0,3.0,273.0,338247.0
1651,8,8,20,1,1.0,2.0,1.0,112.0,232624.0
1652,6,1,33,1,1.0,3.0,1.0,100.0,207900.0
1653,8,8,45,2,4.0,2.0,4.0,400.0,830000.0
1654,6,1,23,1,4.0,1.0,2.0,249.0,373002.0
1655,5,3,41,1,4.0,1.0,2.0,243.0,469719.0
1656,5,3,16,1,2.0,3.0,2.0,181.0,304261.0
1657,7,6,30,5,4.0,4.0,3.0,695.0,1029990.0
1658,6,1,33,4,2.0,4.0,1.0,131.0,280733.0
1659,6,1,23,2,3.0,5.0,4.0,491.0,512113.0
1660,6,1,23,1,2.0,2.0,1.0,245.0,385630.0
1661,8,10,49,1,3.0,4.0,1.0,225.0,385650.0
1662,5,3,37,1,2.0,3.0,1.0,99.0,189189.0
1663,8,9,3,1,2.0,3.0,2.0,217.0,423801.0
1664,7,6,28,3,4.0,4.0,3.0,294.0,969024.0
1665,2,5,53,1,3.0,4.0,2.0,158.0,300990.0
1666,4,4,47,1,4.0,1.0,2.0,140.0,194040.0
1667,6,1,23,2,4.0,3.0,4.0,442.0,642226.0
1668,2,5,6,1,4.0,3.0,1.0,254.0,391160.0
1669,5,3,41,1,3.0,1.0,1.0,112.0,159936.0
1670,2,5,53,1,4.0,1.0,2.0,226.0,473922.0
1671,8,10,49,4,4.0,1.0,1.0,64.0,115264.0
1672,7,6,50,1,3.0,1.0,2.0,84.0,105084.0
1673,2,5,53,1,2.0,2.0,2.0,196.0,295764.0
1674,3,2,9,1,3.0,3.0,2.0,226.0,400698.0
1675,8,9,51,5,5.0,4.0,3.0,399.0,489573.0
1676,2,5,17,2,5.0,4.0,2.0,445.0,610540.0
1677,5,3,41,3,3.0,3.0,4.0,430.0,1021250.0
1678,4,4,48,1,1.0,3.0,1.0,194.0,387030.0
1679,1,7,46,5,5.0,6.0,3.0,469.0,950663.0
1680,2,5,53,2,3.0,6.0,2.0,295.0,572005.0
1681,8,9,51,1,4.0,2.0,1.0,246.0,487572.0
1682,7,6,52,1,2.0,3.0,1.0,96.0,172320.0
1683,6,1,39,1,4.0,1.0,2.0,197.0,335097.0
1684,1,7,34,5,3.0,2.0,2.0,510.0,879240.0
1685,8,9,13,5,5.0,6.0,3.0,385.0,780010.0
1686,2,5,53,5,4.0,3.0,2.0,391.0,579071.0
1687,8,9,51,2,3.0,3.0,4.0,536.0,531176.0
1688,2,5,42,3,5.0,3.0,2.0,375.0,687750.0
1689,4,4,15,2,4.0,4.0,2.0,320.0,560000.0
1690,8,8,2,3,3.0,4.0,4.0,326.0,742954.0
1691,1,7,19,1,2.0,2.0,2.0,201.0,272355.0
1692,8,8,20,1,1.0,2.0,1.0,80.0,168080.0
1693,5,3,16,1,3.0,4.0,1.0,103.0,132355.0
1694,3,2,5,1,1.0,4.0,1.0,51.0,95778.0
1695,4,4,48,4,1.0,3.0,2.0,129.0,159057.0
1696,4,4,15,2,3.0,5.0,3.0,196.0,276752.0
1697,2,5,6,2,4.0,3.0,4.0,189.0,210168.0
1698,3,2,9,2,6.0,2.0,2.0,394.0,1345116.0
1699,7,6,50,1,2.0,4.0,1.0,94.0,132540.0
1700,8,9,13,5,3.0,3.0,2.0,689.0,872963.0
1701,7,6,26,1,3.0,3.0,1.0,250.0,288000.0
1702,2,5,6,5,3.0,3.0,3.0,227.0,443558.0
1703,4,4,38,1,2.0,2.0,1.0,53.0,96142.0
1704,8,10,25,1,1.0,1.0,2.0,168.0,327600.0
1705,3,2,5,2,3.0,4.0,3.0,660.0,908160.0
1706,8,9,13,1,3.0,1.0,2.0,176.0,264176.0
1707,8,9,3,1,2.0,2.0,1.0,240.0,310560.0
1708,4,4,15,5,3.0,3.0,2.0,436.0,535408.0
1709,7,6,50,1,4.0,3.0,1.0,133.0,261212.0
1710,2,5,53,2,3.0,5.0,4.0,229.0,287395.0
1711,8,9,51,2,3.0,3.0,2.0,586.0,884860.0
1712,1,7,34,1,3.0,2.0,2.0,165.0,253935.0
1713,6,1,39,2,6.0,2.0,4.0,466.0,1021472.0
1714,3,2,5,1,2.0,3.0,2.0,256.0,537088.0
1715,3,2,5,1,3.0,3.0,1.0,250.0,462000.0
1716,4,4,47,4,2.0,1.0,1.0,167.0,221609.0
1717,8,8,29,1,2.0,3.0,2.0,165.0,328845.0
1718,3,2,9,4,2.0,4.0,1.0,86.0,207088.0
1719,1,7,21,1,3.0,2.0,1.0,254.0,467868.0
1720,3,2,9,1,2.0,3.0,1.0,75.0,167250.0
1721,5,3,37,5,4.0,6.0,4.0,614.0,776096.0
1722,7,6,24,4,4.0,3.0,2.0,183.0,359046.0
1723,6,1,23,1,3.0,1.0,1.0,114.0,198132.0
1724,8,10,25,2,6.0,3.0,2.0,672.0,791616.0
1725,8,10,32,1,4.0,4.0,1.0,113.0,205321.0
1726,8,8,20,4,3.0,2.0,2.0,81.0,114210.0
1727,8,10,32,2,5.0,4.0,2.0,300.0,574800.0
1728,7,6,18,1,4.0,2.0,2.0,126.0,170730.0
1729,3,2,10,1,2.0,1.0,2.0,119.0,140777.0
1730,4,4,15,2,6.0,5.0,4.0,352.0,797632.0
1731,6,1,23,2,3.0,2.0,4.0,551.0,740544.0
1732,6,1,39,4,4.0,1.0,1.0,247.0,413231.0
1733,7,6,30,1,3.0,4.0,2.0,141.0,179070.0
1734,1,7,35,1,4.0,2.0,2.0,106.0,326586.0
1735,7,6,18,4,4.0,4.0,2.0,60.0,79200.0
1736,5,3,41,4,1.0,1.0,1.0,142.0,278746.0
1737,4,4,47,1,4.0,4.0,1.0,152.0,301568.0
1738,1,7,21,1,1.0,3.0,1.0,124.0,241056.0
1739,1,7,19,5,5.0,4.0,4.0,532.0,835772.0
1740,8,10,49,1,1.0,3.0,2.0,228.0,373464.0
1741,8,9,3,1,3.0,4.0,2.0,249.0,361548.0
1742,6,1,33,1,2.0,3.0,2.0,75.0,96375.0
1743,4,4,15,1,2.0,4.0,1.0,117.0,244998.0
1744,2,5,42,5,5.0,3.0,2.0,510.0,449820.0
1745,8,8,20,1,3.0,2.0,2.0,208.0,261040.0
1746,8,10,25,2,6.0,4.0,2.0,528.0,1024848.0
1747,2,5,17,2,6.0,2.0,4.0,480.0,1010880.0
1748,5,3,37,1,2.0,4.0,1.0,112.0,158704.0
1749,7,6,24,1,2.0,2.0,1.0,162.0,249804.0
1750,8,9,51,2,3.0,6.0,3.0,629.0,1068042.0
1751,3,2,10,4,2.0,4.0,1.0,182.0,349076.0
1752,5,3,16,1,3.0,3.0,2.0,144.0,265824.0
1753,8,10,49,1,1.0,2.0,2.0,229.0,367545.0
1754,3,2,10,2,6.0,6.0,3.0,287.0,598969.0
1755,8,10,49,1,2.0,4.0,2.0,197.0,237976.0
1756,6,1,39,1,4.0,1.0,1.0,55.0,110990.0
1757,3,2,10,2,5.0,5.0,4.0,331.0,324380.0
1758,2,5,6,4,3.0,3.0,1.0,232.0,488360.0
1759,4,4,7,4,2.0,4.0,2.0,187.0,322201.0
1760,2,5,8,1,4.0,2.0,2.0,51.0,95472.0
1761,2,5,12,2,3.0,6.0,2.0,722.0,1225234.0
1762,8,9,3,2,4.0,3.0,2.0,686.0,750484.0
1763,2,5,6,2,6.0,6.0,4.0,576.0,969984.0
1764,4,4,48,2,1.0,3.0,2.0,498.0,785346.0
1765,4,4,15,1,2.0,3.0,2.0,101.0,157964.0
1766,2,5,53,1,3.0,4.0,1.0,184.0,299368.0
1767,1,7,34,2,3.0,4.0,2.0,352.0,300256.0
1768,3,2,9,2,6.0,4.0,2.0,563.0,865331.0
1769,8,9,3,1,4.0,2.0,1.0,138.0,179124.0
1770,8,9,13,1,4.0,2.0,1.0,258.0,518838.0
1771,1,7,34,2,3.0,4.0,3.0,290.0,453560.0
1772,8,9,3,3,4.0,3.0,4.0,299.0,823745.0
1773,2,5,17,3,5.0,4.0,3.0,279.0,800451.0
1774,3,2,9,1,3.0,2.0,1.0,259.0,844858.0
1775,8,10,32,2,3.0,5.0,4.0,281.0,537834.0
1776,8,8,31,1,4.0,2.0,2.0,132.0,181764.0
1777,6,1,33,2,6.0,5.0,3.0,566.0,576188.0
1778,6,1,33,1,3.0,4.0,2.0,128.0,271232.0
1779,7,6,24,1,1.0,2.0,1.0,128.0,186240.0
1780,2,5,53,2,3.0,2.0,3.0,574.0,708890.0
1781,2,5,12,2,6.0,6.0,4.0,362.0,684542.0
1782,2,5,53,1,2.0,1.0,2.0,97.0,150641.0
1783,2,5,6,1,4.0,2.0,1.0,61.0,114741.0
1784,8,10,25,3,3.0,3.0,4.0,389.0,724318.0
1785,4,4,7,1,4.0,1.0,1.0,86.0,137944.0
1786,5,3,41,2,6.0,6.0,4.0,497.0,630693.0
1787,7,6,26,1,4.0,4.0,2.0,121.0,180048.0
1788,6,1,23,1,4.0,1.0,2.0,82.0,127592.0
1789,8,8,31,2,4.0,5.0,2.0,367.0,715283.0
1790,2,5,8,3,4.0,5.0,4.0,423.0,1365444.0
1791,3,2,5,2,5.0,2.0,2.0,584.0,737592.0
1792,8,8,29,5,4.0,3.0,0.0,216.0,390960.0
1793,8,8,1,2,6.0,3.0,2.0,249.0,334905.0
1794,4,4,38,1,2.0,4.0,1.0,219.0,466689.0
1795,8,10,40,1,1.0,1.0,1.0,137.0,220981.0
1796,8,9,13,1,1.0,4.0,2.0,89.0,151033.0
1797,3,2,9,2,4.0,4.0,4.0,629.0,878084.0
1798,6,1,33,5,5.0,6.0,2.0,326.0,642220.0
1799,2,5,6,2,3.0,5.0,4.0,727.0,643395.0
1800,5,3,41,2,5.0,4.0,2.0,326.0,346212.0
1801,8,10,25,1,1.0,4.0,1.0,107.0,125404.0
1802,5,3,41,2,6.0,6.0,4.0,575.0,821100.0
1803,5,3,16,1,2.0,4.0,2.0,138.0,280278.0
1804,6,1,33,1,3.0,2.0,1.0,123.0,179211.0
1805,4,4,15,5,5.0,2.0,3.0,487.0,557128.0
1806,1,7,19,1,1.0,4.0,1.0,210.0,382620.0
1807,4,4,48,5,6.0,5.0,3.0,577.0,1038023.0
1808,2,5,42,1,4.0,2.0,1.0,112.0,172928.0
1809,8,10,40,3,5.0,5.0,4.0,406.0,993888.0
1810,3,2,5,1,3.0,2.0,2.0,86.0,177418.0
1811,8,8,29,1,3.0,4.0,1.0,101.0,155944.0
1812,2,5,12,5,6.0,6.0,3.0,364.0,639548.0
1813,1,7,21,1,2.0,3.0,1.0,214.0,411522.0
1814,5,3,37,2,5.0,5.0,2.0,313.0,577798.0
1815,2,5,12,3,5.0,5.0,4.0,541.0,850452.0
1816,8,8,2,2,3.0,2.0,2.0,519.0,536646.0
1817,2,5,42,2,4.0,3.0,3.0,247.0,393471.0
1818,5,3,16,1,4.0,4.0,2.0,230.0,335340.0
1819,7,6,30,2,4.0,3.0,2.0,605.0,660660.0
1820,3,2,10,1,4.0,3.0,1.0,79.0,110600.0
1821,6,1,33,1,2.0,4.0,2.0,147.0,305172.0
1822,8,9,51,1,3.0,4.0,1.0,164.0,186960.0
1823,6,1,39,1,3.0,1.0,2.0,67.0,97954.0
1824,8,9,13,1,2.0,1.0,1.0,212.0,372272.0
1825,7,6,18,1,4.0,1.0,2.0,93.0,171771.0
1826,7,6,28,1,1.0,4.0,2.0,92.0,171948.0
1827,8,10,49,2,6.0,4.0,2.0,459.0,1007046.0
1828,6,1,39,2,3.0,3.0,4.0,190.0,384560.0
1830,4,4,15,1,4.0,4.0,2.0,83.0,150147.0
1831,7,6,28,1,3.0,1.0,2.0,221.0,436033.0
1832,2,5,12,5,3.0,3.0,2.0,428.0,428856.0
1833,8,9,13,2,4.0,2.0,2.0,189.0,165753.0
1834,2,5,12,2,6.0,4.0,4.0,288.0,605952.0
1835,8,8,1,1,2.0,1.0,1.0,73.0,93951.0
1836,1,7,43,1,2.0,2.0,1.0,233.0,294046.0
1837,4,4,15,1,2.0,4.0,1.0,231.0,488334.0
1838,5,3,41,2,5.0,6.0,2.0,633.0,777324.0
1839,3,2,9,2,4.0,4.0,2.0,735.0,2310105.0
1840,8,10,25,1,1.0,2.0,1.0,132.0,206712.0
1841,8,9,44,1,3.0,4.0,2.0,105.0,207165.0
1842,7,6,50,1,1.0,3.0,2.0,243.0,347490.0
1843,8,8,1,2,5.0,2.0,4.0,620.0,628060.0
1844,6,1,33,4,1.0,3.0,2.0,228.0,281352.0
1845,5,3,16,1,3.0,4.0,2.0,240.0,499920.0
1846,2,5,17,1,4.0,3.0,1.0,108.0,156492.0
1847,1,7,27,1,4.0,3.0,2.0,168.0,344568.0
1848,6,1,33,2,6.0,5.0,2.0,322.0,482356.0
1849,4,4,7,1,1.0,4.0,1.0,88.0,129888.0
1850,8,10,25,2,6.0,3.0,3.0,525.0,658875.0
1851,1,7,19,1,3.0,3.0,1.0,98.0,205408.0
1852,5,3,41,1,4.0,2.0,2.0,220.0,268840.0
1853,2,5,6,2,5.0,5.0,4.0,476.0,542164.0
1854,8,10,32,5,6.0,5.0,2.0,495.0,1060785.0
1855,8,9,13,1,4.0,1.0,1.0,185.0,310245.0
1856,2,5,53,1,2.0,3.0,2.0,66.0,74976.0
1857,6,1,23,1,2.0,3.0,1.0,130.0,269750.0
1858,7,6,50,1,3.0,2.0,1.0,132.0,206976.0
1859,5,3,41,2,4.0,5.0,4.0,661.0,587629.0
1860,2,5,12,5,6.0,3.0,4.0,509.0,517144.0
1861,3,2,5,1,3.0,1.0,2.0,149.0,222755.0
1862,7,6,11,1,1.0,4.0,1.0,107.0,118342.0
1863,2,5,42,5,6.0,6.0,2.0,459.0,690795.0
1864,6,1,23,1,2.0,2.0,1.0,125.0,153000.0
1865,8,10,49,2,6.0,5.0,4.0,191.0,278860.0
1866,7,6,28,2,3.0,2.0,4.0,611.0,957437.0
1867,2,5,17,1,2.0,4.0,2.0,192.0,272832.0
1868,5,3,16,1,1.0,3.0,2.0,120.0,180600.0
1869,5,3,16,2,4.0,4.0,2.0,306.0,292842.0
1870,2,5,12,1,2.0,3.0,2.0,190.0,218880.0
1871,4,4,15,1,3.0,1.0,2.0,132.0,155760.0
1872,3,2,9,1,2.0,4.0,1.0,67.0,143916.0
1873,8,9,51,1,2.0,1.0,2.0,141.0,252672.0
1874,8,8,45,1,1.0,4.0,2.0,189.0,231903.0
1875,3,2,5,1,4.0,2.0,1.0,258.0,393192.0
1876,6,1,33,2,5.0,3.0,2.0,237.0,514290.0
1877,3,2,9,2,4.0,5.0,2.0,223.0,448453.0
1878,8,10,40,4,2.0,3.0,2.0,149.0,284590.0
1879,1,7,46,1,4.0,1.0,2.0,190.0,235410.0
1880,1,7,21,1,2.0,2.0,2.0,51.0,92565.0
1881,8,8,29,5,4.0,5.0,2.0,335.0,652580.0
1882,1,7,34,2,5.0,6.0,3.0,343.0,432866.0
1883,5,3,16,1,3.0,3.0,2.0,80.0,134720.0
1884,6,1,33,1,4.0,2.0,1.0,78.0,92430.0
1885,4,4,47,1,2.0,2.0,2.0,226.0,347588.0
1886,5,3,16,1,1.0,2.0,2.0,105.0,225330.0
1887,1,7,22,2,4.0,4.0,2.0,691.0,1136695.0
1888,2,5,17,4,2.0,4.0,2.0,193.0,325012.0
1889,8,10,25,1,1.0,1.0,1.0,52.0,86372.0
1890,1,7,22,1,2.0,1.0,1.0,144.0,221760.0
1891,8,10,32,1,3.0,1.0,2.0,156.0,178620.0
1892,7,6,24,5,5.0,3.0,3.0,647.0,821043.0
1893,8,8,31,1,1.0,4.0,1.0,53.0,70490.0
1894,8,8,31,2,5.0,4.0,2.0,671.0,656909.0
1895,8,9,3,2,6.0,2.0,2.0,689.0,1195415.0
1896,6,1,23,2,3.0,6.0,2.0,244.0,347700.0
1897,7,6,52,2,5.0,2.0,4.0,458.0,565630.0
1898,8,10,32,5,3.0,6.0,3.0,680.0,900320.0
1899,1,7,22,1,3.0,4.0,2.0,189.0,271215.0
1900,2,5,53,3,5.0,5.0,4.0,294.0,633864.0
1901,2,5,17,2,6.0,4.0,3.0,535.0,774680.0
1902,8,9,44,1,4.0,3.0,2.0,72.0,116496.0
1903,8,9,13,3,5.0,4.0,3.0,496.0,1434928.0
1904,8,9,51,1,2.0,3.0,1.0,254.0,351790.0
1905,8,10,32,2,6.0,2.0,4.0,737.0,689095.0
1906,3,2,9,1,3.0,2.0,0.0,225.0,622350.0
1907,8,8,14,1,3.0,4.0,2.0,106.0,192814.0
1908,4,4,47,2,6.0,3.0,4.0,372.0,316572.0
1909,3,2,9,1,1.0,3.0,1.0,243.0,727299.0
1910,7,6,28,1,1.0,2.0,1.0,54.0,97308.0
1911,7,6,18,2,3.0,2.0,3.0,643.0,702799.0
1912,4,4,15,1,1.0,3.0,2.0,149.0,278183.0
1913,8,10,49,1,4.0,1.0,2.0,58.0,123134.0
1914,2,5,42,2,6.0,5.0,4.0,280.0,480200.0
1915,5,3,41,5,6.0,2.0,3.0,219.0,404712.0
1916,8,8,45,2,3.0,2.0,2.0,276.0,491556.0
1917,4,4,15,2,6.0,2.0,3.0,497.0,984557.0
1918,6,1,33,1,1.0,1.0,1.0,201.0,232557.0
1919,3,2,5,2,4.0,5.0,3.0,577.0,1123419.0
1920,1,7,22,1,4.0,2.0,2.0,125.0,179125.0
1921,1,7,22,1,4.0,1.0,1.0,69.0,103983.0
1922,6,1,23,2,6.0,3.0,3.0,224.0,329056.0
1923,8,9,3,1,4.0,2.0,2.0,256.0,342272.0
1924,8,8,20,2,3.0,5.0,3.0,555.0,1265955.0
1925,4,4,47,1,3.0,1.0,2.0,171.0,199728.0
1926,7,6,26,1,4.0,1.0,1.0,72.0,117936.0
1927,2,5,17,1,2.0,2.0,1.0,56.0,80136.0
1928,8,8,29,2,4.0,5.0,4.0,739.0,1192746.0
1929,3,2,5,1,2.0,4.0,1.0,193.0,227933.0
1930,8,10,40,2,4.0,5.0,2.0,560.0,544320.0
1931,3,2,9,2,5.0,6.0,4.0,189.0,430920.0
1932,8,9,13,3,4.0,3.0,2.0,463.0,1147777.0
1933,6,1,33,2,6.0,6.0,4.0,734.0,730330.0
1934,8,9,3,5,4.0,2.0,3.0,705.0,703590.0
1935,5,3,37,2,6.0,4.0,2.0,448.0,753536.0
1936,1,7,43,2,5.0,5.0,2.0,377.0,838825.0
1937,2,5,17,1,2.0,2.0,2.0,207.0,443601.0
1938,4,4,7,2,5.0,5.0,2.0,623.0,1294594.0
1939,1,7,43,2,3.0,3.0,4.0,220.0,353320.0
1940,7,6,26,2,5.0,4.0,4.0,514.0,761234.0
1941,6,1,39,1,2.0,4.0,2.0,73.0,153446.0
1942,2,5,12,1,1.0,3.0,2.0,119.0,201229.0
1943,5,3,41,2,5.0,3.0,4.0,375.0,586125.0
1944,7,6,28,5,6.0,4.0,3.0,614.0,2113388.0
1945,8,10,40,5,5.0,3.0,4.0,550.0,1078550.0
1946,3,2,5,2,6.0,6.0,4.0,357.0,389130.0
1947,7,6,28,2,5.0,3.0,4.0,688.0,1724128.0
1948,8,10,32,1,3.0,4.0,2.0,87.0,141027.0
1949,5,3,37,2,6.0,6.0,3.0,183.0,180438.0
1950,8,10,49,3,4.0,5.0,4.0,361.0,919106.0
1951,5,3,16,2,3.0,5.0,4.0,681.0,1408989.0
1952,8,8,45,1,3.0,1.0,1.0,96.0,129696.0
1953,2,5,6,2,3.0,4.0,2.0,741.0,1441986.0
1954,7,6,11,1,4.0,2.0,1.0,219.0,267618.0
1955,1,7,35,1,3.0,3.0,2.0,111.0,270396.0
1956,8,10,49,3,4.0,3.0,2.0,231.0,608223.0
1957,5,3,16,1,2.0,4.0,1.0,188.0,213380.0
1958,8,9,51,1,3.0,4.0,1.0,74.0,118696.0
1959,4,4,7,2,4.0,3.0,2.0,466.0,498154.0
1960,1,7,21,1,4.0,4.0,2.0,104.0,163800.0
1961,8,8,2,2,6.0,5.0,2.0,573.0,1208457.0
1962,4,4,47,1,3.0,2.0,2.0,161.0,289961.0
1963,2,5,6,1,4.0,4.0,1.0,145.0,202275.0
1964,8,8,29,5,6.0,3.0,3.0,392.0,508032.0
1965,2,5,42,1,2.0,3.0,1.0,147.0,302967.0
1966,1,7,34,2,3.0,5.0,4.0,202.0,332492.0
1967,5,3,16,1,1.0,4.0,2.0,235.0,472820.0
1968,4,4,47,1,3.0,2.0,2.0,143.0,233376.0
1969,6,1,33,2,4.0,2.0,3.0,553.0,524244.0
1970,8,10,25,1,2.0,1.0,1.0,114.0,143868.0
1971,3,2,5,1,3.0,2.0,2.0,121.0,179080.0
1972,8,10,32,1,1.0,2.0,1.0,208.0,250848.0
1973,5,3,41,1,2.0,3.0,2.0,158.0,227994.0
1974,8,10,25,5,4.0,6.0,4.0,258.0,254646.0
1975,8,8,14,5,4.0,6.0,2.0,653.0,1294899.0
1976,2,5,53,2,4.0,3.0,2.0,513.0,616113.0
1977,7,6,24,1,1.0,4.0,1.0,92.0,110308.0
1978,6,1,33,5,4.0,6.0,3.0,465.0,835605.0
1979,8,10,32,2,3.0,3.0,2.0,223.0,220101.0
1980,4,4,7,2,6.0,6.0,3.0,584.0,1154568.0
1981,3,2,10,1,4.0,3.0,2.0,242.0,390588.0
1982,3,2,5,2,6.0,3.0,2.0,391.0,391000.0
1983,5,3,16,5,3.0,6.0,3.0,571.0,924449.0
1984,7,6,50,2,6.0,3.0,2.0,400.0,696400.0
1985,8,9,44,5,4.0,4.0,3.0,430.0,490630.0
1986,1,7,21,3,4.0,4.0,3.0,458.0,1123016.0
1987,2,5,8,1,4.0,1.0,1.0,87.0,176175.0
1988,7,6,50,2,6.0,5.0,4.0,623.0,628607.0
1989,5,3,16,1,4.0,1.0,2.0,67.0,122007.0
1990,2,5,8,1,2.0,1.0,1.0,87.0,222720.0
1991,1,7,36,1,3.0,1.0,2.0,153.0,423045.0
1992,5,3,16,1,3.0,3.0,2.0,63.0,85176.0
1993,6,1,23,1,1.0,1.0,1.0,146.0,259296.0
1994,6,1,39,1,3.0,2.0,1.0,245.0,367990.0
1995,8,8,29,1,4.0,2.0,1.0,61.0,104920.0
1996,1,7,4,2,4.0,5.0,2.0,617.0,1215490.0
1997,5,3,16,4,2.0,1.0,1.0,91.0,107016.0
1998,7,6,52,1,2.0,4.0,1.0,222.0,468420.0
1999,8,8,1,1,3.0,3.0,2.0,116.0,206132.0
2000,2,5,12,2,5.0,6.0,2.0,411.0,367845.0
2001,4,4,48,2,5.0,5.0,4.0,594.0,567270.0
2002,5,3,16,5,5.0,2.0,2.0,748.0,977636.0
2003,8,10,40,1,2.0,1.0,2.0,155.0,297290.0
2004,4,4,38,1,1.0,2.0,1.0,209.0,435765.0
2005,8,8,2,1,1.0,4.0,2.0,258.0,512130.0
2006,8,9,44,1,1.0,3.0,2.0,80.0,138400.0
2007,8,10,32,5,6.0,5.0,0.0,399.0,670320.0
2008,8,10,49,2,4.0,4.0,2.0,514.0,1061410.0
2009,4,4,47,2,3.0,2.0,2.0,733.0,1265891.0
2010,6,1,33,3,5.0,5.0,2.0,246.0,369984.0
2011,6,1,33,2,5.0,4.0,4.0,545.0,1206630.0
2012,5,3,37,2,5.0,4.0,2.0,219.0,447417.0
2013,8,8,1,1,2.0,2.0,2.0,260.0,547040.0
2014,8,8,14,1,1.0,3.0,1.0,66.0,135036.0
2015,5,3,16,2,3.0,5.0,4.0,409.0,924749.0
2016,7,6,24,1,3.0,2.0,2.0,257.0,520682.0
2017,2,5,12,1,4.0,4.0,1.0,253.0,438449.0
2018,2,5,8,2,4.0,3.0,2.0,261.0,392283.0
2019,5,3,37,2,6.0,3.0,2.0,255.0,364140.0
2020,2,5,53,1,2.0,4.0,2.0,154.0,208054.0
2021,3,2,10,1,2.0,4.0,1.0,143.0,203060.0
2022,4,4,7,1,1.0,1.0,2.0,149.0,220818.0
2023,6,1,23,1,4.0,3.0,2.0,84.0,148596.0
2024,4,4,15,4,2.0,1.0,1.0,114.0,222414.0
2025,8,8,45,5,5.0,3.0,2.0,323.0,433143.0
2026,3,2,10,1,3.0,2.0,1.0,156.0,183768.0
2027,1,7,27,1,3.0,3.0,1.0,76.0,158688.0
2028,3,2,9,2,5.0,6.0,3.0,723.0,1848711.0
2029,3,2,10,1,2.0,4.0,1.0,166.0,281204.0
2030,3,2,5,2,5.0,2.0,3.0,244.0,444324.0
2031,4,4,48,3,5.0,5.0,2.0,381.0,1032510.0
2032,8,10,32,2,3.0,3.0,4.0,440.0,729520.0
2033,7,6,24,1,1.0,2.0,2.0,111.0,212343.0
2034,1,7,43,2,3.0,4.0,4.0,739.0,1258517.0
2035,1,7,46,5,5.0,6.0,4.0,232.0,433144.0
2036,5,3,37,1,3.0,1.0,1.0,149.0,264028.0
2037,8,9,3,2,6.0,2.0,3.0,431.0,789592.0
2038,1,7,35,2,5.0,3.0,4.0,479.0,1651592.0
2039,7,6,26,2,6.0,3.0,4.0,347.0,551730.0
2040,8,8,2,3,4.0,5.0,4.0,500.0,1404000.0
2041,8,8,1,4,1.0,1.0,1.0,66.0,109098.0
2042,8,9,51,1,3.0,1.0,2.0,180.0,243000.0
2043,6,1,39,1,1.0,3.0,1.0,140.0,204540.0
2044,4,4,7,1,3.0,1.0,1.0,66.0,94512.0
2045,8,9,13,2,4.0,5.0,4.0,539.0,491029.0
2046,2,5,17,1,4.0,1.0,2.0,104.0,150072.0
2047,8,10,32,1,1.0,2.0,2.0,192.0,391104.0
2048,4,4,15,1,2.0,1.0,1.0,165.0,245025.0
2049,1,7,34,1,3.0,3.0,2.0,241.0,268715.0
2050,2,5,17,2,3.0,6.0,4.0,299.0,617136.0
2051,8,9,44,1,3.0,1.0,1.0,251.0,438999.0
2052,8,10,49,1,4.0,3.0,1.0,77.0,93324.0
2053,7,6,11,1,4.0,2.0,2.0,137.0,266191.0
2054,8,8,29,1,4.0,3.0,2.0,154.0,176484.0
2055,1,7,22,1,1.0,2.0,1.0,142.0,189144.0
2056,8,8,14,1,3.0,1.0,1.0,197.0,302198.0
2057,5,3,37,2,5.0,4.0,4.0,734.0,743542.0
2058,3,2,10,5,5.0,6.0,4.0,484.0,510620.0
2059,4,4,47,1,4.0,1.0,2.0,118.0,142308.0
2060,8,9,51,2,3.0,2.0,3.0,223.0,403630.0
2061,2,5,17,1,3.0,2.0,1.0,70.0,124880.0
2062,8,9,3,1,1.0,1.0,2.0,105.0,142695.0
2063,8,9,3,4,1.0,3.0,1.0,176.0,279312.0
2064,1,7,43,2,6.0,3.0,4.0,479.0,744845.0
2065,8,9,44,4,4.0,3.0,2.0,113.0,153115.0
2066,4,4,15,1,4.0,1.0,1.0,153.0,228123.0
2067,7,6,11,1,1.0,2.0,1.0,232.0,274224.0
2068,8,10,40,1,1.0,4.0,1.0,105.0,174930.0
2069,8,8,29,2,4.0,2.0,4.0,194.0,329024.0
2070,8,8,14,2,4.0,3.0,4.0,306.0,491130.0
2071,2,5,17,1,3.0,4.0,1.0,212.0,296376.0
2072,8,10,32,1,2.0,4.0,2.0,120.0,239400.0
2073,1,7,22,2,6.0,3.0,2.0,241.0,431149.0
2074,3,2,5,2,3.0,4.0,2.0,470.0,668340.0
2075,8,9,44,1,4.0,1.0,2.0,139.0,239080.0
2076,8,10,32,2,5.0,5.0,3.0,456.0,537168.0
2077,6,1,33,1,2.0,1.0,1.0,215.0,450425.0
2078,4,4,7,4,2.0,1.0,2.0,234.0,435006.0
2079,3,2,5,1,3.0,3.0,2.0,55.0,67540.0
2080,5,3,37,2,5.0,4.0,2.0,749.0,1577394.0
2081,5,3,41,3,5.0,4.0,4.0,221.0,398905.0
2082,1,7,27,1,4.0,3.0,1.0,173.0,258808.0
2083,8,9,51,1,4.0,3.0,2.0,200.0,301600.0
2084,4,4,38,1,3.0,1.0,2.0,170.0,255170.0
2085,8,10,49,2,5.0,4.0,3.0,426.0,826440.0
2086,2,5,17,2,3.0,2.0,2.0,320.0,423360.0
2087,4,4,47,2,6.0,6.0,4.0,254.0,269240.0
2088,3,2,5,1,2.0,2.0,1.0,144.0,186912.0
2089,1,7,22,2,6.0,2.0,3.0,640.0,817920.0
2090,8,8,14,3,5.0,3.0,2.0,348.0,948300.0
2091,3,2,10,1,2.0,1.0,2.0,226.0,376742.0
2092,3,2,9,1,1.0,4.0,1.0,253.0,761783.0
2093,2,5,6,2,4.0,6.0,3.0,180.0,310320.0
2094,2,5,42,1,2.0,1.0,1.0,210.0,240030.0
2095,7,6,28,2,4.0,3.0,4.0,226.0,426236.0
2096,8,10,40,2,5.0,5.0,2.0,640.0,839680.0
2097,5,3,37,2,4.0,4.0,4.0,486.0,1096416.0
2098,4,4,7,1,2.0,4.0,2.0,51.0,73950.0
2099,2,5,6,1,4.0,1.0,1.0,245.0,348390.0
2100,8,10,25,2,3.0,5.0,2.0,350.0,488250.0
2101,3,2,10,1,3.0,4.0,1.0,202.0,311282.0
2102,6,1,23,2,6.0,4.0,3.0,446.0,932586.0
2103,8,10,25,2,5.0,5.0,4.0,656.0,679616.0
2104,5,3,37,1,2.0,1.0,1.0,238.0,316778.0
2105,3,2,5,1,2.0,1.0,1.0,187.0,294338.0
2106,8,9,3,3,5.0,5.0,4.0,257.0,512458.0
2107,3,2,10,2,3.0,4.0,3.0,520.0,1026480.0
2108,8,9,3,2,6.0,3.0,2.0,405.0,923805.0
2109,8,8,29,2,6.0,2.0,3.0,739.0,749346.0
2110,2,5,17,2,5.0,4.0,2.0,213.0,185949.0
2111,1,7,36,5,3.0,2.0,3.0,348.0,1161624.0
2112,5,3,37,2,4.0,5.0,2.0,629.0,1228437.0
2113,2,5,6,1,1.0,2.0,2.0,130.0,243880.0
2114,8,8,2,3,5.0,4.0,3.0,353.0,644578.0
2115,8,8,29,5,6.0,4.0,3.0,714.0,718284.0
2116,8,9,3,5,5.0,6.0,4.0,223.0,332939.0
2117,4,4,48,2,6.0,5.0,2.0,225.0,467325.0
2118,1,7,36,1,2.0,4.0,2.0,212.0,591056.0
2119,8,8,14,1,3.0,2.0,2.0,146.0,197246.0
2120,8,10,32,2,5.0,6.0,2.0,509.0,817454.0
2121,1,7,27,1,2.0,4.0,1.0,191.0,225380.0
2122,6,1,33,1,2.0,4.0,2.0,208.0,380016.0
2123,1,7,34,1,2.0,2.0,1.0,65.0,107120.0
2124,1,7,35,5,5.0,6.0,2.0,749.0,2244004.0
2125,1,7,22,1,3.0,2.0,2.0,177.0,284793.0
2126,3,2,9,1,2.0,1.0,2.0,118.0,291814.0
2127,8,9,51,2,6.0,6.0,4.0,482.0,577918.0
2128,3,2,10,1,3.0,4.0,2.0,90.0,102780.0
2129,8,10,32,1,2.0,3.0,2.0,104.0,136552.0
2130,7,6,30,2,3.0,5.0,3.0,579.0,677430.0
2131,2,5,42,1,1.0,2.0,2.0,251.0,393819.0
2132,2,5,42,1,2.0,3.0,1.0,236.0,270692.0
2133,8,8,45,1,4.0,3.0,2.0,181.0,386254.0
2134,1,7,21,1,3.0,2.0,1.0,120.0,213480.0
2135,8,9,44,1,1.0,3.0,1.0,124.0,150908.0
2136,7,6,28,2,4.0,3.0,3.0,378.0,1128708.0
2137,7,6,50,5,3.0,5.0,4.0,407.0,463573.0
2138,8,8,1,2,6.0,6.0,3.0,306.0,600984.0
2139,1,7,34,4,2.0,1.0,1.0,176.0,271568.0
2140,8,9,44,1,2.0,1.0,2.0,58.0,72906.0
2141,8,8,2,1,4.0,3.0,2.0,74.0,151330.0
2142,3,2,5,1,1.0,1.0,1.0,103.0,118862.0
2143,1,7,34,2,6.0,2.0,4.0,310.0,642630.0
2144,3,2,9,2,6.0,4.0,3.0,689.0,1484106.0
2145,7,6,18,4,4.0,1.0,1.0,150.0,277950.0
2146,5,3,16,2,3.0,2.0,3.0,252.0,277704.0
2147,3,2,10,1,3.0,1.0,2.0,107.0,168311.0
2148,4,4,38,1,1.0,2.0,2.0,99.0,143451.0
2149,8,9,3,1,2.0,1.0,1.0,165.0,274395.0
2150,2,5,42,1,1.0,3.0,1.0,228.0,388056.0
2151,8,9,44,3,3.0,4.0,4.0,230.0,503930.0
2152,8,10,32,3,4.0,4.0,4.0,243.0,622809.0
2153,8,8,1,1,4.0,1.0,1.0,99.0,120087.0
2154,3,2,9,1,4.0,1.0,1.0,148.0,324564.0
2155,6,1,33,1,2.0,1.0,1.0,246.0,380562.0
2156,7,6,50,1,4.0,2.0,2.0,196.0,259112.0
2157,6,1,39,5,6.0,6.0,4.0,326.0,691772.0
2158,8,10,49,2,3.0,2.0,2.0,491.0,974635.0
2159,1,7,46,4,2.0,3.0,2.0,110.0,228360.0
2160,3,2,10,5,4.0,5.0,2.0,397.0,527216.0
2161,2,5,12,1,1.0,1.0,2.0,165.0,187440.0
2162,5,3,37,1,1.0,3.0,2.0,196.0,288512.0
2163,1,7,19,4,2.0,4.0,2.0,246.0,459774.0
2164,7,6,52,2,5.0,3.0,4.0,554.0,1127944.0
2165,4,4,38,2,5.0,6.0,2.0,481.0,429533.0
2166,3,2,5,1,2.0,2.0,1.0,77.0,113806.0
2168,6,1,33,1,1.0,4.0,2.0,57.0,114285.0
2169,8,9,3,1,2.0,2.0,2.0,221.0,406640.0
2170,8,10,40,1,1.0,3.0,1.0,138.0,266892.0
2171,8,8,20,3,5.0,5.0,3.0,394.0,615034.0
2172,3,2,9,1,3.0,2.0,2.0,219.0,558012.0
2173,8,8,2,1,4.0,3.0,2.0,211.0,263539.0
2174,8,10,25,1,4.0,1.0,1.0,246.0,366294.0
2175,3,2,5,1,1.0,3.0,1.0,248.0,408208.0
2176,4,4,38,2,5.0,6.0,3.0,221.0,201110.0
2177,8,9,44,1,1.0,1.0,2.0,203.0,385700.0
2178,4,4,47,4,1.0,4.0,1.0,69.0,87354.0
2179,8,10,49,5,3.0,2.0,2.0,564.0,1088520.0
2180,1,7,34,1,1.0,3.0,1.0,238.0,418404.0
2181,1,7,19,1,2.0,2.0,2.0,214.0,415588.0
2182,8,9,51,1,2.0,3.0,2.0,54.0,114156.0
2183,6,1,23,1,4.0,2.0,1.0,232.0,468408.0
2184,8,9,44,1,4.0,2.0,1.0,138.0,157182.0
2185,3,2,9,1,4.0,4.0,2.0,62.0,137268.0
2186,5,3,41,3,3.0,4.0,2.0,423.0,1088379.0
2187,3,2,5,2,4.0,3.0,2.0,644.0,853300.0
2188,8,8,20,4,3.0,3.0,1.0,101.0,182406.0
2189,4,4,47,1,1.0,4.0,1.0,102.0,146472.0
2190,8,8,1,1,1.0,4.0,1.0,106.0,208184.0
2191,8,10,49,2,6.0,6.0,4.0,533.0,863460.0
2192,8,8,20,2,3.0,6.0,3.0,494.0,687154.0
2193,5,3,37,1,2.0,3.0,1.0,86.0,164260.0
2194,7,6,24,4,1.0,4.0,2.0,122.0,147376.0
2195,8,10,32,2,5.0,2.0,3.0,661.0,1284984.0
2196,8,8,20,3,5.0,4.0,4.0,482.0,890736.0
2197,8,9,51,2,4.0,2.0,3.0,729.0,891567.0
2198,8,8,31,2,6.0,3.0,4.0,739.0,1142494.0
2199,6,1,39,1,4.0,2.0,2.0,109.0,174073.0
2200,8,8,2,1,3.0,4.0,1.0,136.0,213248.0
2201,5,3,16,4,1.0,4.0,2.0,153.0,205479.0
2202,6,1,23,1,4.0,4.0,1.0,153.0,214200.0
2203,1,7,27,1,4.0,2.0,1.0,218.0,316100.0
2204,8,9,3,1,3.0,2.0,1.0,150.0,277350.0
2205,1,7,27,1,4.0,1.0,2.0,153.0,215271.0
2206,8,8,29,1,2.0,1.0,1.0,133.0,254562.0
2207,6,1,39,4,3.0,2.0,2.0,209.0,353419.0
2208,3,2,9,4,2.0,1.0,2.0,254.0,459994.0
2209,5,3,41,1,4.0,3.0,2.0,215.0,293690.0
2210,7,6,50,5,3.0,2.0,3.0,535.0,949625.0
2211,3,2,10,1,1.0,4.0,1.0,141.0,206706.0
2212,8,10,32,1,4.0,2.0,1.0,56.0,113400.0
2213,7,6,26,1,1.0,4.0,2.0,206.0,434248.0
2214,4,4,38,2,6.0,6.0,3.0,337.0,375755.0
2215,2,5,12,1,4.0,1.0,2.0,224.0,246624.0
2216,4,4,7,1,2.0,3.0,1.0,228.0,376428.0
2217,1,7,27,1,4.0,4.0,2.0,225.0,457875.0
2218,5,3,37,2,3.0,3.0,3.0,734.0,888140.0
2219,2,5,42,2,4.0,6.0,3.0,651.0,1344315.0
2220,4,4,7,2,5.0,3.0,4.0,432.0,927936.0
2221,8,9,13,1,2.0,2.0,1.0,137.0,264273.0
2222,8,9,13,2,5.0,3.0,4.0,525.0,965475.0
2223,8,9,13,1,2.0,4.0,1.0,227.0,352985.0
2224,2,5,12,1,3.0,1.0,1.0,179.0,235743.0
2225,3,2,10,1,3.0,1.0,2.0,182.0,298116.0
2226,4,4,38,1,3.0,4.0,2.0,116.0,180844.0
2227,1,7,21,1,1.0,1.0,1.0,173.0,361743.0
2228,8,9,51,2,5.0,6.0,2.0,455.0,421785.0
2229,8,8,2,1,4.0,3.0,1.0,133.0,226233.0
2230,6,1,33,1,3.0,2.0,1.0,105.0,152775.0
2231,2,5,12,5,6.0,5.0,4.0,717.0,752133.0
2232,8,10,32,1,3.0,1.0,1.0,208.0,341952.0
2233,8,9,51,2,3.0,2.0,3.0,361.0,644385.0
2234,4,4,38,1,1.0,4.0,1.0,204.0,279276.0
2235,6,1,33,2,4.0,3.0,4.0,719.0,1432248.0
2236,2,5,17,2,4.0,4.0,4.0,618.0,1051836.0
2237,1,7,27,5,6.0,5.0,4.0,632.0,898704.0
2238,7,6,11,2,5.0,6.0,3.0,466.0,912428.0
2239,2,5,53,1,3.0,3.0,2.0,95.0,202160.0
2240,8,9,13,4,1.0,1.0,2.0,135.0,155520.0
2241,8,9,51,5,3.0,3.0,3.0,561.0,1211199.0
2242,8,10,40,2,4.0,3.0,4.0,298.0,452066.0
2243,2,5,6,2,5.0,4.0,3.0,214.0,410452.0
2244,8,10,32,1,2.0,1.0,2.0,127.0,213614.0
2245,3,2,10,1,4.0,4.0,1.0,177.0,275058.0
2246,4,4,48,5,6.0,4.0,4.0,603.0,697068.0
2247,1,7,4,1,2.0,3.0,2.0,103.0,127926.0
2248,3,2,9,5,4.0,6.0,2.0,316.0,606720.0
2249,8,8,20,2,4.0,2.0,4.0,492.0,1046976.0
2250,8,8,1,1,1.0,1.0,1.0,156.0,255372.0
2251,6,1,33,2,6.0,4.0,2.0,725.0,861300.0
2252,6,1,23,1,1.0,4.0,1.0,251.0,368970.0
2253,2,5,17,1,3.0,3.0,2.0,173.0,238221.0
2255,6,1,23,5,4.0,2.0,3.0,234.0,462150.0
2256,8,9,44,4,4.0,2.0,1.0,167.0,257180.0
2257,8,10,32,1,2.0,2.0,1.0,133.0,195776.0
2258,8,9,3,1,2.0,4.0,1.0,75.0,148050.0
2259,2,5,53,5,3.0,4.0,2.0,746.0,1474842.0
2260,8,9,3,5,5.0,4.0,4.0,430.0,873760.0
2261,3,2,9,1,3.0,3.0,2.0,81.0,263736.0
2262,6,1,39,1,4.0,2.0,1.0,256.0,487680.0
2263,7,6,28,3,5.0,4.0,3.0,349.0,1450793.0
2264,6,1,39,1,1.0,2.0,2.0,204.0,407592.0
2265,1,7,4,1,4.0,1.0,1.0,64.0,113792.0
2266,8,10,32,1,4.0,1.0,1.0,175.0,309575.0
2267,8,9,3,2,3.0,2.0,2.0,553.0,919639.0
2268,1,7,46,2,3.0,2.0,3.0,747.0,1382697.0
2269,5,3,41,5,6.0,4.0,4.0,395.0,896255.0
2270,2,5,53,1,2.0,2.0,2.0,65.0,76830.0
2271,8,10,25,2,5.0,3.0,3.0,263.0,531786.0
2272,5,3,16,2,3.0,4.0,2.0,395.0,797110.0
2273,8,8,1,1,2.0,3.0,1.0,73.0,125560.0
2274,8,10,32,2,4.0,2.0,4.0,381.0,327660.0
2275,5,3,16,4,1.0,2.0,2.0,73.0,97455.0
2276,8,9,44,2,4.0,3.0,2.0,392.0,459424.0
2278,8,8,29,1,1.0,1.0,1.0,147.0,282828.0
2279,8,8,20,3,1.0,3.0,4.0,236.0,569704.0
2280,2,5,53,1,4.0,2.0,1.0,209.0,321442.0
2281,1,7,22,1,4.0,4.0,2.0,103.0,116081.0
2282,8,9,44,1,3.0,1.0,1.0,245.0,410865.0
2283,8,9,51,2,3.0,6.0,4.0,584.0,1243920.0
2284,3,2,9,3,3.0,5.0,4.0,387.0,1064637.0
2285,8,9,13,1,1.0,2.0,2.0,139.0,261181.0
2286,8,8,2,1,1.0,2.0,2.0,82.0,173512.0
2287,1,7,35,2,6.0,2.0,2.0,462.0,887964.0
2288,4,4,15,1,3.0,4.0,2.0,245.0,334670.0
2289,8,10,25,2,3.0,3.0,2.0,324.0,594864.0
2290,1,7,43,2,4.0,5.0,2.0,750.0,1397250.0
2291,7,6,24,2,3.0,5.0,4.0,267.0,462711.0
2292,4,4,38,2,4.0,3.0,2.0,468.0,906516.0
2293,8,8,14,1,2.0,1.0,1.0,229.0,385636.0
2294,1,7,21,2,3.0,6.0,3.0,595.0,1110270.0
2295,5,3,41,1,4.0,3.0,1.0,144.0,288864.0
2296,5,3,41,1,3.0,3.0,2.0,158.0,229574.0
2297,8,10,49,1,1.0,2.0,2.0,168.0,334152.0
2298,1,7,35,2,3.0,2.0,4.0,305.0,438895.0
2299,8,10,25,5,6.0,6.0,2.0,282.0,499140.0
2300,4,4,15,1,1.0,4.0,1.0,158.0,187546.0
2301,3,2,9,1,3.0,4.0,1.0,87.0,156687.0
2302,8,8,14,1,4.0,1.0,1.0,180.0,213480.0
2303,4,4,48,2,3.0,5.0,4.0,414.0,633420.0
2304,8,8,1,5,5.0,4.0,4.0,462.0,857934.0
2305,7,6,28,5,4.0,2.0,4.0,381.0,531495.0
2306,1,7,34,1,3.0,3.0,2.0,159.0,314661.0
2307,5,3,16,1,2.0,1.0,1.0,135.0,203445.0
2308,8,10,32,2,6.0,4.0,3.0,583.0,1016752.0
2309,8,9,51,1,1.0,2.0,1.0,229.0,474488.0
2310,1,7,36,2,5.0,5.0,3.0,615.0,1005525.0
2311,7,6,50,1,1.0,1.0,1.0,62.0,124930.0
2312,5,3,16,1,1.0,3.0,1.0,55.0,90035.0
2313,5,3,37,1,1.0,3.0,1.0,130.0,209300.0
2314,8,8,14,1,1.0,3.0,1.0,256.0,437504.0
2315,5,3,16,3,4.0,5.0,4.0,472.0,1325376.0
2316,8,10,25,2,6.0,2.0,3.0,571.0,1189964.0
2317,3,2,10,2,6.0,5.0,2.0,332.0,428944.0
2318,6,1,23,4,4.0,4.0,2.0,113.0,178201.0
2319,8,9,13,1,2.0,3.0,1.0,206.0,414678.0
2320,1,7,35,1,3.0,2.0,2.0,219.0,469974.0
2321,1,7,21,1,4.0,2.0,1.0,72.0,139752.0
2322,1,7,4,1,1.0,3.0,1.0,189.0,240219.0
2323,8,10,49,1,4.0,2.0,1.0,71.0,142710.0
2324,1,7,46,1,3.0,1.0,1.0,189.0,362313.0
2325,7,6,30,1,2.0,1.0,2.0,141.0,303150.0
2326,8,10,32,4,3.0,4.0,1.0,188.0,273164.0
2327,1,7,36,2,3.0,5.0,3.0,507.0,1429233.0
2328,8,8,2,5,4.0,5.0,4.0,267.0,390621.0
2329,5,3,16,2,3.0,3.0,4.0,691.0,1541621.0
2330,5,3,16,1,4.0,2.0,2.0,235.0,447205.0
2331,5,3,41,3,4.0,5.0,4.0,245.0,501515.0
2332,1,7,34,1,1.0,3.0,1.0,252.0,495684.0
2333,8,8,14,1,4.0,2.0,1.0,174.0,292494.0
2334,3,2,10,2,6.0,4.0,2.0,651.0,1327389.0
2335,4,4,7,2,3.0,6.0,3.0,469.0,983962.0
2336,4,4,48,1,3.0,4.0,1.0,118.0,239186.0
2337,3,2,5,2,6.0,2.0,2.0,526.0,557034.0
2338,4,4,7,2,5.0,6.0,2.0,596.0,842148.0
2339,3,2,10,2,4.0,4.0,4.0,589.0,1142660.0
2340,3,2,9,1,4.0,2.0,2.0,151.0,487277.0
2341,8,9,44,1,1.0,4.0,1.0,209.0,256861.0
2342,8,8,14,2,3.0,6.0,4.0,434.0,686588.0
2343,5,3,41,5,4.0,5.0,2.0,418.0,537548.0
2344,6,1,39,1,1.0,3.0,1.0,113.0,134357.0
2345,7,6,50,1,1.0,4.0,2.0,249.0,284856.0
2346,8,9,13,3,4.0,4.0,3.0,294.0,598584.0
2347,8,8,29,2,5.0,2.0,2.0,476.0,671160.0
2348,1,7,34,1,1.0,4.0,2.0,241.0,297153.0
2349,3,2,9,1,1.0,1.0,2.0,168.0,363720.0
2350,8,8,14,2,5.0,5.0,4.0,287.0,376831.0
2351,2,5,12,2,6.0,5.0,3.0,739.0,1266646.0
2352,5,3,41,1,2.0,4.0,2.0,129.0,275673.0
2353,4,4,38,1,1.0,3.0,2.0,200.0,326800.0
2354,2,5,53,2,3.0,6.0,2.0,364.0,352716.0
2355,6,1,23,2,6.0,2.0,3.0,296.0,294224.0
2356,6,1,33,1,1.0,2.0,2.0,103.0,202086.0
2357,2,5,8,1,2.0,1.0,2.0,133.0,383838.0
2358,5,3,37,1,1.0,1.0,1.0,202.0,346632.0
2359,8,9,13,1,3.0,2.0,1.0,125.0,233750.0
2360,4,4,15,1,4.0,4.0,2.0,155.0,186310.0
2361,2,5,17,2,3.0,4.0,3.0,613.0,977735.0
2362,6,1,23,1,1.0,4.0,2.0,246.0,431238.0
2363,8,10,40,1,1.0,4.0,1.0,112.0,207872.0
2364,7,6,26,5,4.0,3.0,3.0,524.0,1196816.0
2365,7,6,24,2,5.0,6.0,4.0,535.0,705130.0
2366,1,7,36,1,4.0,2.0,1.0,80.0,180720.0
2367,8,9,13,2,6.0,5.0,3.0,665.0,988190.0
2368,4,4,7,1,1.0,4.0,1.0,76.0,95836.0
2369,8,9,13,1,1.0,1.0,2.0,178.0,287292.0
2370,3,2,10,1,1.0,1.0,1.0,77.0,159467.0
2371,5,3,41,4,4.0,4.0,1.0,100.0,126200.0
2372,8,9,13,1,1.0,3.0,2.0,84.0,162624.0
2373,7,6,11,1,4.0,1.0,1.0,236.0,313172.0
2374,8,9,51,2,5.0,3.0,4.0,670.0,1038500.0
2375,8,10,32,1,4.0,1.0,2.0,191.0,347047.0
2376,8,9,13,4,2.0,3.0,1.0,81.0,127656.0
2377,3,2,5,5,5.0,4.0,2.0,212.0,473608.0
2378,4,4,15,1,3.0,3.0,2.0,136.0,190128.0
2379,8,10,25,2,4.0,3.0,4.0,638.0,914892.0
2380,3,2,10,1,4.0,1.0,2.0,162.0,310230.0
2381,8,10,40,1,2.0,4.0,1.0,57.0,85044.0
2382,3,2,10,1,2.0,1.0,2.0,140.0,157500.0
2383,3,2,9,5,3.0,6.0,3.0,432.0,625968.0
2384,7,6,50,1,2.0,1.0,2.0,205.0,321850.0
2385,2,5,53,1,2.0,3.0,1.0,134.0,210380.0
2386,7,6,24,2,3.0,6.0,2.0,585.0,1024920.0
2387,6,1,39,2,3.0,5.0,3.0,356.0,505876.0
2388,7,6,30,3,4.0,4.0,3.0,438.0,704742.0
2389,3,2,9,5,5.0,2.0,3.0,402.0,1103892.0
2390,3,2,9,2,5.0,3.0,4.0,306.0,545904.0
2391,3,2,5,4,3.0,4.0,2.0,200.0,283400.0
2392,5,3,37,1,3.0,4.0,1.0,172.0,226008.0
2393,7,6,52,1,3.0,4.0,1.0,59.0,75697.0
2394,5,3,41,1,4.0,3.0,1.0,118.0,161660.0
2395,8,10,40,1,2.0,2.0,1.0,195.0,255645.0
2396,8,9,51,4,4.0,1.0,2.0,259.0,368039.0
2397,5,3,37,4,1.0,2.0,1.0,87.0,117276.0
2398,1,7,35,2,4.0,3.0,2.0,196.0,297332.0
2399,3,2,5,1,4.0,1.0,1.0,57.0,121980.0
2400,5,3,41,5,6.0,5.0,2.0,191.0,376461.0
2401,8,8,2,2,5.0,5.0,2.0,475.0,463600.0
2403,1,7,19,2,4.0,3.0,3.0,496.0,836256.0
2404,5,3,16,5,3.0,2.0,2.0,383.0,338572.0
2405,6,1,23,3,3.0,4.0,3.0,388.0,1049152.0
2406,4,4,48,5,5.0,2.0,4.0,227.0,395434.0
2407,4,4,48,1,1.0,1.0,1.0,215.0,409360.0
2408,2,5,42,5,3.0,3.0,3.0,181.0,319465.0
2409,3,2,5,2,5.0,6.0,3.0,222.0,426240.0
2410,5,3,37,1,2.0,4.0,2.0,190.0,287660.0
2411,7,6,11,1,4.0,2.0,2.0,205.0,418200.0
2412,1,7,46,2,6.0,6.0,4.0,712.0,1531512.0
2413,5,3,37,1,4.0,1.0,2.0,57.0,105963.0
2414,5,3,16,2,6.0,2.0,4.0,645.0,1046190.0
2415,1,7,34,2,3.0,2.0,2.0,621.0,1419606.0
2416,2,5,17,5,4.0,5.0,2.0,489.0,494379.0
2417,3,2,9,1,3.0,2.0,1.0,250.0,792000.0
2418,2,5,42,1,1.0,4.0,2.0,166.0,281370.0
2419,8,8,31,1,4.0,3.0,2.0,204.0,301512.0
2420,8,8,1,1,2.0,3.0,1.0,205.0,394420.0
2421,8,9,44,2,4.0,3.0,4.0,668.0,1024712.0
2422,3,2,10,2,3.0,4.0,4.0,555.0,774225.0
2423,8,9,51,5,5.0,4.0,3.0,677.0,637734.0
2424,2,5,17,1,2.0,1.0,1.0,82.0,151782.0
2425,6,1,33,1,1.0,1.0,1.0,211.0,404487.0
2426,8,10,49,1,1.0,4.0,1.0,104.0,143312.0
2427,7,6,52,4,2.0,3.0,2.0,51.0,62169.0
2428,8,8,45,1,2.0,2.0,2.0,233.0,472058.0
2429,8,10,25,2,6.0,2.0,3.0,735.0,1186290.0
2430,1,7,19,2,5.0,6.0,4.0,240.0,248880.0
2431,8,8,29,1,1.0,2.0,2.0,256.0,338688.0
2432,8,8,14,2,3.0,2.0,4.0,551.0,724565.0
2433,6,1,33,5,4.0,3.0,2.0,213.0,382548.0
2434,8,8,2,1,3.0,1.0,1.0,173.0,281125.0
2435,8,8,29,1,3.0,3.0,2.0,108.0,149904.0
2436,5,3,41,1,2.0,4.0,2.0,83.0,134958.0
2437,7,6,52,1,4.0,1.0,1.0,171.0,258894.0
2438,7,6,18,2,3.0,2.0,3.0,520.0,489840.0
2439,8,9,13,1,4.0,2.0,1.0,67.0,137953.0
2440,7,6,28,4,3.0,4.0,2.0,184.0,454848.0
2441,2,5,8,1,1.0,4.0,2.0,189.0,583254.0
2442,1,7,43,1,2.0,3.0,2.0,188.0,400440.0
2443,8,10,49,4,3.0,2.0,2.0,254.0,434340.0
2444,4,4,7,1,3.0,3.0,1.0,164.0,329476.0
2445,7,6,24,1,4.0,3.0,2.0,70.0,129150.0
2446,4,4,7,2,4.0,2.0,4.0,214.0,418798.0
2447,2,5,42,2,6.0,4.0,4.0,208.0,460512.0
2448,5,3,37,5,3.0,2.0,2.0,653.0,1233517.0
2449,4,4,47,1,1.0,2.0,2.0,256.0,436224.0
2450,6,1,39,1,2.0,2.0,1.0,153.0,284427.0
2451,8,10,49,5,5.0,2.0,4.0,361.0,307211.0
2452,8,8,31,2,6.0,4.0,4.0,545.0,529195.0
2453,1,7,4,5,3.0,2.0,3.0,293.0,451220.0
2454,8,10,40,3,4.0,5.0,4.0,521.0,1058151.0
2455,6,1,39,5,5.0,2.0,3.0,469.0,440391.0
2456,6,1,33,1,2.0,2.0,2.0,202.0,242602.0
2457,2,5,53,1,3.0,1.0,1.0,220.0,271480.0
2458,1,7,36,4,3.0,2.0,2.0,247.0,430274.0
2459,8,10,25,2,5.0,3.0,2.0,399.0,689073.0
2460,1,7,46,1,3.0,1.0,1.0,188.0,322232.0
2461,5,3,37,4,3.0,2.0,2.0,138.0,220524.0
2462,2,5,53,1,2.0,1.0,2.0,149.0,185356.0
2463,1,7,36,1,4.0,1.0,1.0,151.0,462664.0
2464,3,2,9,2,6.0,5.0,3.0,449.0,654193.0
2465,8,10,32,1,2.0,2.0,1.0,195.0,329745.0
2466,7,6,50,5,3.0,2.0,3.0,682.0,1219416.0
2467,4,4,7,1,1.0,2.0,1.0,212.0,384144.0
2468,1,7,35,1,4.0,3.0,2.0,83.0,244518.0
2469,8,9,13,2,5.0,3.0,4.0,242.0,516670.0
2470,8,9,3,2,4.0,4.0,3.0,277.0,274784.0
2471,1,7,36,1,4.0,1.0,2.0,112.0,192864.0
2472,3,2,10,3,5.0,4.0,2.0,227.0,410870.0
2473,8,8,1,1,4.0,2.0,1.0,207.0,230391.0
2474,7,6,50,4,4.0,3.0,2.0,132.0,195492.0
2475,8,8,20,1,4.0,3.0,1.0,151.0,180445.0
2476,8,10,40,1,2.0,1.0,1.0,167.0,310119.0
2477,2,5,12,2,5.0,5.0,3.0,205.0,465965.0
2478,5,3,37,2,6.0,2.0,2.0,532.0,628292.0
2479,8,10,25,2,6.0,3.0,2.0,355.0,350740.0
2480,2,5,12,1,4.0,1.0,2.0,194.0,250842.0
2481,4,4,47,1,4.0,2.0,2.0,135.0,171045.0
2482,5,3,16,1,4.0,4.0,1.0,230.0,297160.0
2483,4,4,38,1,1.0,3.0,1.0,172.0,265224.0
2484,8,8,29,4,2.0,4.0,1.0,255.0,546210.0
2485,7,6,50,4,3.0,1.0,1.0,181.0,250142.0
2486,8,9,44,2,3.0,3.0,4.0,398.0,839382.0
2487,7,6,11,1,2.0,2.0,1.0,65.0,105040.0
2488,8,8,14,2,5.0,3.0,4.0,314.0,604136.0
2489,8,8,1,1,3.0,2.0,1.0,222.0,301698.0
2490,1,7,4,2,4.0,2.0,3.0,332.0,430936.0
2491,8,9,3,1,4.0,3.0,1.0,228.0,298908.0
2492,8,10,49,1,1.0,2.0,1.0,156.0,278772.0
2493,1,7,43,2,4.0,2.0,4.0,238.0,370090.0
2494,5,3,37,3,4.0,4.0,3.0,402.0,930228.0
2495,5,3,37,1,2.0,2.0,1.0,225.0,257850.0
2496,8,9,51,1,1.0,4.0,2.0,146.0,172718.0
2497,8,9,3,2,3.0,4.0,2.0,734.0,1038610.0
2498,8,8,29,1,2.0,2.0,1.0,255.0,386325.0
2499,8,8,45,1,1.0,3.0,2.0,192.0,355968.0
2500,4,4,48,1,1.0,4.0,1.0,229.0,436474.0
2501,8,9,51,1,4.0,3.0,2.0,65.0,111800.0
2502,5,3,16,1,3.0,3.0,1.0,162.0,321246.0
2503,4,4,7,1,2.0,2.0,2.0,138.0,154146.0
2504,7,6,26,2,4.0,3.0,2.0,574.0,645750.0
2505,4,4,47,2,4.0,4.0,2.0,600.0,1327200.0
2506,8,9,13,3,5.0,5.0,3.0,356.0,1024924.0
2507,8,9,51,1,1.0,4.0,1.0,239.0,462226.0
2508,8,9,3,1,1.0,4.0,2.0,106.0,160166.0
2509,3,2,5,5,4.0,4.0,3.0,371.0,592858.0
2510,1,7,27,1,2.0,2.0,2.0,101.0,118271.0
2511,8,10,25,2,5.0,6.0,3.0,595.0,539665.0
2512,2,5,53,2,6.0,5.0,4.0,455.0,851760.0
2513,2,5,17,1,3.0,3.0,1.0,142.0,225922.0
2514,4,4,15,1,3.0,4.0,2.0,236.0,502444.0
2515,4,4,47,1,3.0,2.0,1.0,95.0,171190.0
2516,7,6,50,2,3.0,6.0,3.0,493.0,931770.0
2517,8,8,2,1,4.0,2.0,2.0,251.0,466860.0
2518,5,3,16,1,4.0,2.0,1.0,111.0,125097.0
2519,6,1,23,2,5.0,6.0,2.0,452.0,551892.0
2520,4,4,47,3,4.0,3.0,4.0,355.0,1005360.0
2521,3,2,10,2,4.0,5.0,2.0,488.0,731024.0
2522,7,6,28,1,1.0,4.0,2.0,106.0,334642.0
2523,8,10,25,4,1.0,1.0,1.0,176.0,321904.0
2524,8,9,3,3,3.0,4.0,4.0,501.0,1209414.0
2525,8,8,29,2,4.0,3.0,3.0,466.0,563860.0
2526,4,4,38,1,3.0,3.0,2.0,62.0,82460.0
2527,6,1,33,1,2.0,1.0,2.0,253.0,455147.0
2528,8,9,3,3,4.0,4.0,2.0,515.0,1225700.0
2529,4,4,15,1,2.0,4.0,1.0,78.0,130260.0
2530,1,7,36,3,5.0,5.0,3.0,298.0,1107964.0
2531,3,2,9,2,5.0,4.0,4.0,711.0,2421666.0
2532,1,7,36,2,4.0,5.0,4.0,362.0,623726.0
2533,8,8,14,2,6.0,3.0,2.0,615.0,555960.0
2534,5,3,16,2,3.0,3.0,3.0,721.0,1539335.0
2535,8,8,45,4,1.0,2.0,1.0,100.0,187400.0
2536,5,3,16,1,2.0,4.0,1.0,234.0,270036.0
2537,5,3,41,2,6.0,3.0,3.0,310.0,500340.0
2538,5,3,16,5,4.0,3.0,2.0,353.0,408774.0
2539,6,1,33,1,2.0,2.0,1.0,123.0,226812.0
2540,6,1,39,1,2.0,3.0,1.0,83.0,129812.0
2541,4,4,48,2,5.0,2.0,3.0,586.0,607682.0
2542,1,7,46,4,1.0,2.0,2.0,205.0,434395.0
2543,8,8,2,1,2.0,2.0,2.0,59.0,76818.0
2544,1,7,19,2,6.0,2.0,3.0,746.0,973530.0
2545,3,2,10,1,2.0,1.0,2.0,220.0,437800.0
2546,7,6,30,1,4.0,2.0,2.0,163.0,266831.0
2547,8,9,3,2,4.0,3.0,2.0,345.0,652395.0
2548,1,7,35,1,3.0,3.0,1.0,138.0,302634.0
2549,8,9,3,1,3.0,4.0,1.0,146.0,215204.0
2550,5,3,16,2,3.0,5.0,2.0,670.0,905170.0
2551,8,8,2,1,1.0,3.0,2.0,225.0,474075.0
2552,7,6,18,5,3.0,5.0,4.0,502.0,662138.0
2553,3,2,5,1,3.0,2.0,1.0,218.0,271628.0
2554,8,10,32,2,3.0,6.0,3.0,588.0,775572.0
2555,5,3,41,1,3.0,4.0,1.0,130.0,216580.0
2556,6,1,33,1,3.0,1.0,1.0,210.0,259770.0
2557,2,5,6,1,3.0,1.0,1.0,194.0,349200.0
2558,2,5,17,2,3.0,6.0,4.0,564.0,1163532.0
2559,8,10,49,1,4.0,3.0,1.0,65.0,135005.0
2560,1,7,4,2,4.0,5.0,2.0,195.0,194025.0
2561,5,3,41,1,2.0,1.0,1.0,128.0,160000.0
2562,8,10,40,1,4.0,4.0,2.0,186.0,377394.0
2563,4,4,47,1,4.0,2.0,1.0,92.0,181516.0
2564,6,1,23,2,4.0,3.0,3.0,578.0,1290096.0
2565,1,7,19,4,4.0,4.0,2.0,110.0,167750.0
2566,5,3,41,1,2.0,1.0,1.0,211.0,397102.0
2567,2,5,42,2,5.0,3.0,2.0,307.0,351822.0
2568,1,7,4,2,3.0,4.0,2.0,537.0,990765.0
2569,4,4,15,4,4.0,3.0,2.0,51.0,61302.0
2570,1,7,4,1,4.0,4.0,2.0,129.0,256839.0
2571,6,1,23,2,6.0,6.0,3.0,496.0,511872.0
2572,4,4,7,1,3.0,4.0,1.0,115.0,204355.0
2573,1,7,36,1,3.0,3.0,1.0,170.0,396950.0
2574,1,7,34,1,3.0,4.0,1.0,168.0,336504.0
2575,8,8,1,5,5.0,3.0,4.0,569.0,743114.0
2576,2,5,8,2,5.0,6.0,3.0,188.0,354568.0
2577,2,5,42,2,4.0,5.0,3.0,391.0,673693.0
2578,7,6,28,4,3.0,3.0,2.0,206.0,608112.0
2579,2,5,42,1,4.0,2.0,2.0,134.0,219224.0
2580,7,6,28,1,3.0,1.0,2.0,206.0,430334.0
2581,4,4,38,3,5.0,3.0,4.0,344.0,697976.0
2582,7,6,52,2,5.0,5.0,3.0,197.0,379422.0
2583,3,2,9,2,3.0,6.0,3.0,692.0,1833800.0
2584,8,9,44,1,2.0,3.0,1.0,113.0,160686.0
2585,8,8,1,4,4.0,2.0,1.0,226.0,328604.0
2586,8,8,2,1,1.0,4.0,2.0,127.0,230124.0
2587,8,10,49,1,4.0,3.0,2.0,170.0,232900.0
2588,8,9,51,2,3.0,4.0,3.0,623.0,917679.0
2589,4,4,47,2,4.0,6.0,2.0,208.0,236912.0
2590,2,5,6,2,3.0,3.0,4.0,652.0,998864.0
2591,4,4,15,1,4.0,2.0,2.0,199.0,356210.0
2592,6,1,33,1,4.0,1.0,1.0,67.0,109478.0
2593,2,5,12,2,5.0,4.0,3.0,577.0,751831.0
2594,8,8,1,2,5.0,2.0,2.0,483.0,591675.0
2595,8,10,32,2,4.0,2.0,2.0,379.0,562436.0
2596,6,1,23,2,6.0,3.0,4.0,290.0,257520.0
2597,7,6,28,1,4.0,4.0,1.0,58.0,156600.0
2598,8,9,13,1,1.0,2.0,1.0,215.0,450855.0
2599,6,1,23,2,5.0,3.0,2.0,489.0,623475.0
2600,2,5,6,2,5.0,2.0,2.0,345.0,688275.0
2601,5,3,16,1,3.0,2.0,2.0,242.0,432938.0
2602,8,9,3,2,4.0,6.0,2.0,189.0,213381.0
2603,1,7,4,1,1.0,2.0,1.0,52.0,81640.0
2604,1,7,21,2,6.0,5.0,3.0,249.0,564483.0
2605,8,8,31,3,4.0,4.0,2.0,444.0,1054056.0
2606,8,9,44,1,3.0,3.0,1.0,241.0,293056.0
2607,8,9,13,1,2.0,1.0,1.0,94.0,147768.0
2608,5,3,41,1,4.0,2.0,1.0,57.0,87951.0
2609,7,6,11,2,5.0,5.0,2.0,196.0,203056.0
2610,6,1,39,2,4.0,3.0,3.0,233.0,376062.0
2611,1,7,19,5,6.0,4.0,4.0,739.0,1327983.0
2612,8,8,2,3,5.0,5.0,4.0,473.0,1020261.0
2613,7,6,26,2,4.0,4.0,2.0,575.0,911950.0
2614,3,2,9,1,4.0,2.0,2.0,211.0,458714.0
2615,2,5,12,5,3.0,3.0,2.0,504.0,1046304.0
2616,1,7,34,1,3.0,4.0,2.0,244.0,409188.0
2617,7,6,11,3,4.0,3.0,4.0,316.0,765984.0
2618,5,3,37,1,1.0,2.0,1.0,72.0,86112.0
2619,8,8,29,1,1.0,2.0,2.0,226.0,440926.0
2620,5,3,37,1,1.0,4.0,1.0,174.0,295104.0
2621,1,7,21,1,3.0,1.0,2.0,227.0,414502.0
2622,8,9,13,1,1.0,4.0,1.0,94.0,137146.0
2623,8,9,44,3,5.0,4.0,2.0,332.0,876812.0
2624,6,1,33,2,5.0,4.0,2.0,327.0,353487.0
2625,4,4,7,1,3.0,3.0,2.0,99.0,148401.0
2626,1,7,46,5,4.0,4.0,3.0,489.0,858684.0
2627,1,7,22,1,4.0,3.0,1.0,119.0,244069.0
2628,1,7,4,2,5.0,6.0,4.0,566.0,1069174.0
2629,2,5,6,1,3.0,2.0,2.0,177.0,287979.0
2630,5,3,41,3,4.0,4.0,4.0,327.0,597429.0
2631,5,3,41,1,2.0,3.0,1.0,165.0,349635.0
2632,6,1,23,1,2.0,3.0,1.0,54.0,105624.0
2633,8,8,45,1,1.0,2.0,1.0,57.0,105735.0
2634,5,3,41,3,3.0,5.0,3.0,279.0,459234.0
2635,2,5,17,2,4.0,6.0,3.0,503.0,1112133.0
2636,5,3,16,2,4.0,5.0,4.0,337.0,731964.0
2637,4,4,7,5,5.0,3.0,2.0,621.0,1007262.0
2638,8,8,14,1,1.0,3.0,1.0,99.0,150381.0
2639,8,8,20,1,1.0,1.0,2.0,196.0,305564.0
2640,8,9,51,5,3.0,3.0,2.0,276.0,332304.0
2641,8,8,14,1,1.0,3.0,1.0,161.0,314594.0
2642,3,2,5,4,3.0,1.0,1.0,245.0,324380.0
2643,3,2,5,2,3.0,5.0,3.0,492.0,552516.0
2644,1,7,36,1,2.0,4.0,2.0,213.0,687564.0
2645,8,10,49,1,4.0,4.0,2.0,152.0,263872.0
2646,8,8,29,1,2.0,2.0,2.0,218.0,320242.0
2647,8,8,29,2,6.0,3.0,2.0,256.0,318720.0
2648,8,9,51,1,1.0,1.0,2.0,91.0,147238.0
2649,3,2,9,1,1.0,3.0,2.0,180.0,370620.0
2650,8,8,45,5,6.0,3.0,3.0,464.0,940992.0
2651,3,2,9,1,2.0,1.0,1.0,64.0,153600.0
2652,4,4,48,1,2.0,1.0,1.0,51.0,92412.0
2653,8,10,40,1,2.0,4.0,1.0,74.0,81918.0
2654,2,5,53,2,4.0,4.0,2.0,722.0,960982.0
2655,3,2,10,2,5.0,6.0,4.0,345.0,588225.0
2656,5,3,37,1,1.0,1.0,2.0,151.0,299735.0
2657,8,9,44,1,2.0,2.0,1.0,192.0,292416.0
2658,3,2,10,5,4.0,3.0,3.0,597.0,608940.0
2659,3,2,5,1,4.0,2.0,2.0,166.0,218124.0
2660,8,10,32,1,1.0,1.0,1.0,98.0,138866.0
2661,3,2,9,2,4.0,6.0,2.0,281.0,970293.0
2662,3,2,10,1,2.0,3.0,1.0,168.0,206472.0
2663,3,2,5,1,1.0,4.0,2.0,176.0,332464.0
2664,8,8,31,2,5.0,6.0,2.0,186.0,399900.0
2665,3,2,10,2,5.0,3.0,2.0,310.0,559860.0
2666,5,3,16,4,1.0,4.0,1.0,140.0,274120.0
2667,5,3,41,1,3.0,3.0,2.0,95.0,107730.0
2668,8,9,44,1,4.0,4.0,1.0,206.0,375744.0
2669,5,3,37,2,6.0,3.0,3.0,699.0,1442736.0
2670,5,3,37,1,2.0,3.0,2.0,210.0,234780.0
2671,6,1,39,2,4.0,6.0,4.0,203.0,357483.0
2672,7,6,52,2,6.0,5.0,4.0,491.0,480198.0
2673,6,1,39,1,4.0,1.0,1.0,191.0,388876.0
2674,7,6,52,2,5.0,6.0,4.0,471.0,791280.0
2675,7,6,18,4,2.0,3.0,1.0,155.0,317130.0
2676,8,10,49,5,5.0,3.0,3.0,729.0,1415718.0
2677,8,8,45,2,3.0,4.0,3.0,503.0,437610.0
2678,5,3,37,1,4.0,1.0,2.0,93.0,124806.0
2679,1,7,4,1,4.0,1.0,2.0,152.0,257336.0
2680,3,2,10,3,3.0,5.0,2.0,358.0,928652.0
2681,7,6,50,1,2.0,1.0,1.0,220.0,260480.0
2682,2,5,17,1,2.0,4.0,2.0,240.0,316080.0
2683,3,2,5,1,2.0,1.0,1.0,164.0,304712.0
2684,1,7,36,2,3.0,4.0,4.0,579.0,2010288.0
2685,4,4,47,1,3.0,2.0,1.0,141.0,266913.0
2686,7,6,18,1,2.0,4.0,2.0,160.0,323040.0
2687,5,3,37,1,4.0,1.0,1.0,185.0,382210.0
2688,8,9,44,5,3.0,2.0,2.0,388.0,669300.0
2689,2,5,53,2,4.0,4.0,3.0,490.0,669340.0
2690,8,9,51,1,3.0,3.0,2.0,193.0,370560.0
2691,2,5,8,1,1.0,4.0,1.0,251.0,528104.0
2692,8,8,14,3,5.0,5.0,3.0,464.0,825920.0
2693,2,5,17,1,2.0,2.0,1.0,205.0,228780.0
2694,2,5,8,2,5.0,5.0,2.0,444.0,1287600.0
2695,7,6,52,3,4.0,5.0,3.0,386.0,873132.0
2696,5,3,37,1,3.0,2.0,1.0,260.0,409240.0
2697,3,2,9,1,4.0,1.0,1.0,123.0,339726.0
2698,2,5,8,2,3.0,2.0,4.0,435.0,1117080.0
2699,8,9,3,3,3.0,5.0,3.0,341.0,958210.0
2700,8,9,44,1,4.0,3.0,1.0,208.0,376272.0
2701,3,2,5,1,3.0,3.0,1.0,96.0,165600.0
2702,8,9,13,2,5.0,2.0,3.0,298.0,559644.0
2703,2,5,17,1,1.0,4.0,1.0,64.0,114432.0
2704,1,7,46,5,3.0,4.0,3.0,274.0,377846.0
2705,6,1,23,1,4.0,2.0,2.0,213.0,327807.0
2706,2,5,8,2,5.0,2.0,3.0,301.0,736547.0
2707,5,3,16,1,4.0,2.0,2.0,124.0,187984.0
2708,1,7,27,2,3.0,3.0,2.0,307.0,594045.0
2709,8,10,32,2,3.0,3.0,2.0,713.0,1483040.0
2710,8,9,44,3,5.0,4.0,4.0,493.0,915994.0
2711,3,2,9,1,2.0,4.0,2.0,100.0,173400.0
2712,7,6,26,2,3.0,4.0,2.0,305.0,537105.0
2713,7,6,26,1,2.0,3.0,1.0,173.0,371604.0
2714,1,7,35,1,1.0,3.0,2.0,225.0,724950.0
2715,8,10,49,2,6.0,5.0,2.0,670.0,1176520.0
2716,4,4,7,1,4.0,1.0,2.0,107.0,163603.0
2717,4,4,7,1,3.0,4.0,2.0,117.0,210483.0
2718,1,7,34,1,1.0,1.0,1.0,62.0,111352.0
2719,6,1,33,1,2.0,3.0,1.0,74.0,94276.0
2720,3,2,10,1,3.0,3.0,1.0,216.0,367848.0
2721,4,4,15,1,3.0,4.0,2.0,162.0,234738.0
2722,3,2,5,5,6.0,4.0,4.0,536.0,1025904.0
2723,8,9,51,5,3.0,3.0,2.0,253.0,443509.0
2724,5,3,16,1,1.0,2.0,2.0,185.0,274540.0
2725,5,3,16,5,6.0,2.0,3.0,721.0,1054102.0
2726,7,6,50,5,5.0,3.0,3.0,688.0,809776.0
2727,3,2,5,4,1.0,1.0,1.0,235.0,363075.0
2728,1,7,21,1,3.0,4.0,1.0,248.0,314216.0
2729,5,3,37,1,4.0,1.0,2.0,136.0,152728.0
2730,1,7,34,1,2.0,1.0,2.0,169.0,202124.0
2731,2,5,42,2,6.0,5.0,4.0,392.0,510384.0
2732,2,5,6,1,3.0,1.0,2.0,241.0,270884.0
2733,2,5,8,2,6.0,2.0,4.0,304.0,517712.0
2734,5,3,37,1,1.0,1.0,1.0,186.0,252402.0
2735,5,3,16,1,3.0,3.0,1.0,112.0,220976.0
2736,1,7,34,2,5.0,6.0,2.0,694.0,764094.0
2737,1,7,22,1,2.0,3.0,1.0,232.0,474208.0
2738,8,10,32,2,5.0,6.0,3.0,390.0,634140.0
2739,4,4,7,3,3.0,3.0,4.0,398.0,1012114.0
2740,5,3,16,1,2.0,3.0,1.0,254.0,310642.0
2741,1,7,27,1,4.0,1.0,2.0,212.0,359764.0
2742,6,1,39,2,5.0,5.0,3.0,425.0,869975.0
2743,6,1,39,2,5.0,2.0,2.0,568.0,820192.0
2744,8,10,32,4,1.0,2.0,1.0,170.0,356150.0
2745,8,9,44,2,4.0,6.0,4.0,611.0,1332591.0
2746,4,4,48,2,4.0,4.0,2.0,713.0,725834.0
2747,4,4,15,2,6.0,2.0,2.0,287.0,610162.0
2748,6,1,23,1,2.0,3.0,2.0,154.0,253022.0
2749,1,7,27,4,1.0,2.0,1.0,84.0,176736.0
2750,8,10,25,2,6.0,5.0,2.0,612.0,688500.0
2751,3,2,9,2,5.0,4.0,3.0,298.0,892808.0
2752,5,3,37,1,2.0,1.0,2.0,197.0,234627.0
2753,4,4,48,1,1.0,2.0,1.0,179.0,298751.0
2754,5,3,41,1,3.0,3.0,2.0,78.0,123630.0
2755,2,5,12,1,4.0,2.0,2.0,81.0,164268.0
2756,7,6,28,2,6.0,6.0,4.0,302.0,498904.0
2757,4,4,15,1,1.0,2.0,2.0,103.0,219493.0
2759,8,10,40,2,5.0,5.0,3.0,194.0,264616.0
2760,8,8,20,1,1.0,1.0,2.0,99.0,212751.0
2761,4,4,47,2,4.0,5.0,2.0,537.0,746967.0
2762,8,9,51,3,3.0,5.0,2.0,339.0,567486.0
2763,5,3,37,1,3.0,4.0,2.0,84.0,93576.0
2764,7,6,30,2,3.0,5.0,4.0,458.0,482732.0
2765,5,3,37,2,5.0,3.0,4.0,257.0,249547.0
2766,5,3,16,1,3.0,1.0,1.0,86.0,143362.0
2767,3,2,5,2,6.0,3.0,4.0,579.0,794967.0
2768,5,3,16,2,4.0,4.0,2.0,687.0,1003707.0
2769,8,9,3,2,5.0,3.0,2.0,609.0,641886.0
2770,8,8,29,5,3.0,2.0,2.0,492.0,803436.0
2771,3,2,5,2,6.0,3.0,2.0,666.0,582084.0
2772,8,9,44,1,2.0,1.0,1.0,249.0,291579.0
2773,1,7,34,1,2.0,4.0,2.0,234.0,322218.0
2774,8,8,29,1,4.0,1.0,1.0,136.0,279072.0
2775,6,1,39,1,1.0,1.0,2.0,112.0,154448.0
2776,2,5,12,4,1.0,4.0,1.0,207.0,423315.0
2777,8,8,20,1,1.0,4.0,1.0,91.0,117481.0
2778,8,8,20,1,4.0,1.0,2.0,69.0,130962.0
2779,6,1,33,2,3.0,4.0,3.0,466.0,784744.0
2780,8,8,45,2,4.0,6.0,2.0,665.0,573230.0
2781,6,1,23,1,4.0,1.0,1.0,107.0,183719.0
2782,7,6,11,2,4.0,2.0,4.0,586.0,516266.0
2783,8,9,13,2,5.0,2.0,2.0,197.0,402668.0
2784,7,6,30,1,4.0,4.0,1.0,146.0,167316.0
2785,8,10,40,1,3.0,3.0,1.0,107.0,146269.0
2786,6,1,23,2,6.0,6.0,3.0,750.0,674250.0
2787,8,9,13,3,5.0,4.0,4.0,496.0,1100128.0
2789,5,3,37,2,6.0,6.0,3.0,472.0,987424.0
2790,3,2,5,2,6.0,6.0,4.0,611.0,677599.0
2791,8,10,32,1,1.0,1.0,2.0,129.0,262386.0
2792,7,6,24,1,2.0,4.0,1.0,194.0,256856.0
2793,5,3,37,1,2.0,1.0,2.0,126.0,149814.0
2794,1,7,43,1,2.0,4.0,1.0,100.0,176700.0
2795,8,10,49,1,4.0,3.0,2.0,60.0,127920.0
2796,8,9,51,2,6.0,4.0,3.0,622.0,766926.0
2797,8,9,51,2,4.0,3.0,4.0,683.0,1540165.0
2798,8,9,51,1,3.0,1.0,1.0,244.0,377224.0
2799,1,7,36,2,6.0,3.0,3.0,592.0,1630960.0
2800,8,10,25,1,1.0,1.0,1.0,114.0,153102.0
2801,4,4,47,2,3.0,5.0,4.0,335.0,445885.0
2802,8,9,44,2,6.0,6.0,4.0,724.0,1471168.0
2803,6,1,39,1,1.0,4.0,1.0,188.0,336332.0
2804,7,6,18,3,5.0,4.0,3.0,352.0,807840.0
2805,8,10,25,2,5.0,3.0,2.0,624.0,682032.0
2806,8,8,31,5,6.0,2.0,2.0,715.0,732160.0
2807,2,5,6,1,3.0,3.0,2.0,178.0,247242.0
2808,5,3,16,2,3.0,3.0,4.0,446.0,986106.0
2809,1,7,35,1,3.0,2.0,2.0,155.0,466240.0
2810,1,7,19,1,3.0,3.0,2.0,153.0,303552.0
2811,6,1,33,1,1.0,1.0,1.0,118.0,133576.0
2812,8,9,51,1,2.0,2.0,1.0,181.0,364534.0
2813,5,3,16,4,2.0,4.0,1.0,58.0,104922.0
2814,3,2,9,1,3.0,2.0,2.0,108.0,306936.0
2815,8,10,32,1,2.0,3.0,2.0,54.0,60318.0
2816,7,6,18,2,3.0,6.0,2.0,744.0,1700784.0
2817,2,5,6,1,4.0,1.0,1.0,251.0,444270.0
2819,8,9,3,2,6.0,5.0,2.0,235.0,240640.0
2820,8,9,3,1,4.0,1.0,1.0,72.0,105048.0
2821,8,10,40,1,4.0,1.0,2.0,72.0,97632.0
2822,1,7,22,3,5.0,4.0,2.0,474.0,1127646.0
2823,4,4,15,2,5.0,4.0,3.0,227.0,334825.0
2824,8,9,3,4,4.0,2.0,2.0,148.0,170348.0
2825,8,8,29,2,4.0,2.0,3.0,691.0,1472521.0
2826,8,10,49,1,2.0,3.0,1.0,139.0,272857.0
2827,8,8,45,4,2.0,2.0,2.0,243.0,317601.0
2828,8,9,44,1,2.0,4.0,2.0,50.0,107150.0
2829,4,4,48,1,4.0,3.0,2.0,89.0,121574.0
2830,7,6,18,4,4.0,4.0,2.0,180.0,297360.0
2831,5,3,16,1,1.0,2.0,1.0,213.0,324825.0
2832,2,5,6,2,3.0,6.0,3.0,692.0,1389536.0
2833,6,1,23,4,2.0,2.0,2.0,119.0,181951.0
2834,7,6,24,1,4.0,4.0,1.0,78.0,109824.0
2835,8,8,14,1,4.0,3.0,2.0,91.0,166530.0
2836,7,6,11,2,6.0,4.0,3.0,270.0,297810.0
2837,8,8,31,1,4.0,2.0,1.0,185.0,259000.0
2838,6,1,33,2,6.0,3.0,3.0,410.0,631400.0
2839,5,3,16,1,2.0,1.0,2.0,200.0,391800.0
2840,3,2,9,4,4.0,3.0,1.0,138.0,278208.0
2841,8,8,1,2,4.0,4.0,3.0,380.0,833720.0
2842,7,6,18,5,4.0,3.0,2.0,301.0,692300.0
2843,4,4,47,1,4.0,1.0,1.0,177.0,246207.0
2844,8,8,31,1,4.0,1.0,1.0,101.0,144834.0
2845,1,7,21,2,6.0,6.0,4.0,230.0,233220.0
2846,8,8,2,2,3.0,3.0,3.0,666.0,725274.0
2847,8,10,25,1,4.0,1.0,2.0,245.0,477505.0
2848,1,7,35,5,6.0,3.0,3.0,232.0,679064.0
2849,7,6,18,1,3.0,4.0,2.0,143.0,160017.0
2850,8,8,1,2,6.0,4.0,2.0,525.0,1015875.0
2851,8,9,51,2,4.0,6.0,4.0,634.0,1217280.0
2852,1,7,19,2,6.0,6.0,2.0,412.0,744896.0
2853,8,8,45,2,3.0,6.0,4.0,704.0,758208.0
2854,5,3,16,4,2.0,2.0,1.0,223.0,420578.0
2855,7,6,52,1,1.0,2.0,2.0,136.0,212704.0
2856,1,7,19,5,3.0,2.0,2.0,473.0,931810.0
2857,1,7,46,1,3.0,4.0,1.0,53.0,76691.0
2858,7,6,30,2,4.0,3.0,3.0,370.0,437340.0
2859,8,8,45,1,4.0,4.0,2.0,166.0,270746.0
2860,4,4,48,2,6.0,4.0,2.0,627.0,1328613.0
2861,8,8,20,1,3.0,2.0,1.0,132.0,159984.0
2862,8,8,2,1,3.0,2.0,2.0,68.0,75412.0
2863,6,1,33,2,5.0,2.0,4.0,715.0,985270.0
2864,8,9,13,5,3.0,6.0,4.0,407.0,827431.0
2865,8,9,13,1,3.0,1.0,1.0,56.0,62720.0
2866,7,6,18,1,1.0,1.0,2.0,108.0,129060.0
2867,8,9,51,1,1.0,4.0,2.0,234.0,431964.0
2868,3,2,5,1,4.0,2.0,1.0,220.0,390500.0
2869,8,10,49,1,1.0,1.0,2.0,54.0,72468.0
2870,7,6,52,1,2.0,4.0,2.0,81.0,142155.0
2871,6,1,33,1,3.0,1.0,1.0,189.0,237384.0
2872,6,1,23,1,1.0,2.0,1.0,201.0,374262.0
2873,5,3,16,1,3.0,3.0,2.0,89.0,166430.0
2874,1,7,34,1,2.0,4.0,1.0,89.0,151745.0
2875,7,6,26,1,3.0,3.0,2.0,247.0,505609.0
2876,6,1,33,2,3.0,5.0,2.0,207.0,371151.0
2877,8,10,25,5,6.0,2.0,3.0,573.0,795897.0
2878,6,1,39,4,2.0,4.0,1.0,105.0,136500.0
2879,6,1,23,1,2.0,1.0,1.0,163.0,278241.0
2880,8,8,2,1,3.0,4.0,1.0,148.0,177896.0
2881,8,9,3,1,4.0,4.0,1.0,165.0,244200.0
2882,3,2,10,5,3.0,5.0,3.0,618.0,842334.0
2883,8,9,51,1,4.0,2.0,1.0,172.0,212936.0
2884,8,10,49,2,6.0,5.0,3.0,321.0,508143.0
2885,5,3,37,2,6.0,6.0,3.0,233.0,391906.0
2886,1,7,22,1,4.0,2.0,1.0,64.0,114240.0
2887,2,5,8,2,5.0,2.0,4.0,717.0,2318061.0
2888,8,9,44,2,6.0,2.0,3.0,640.0,1105920.0
2889,7,6,24,1,3.0,4.0,2.0,64.0,132480.0
2890,3,2,10,5,6.0,4.0,3.0,440.0,517000.0
2891,4,4,47,1,1.0,2.0,2.0,87.0,127890.0
2892,6,1,33,5,4.0,5.0,4.0,391.0,476629.0
2893,1,7,4,2,4.0,5.0,2.0,288.0,288864.0
2894,6,1,23,1,4.0,4.0,1.0,175.0,230650.0
2895,4,4,7,2,5.0,3.0,4.0,736.0,1185696.0
2896,8,8,14,2,6.0,6.0,4.0,418.0,382888.0
2897,2,5,8,3,4.0,5.0,2.0,326.0,1362680.0
2898,8,9,3,2,4.0,5.0,4.0,742.0,651476.0
2899,8,8,14,2,6.0,4.0,3.0,259.0,252266.0
2900,4,4,38,2,3.0,5.0,3.0,199.0,257108.0
2901,8,8,45,3,4.0,3.0,3.0,225.0,352575.0
2902,7,6,28,2,6.0,5.0,2.0,439.0,967556.0
2903,4,4,38,2,3.0,5.0,2.0,465.0,817470.0
2904,4,4,7,3,3.0,5.0,2.0,508.0,795528.0
2905,4,4,15,2,4.0,4.0,4.0,743.0,1125645.0
2906,8,8,31,1,2.0,2.0,2.0,229.0,325867.0
2907,6,1,33,1,1.0,2.0,1.0,260.0,492180.0
2908,8,10,49,1,3.0,4.0,1.0,82.0,162442.0
2909,4,4,48,1,3.0,2.0,2.0,92.0,158424.0
2910,2,5,8,1,3.0,3.0,1.0,165.0,281490.0
2911,3,2,10,1,1.0,4.0,2.0,143.0,278135.0
2912,1,7,4,2,3.0,2.0,4.0,355.0,734140.0
2913,1,7,4,2,3.0,4.0,3.0,423.0,896337.0
2914,1,7,22,2,3.0,6.0,2.0,357.0,418047.0
2915,2,5,8,2,4.0,2.0,2.0,430.0,1054360.0
2916,8,8,1,2,5.0,4.0,3.0,240.0,259680.0
2917,5,3,41,2,5.0,4.0,3.0,214.0,280768.0
2918,4,4,38,1,3.0,2.0,1.0,243.0,389286.0
2919,8,10,40,2,4.0,5.0,2.0,616.0,689920.0
2920,1,7,46,2,4.0,2.0,2.0,455.0,638365.0
2921,8,8,20,5,3.0,5.0,3.0,582.0,867762.0
2922,5,3,41,1,1.0,1.0,1.0,112.0,236992.0
2923,4,4,7,2,6.0,4.0,4.0,560.0,794640.0
2924,8,9,51,3,4.0,3.0,4.0,357.0,1003884.0
2925,8,8,29,2,6.0,4.0,4.0,280.0,574000.0
2926,8,9,3,1,1.0,2.0,1.0,173.0,322126.0
2927,8,10,32,2,6.0,4.0,3.0,506.0,586454.0
2928,3,2,10,3,4.0,4.0,2.0,292.0,453184.0
2929,5,3,16,2,4.0,2.0,2.0,342.0,752742.0
2930,3,2,5,1,2.0,3.0,1.0,98.0,141120.0
2931,8,8,1,1,2.0,3.0,2.0,52.0,91000.0
2932,8,8,14,2,4.0,2.0,4.0,287.0,419881.0
2933,8,10,25,1,4.0,4.0,2.0,213.0,295218.0
2934,7,6,52,1,2.0,3.0,2.0,83.0,117362.0
2935,8,8,29,1,3.0,3.0,1.0,201.0,295269.0
2936,1,7,22,1,4.0,4.0,1.0,160.0,337440.0
2937,4,4,38,2,4.0,3.0,2.0,620.0,976500.0
2938,8,8,14,5,3.0,3.0,3.0,658.0,1290338.0
2939,7,6,26,2,5.0,6.0,3.0,719.0,1391984.0
2940,8,10,40,4,3.0,4.0,2.0,84.0,161952.0
2941,8,9,51,1,3.0,1.0,2.0,82.0,118408.0
2942,7,6,28,5,5.0,4.0,2.0,581.0,1076012.0
2943,3,2,9,2,5.0,2.0,2.0,726.0,1377948.0
2944,2,5,53,1,4.0,2.0,2.0,164.0,238128.0
2945,3,2,5,2,5.0,3.0,4.0,193.0,199755.0
2946,8,9,3,2,5.0,2.0,3.0,359.0,741694.0
2947,1,7,36,1,4.0,4.0,1.0,227.0,706424.0
2948,1,7,4,1,1.0,3.0,2.0,63.0,115857.0
2949,4,4,7,2,6.0,4.0,4.0,220.0,195360.0
2950,8,10,25,2,3.0,6.0,2.0,431.0,693479.0
2951,8,10,40,2,5.0,5.0,2.0,268.0,552616.0
2952,8,10,32,5,3.0,5.0,2.0,721.0,824824.0
2953,6,1,23,1,3.0,4.0,2.0,152.0,201704.0
2954,4,4,47,1,4.0,2.0,2.0,122.0,188734.0
2955,3,2,10,3,3.0,3.0,4.0,386.0,759262.0
2956,6,1,33,2,6.0,2.0,3.0,615.0,1352385.0
2957,8,9,3,1,2.0,2.0,2.0,79.0,88875.0
2958,5,3,16,2,3.0,5.0,3.0,320.0,402880.0
2959,8,8,45,1,3.0,1.0,1.0,167.0,244655.0
2960,6,1,23,1,4.0,3.0,2.0,157.0,182748.0
2961,4,4,7,1,3.0,2.0,1.0,259.0,432012.0
2962,4,4,47,1,3.0,1.0,2.0,55.0,70235.0
2964,8,9,13,1,4.0,3.0,2.0,247.0,406809.0
2965,8,8,2,1,2.0,3.0,2.0,159.0,283974.0
2966,8,10,32,1,4.0,1.0,1.0,141.0,239700.0
2967,3,2,5,1,4.0,2.0,2.0,193.0,228512.0
2968,7,6,52,2,6.0,4.0,2.0,192.0,164352.0
2969,5,3,16,2,5.0,4.0,3.0,454.0,547978.0
2970,8,8,45,1,2.0,3.0,1.0,254.0,296164.0
2971,5,3,37,1,1.0,3.0,2.0,62.0,106888.0
2972,6,1,39,1,1.0,3.0,1.0,166.0,354244.0
2973,3,2,5,2,6.0,2.0,3.0,564.0,574152.0
2974,3,2,5,5,5.0,5.0,3.0,604.0,1091428.0
2975,8,9,44,1,4.0,1.0,2.0,218.0,372344.0
2976,8,8,29,1,1.0,1.0,1.0,165.0,342045.0
2977,8,9,51,2,5.0,4.0,2.0,645.0,1406100.0
2978,3,2,5,2,4.0,4.0,3.0,618.0,567324.0
2979,2,5,6,2,4.0,5.0,3.0,615.0,1268130.0
2980,3,2,9,2,6.0,5.0,4.0,630.0,2160900.0
2981,8,10,25,5,6.0,2.0,4.0,318.0,389232.0
2982,8,9,44,1,4.0,3.0,1.0,207.0,234531.0
2983,3,2,5,1,4.0,3.0,1.0,178.0,315772.0
2984,5,3,37,1,2.0,4.0,1.0,127.0,183642.0
2985,3,2,10,1,4.0,4.0,1.0,239.0,416816.0
2986,2,5,6,5,5.0,6.0,2.0,322.0,351302.0
2987,6,1,33,2,6.0,2.0,4.0,591.0,1328568.0
2988,6,1,33,1,2.0,2.0,1.0,245.0,304290.0
2989,4,4,7,1,1.0,4.0,1.0,257.0,375991.0
2990,3,2,10,2,4.0,5.0,2.0,337.0,575259.0
2991,2,5,8,1,2.0,4.0,1.0,167.0,287741.0
2992,3,2,5,5,5.0,6.0,3.0,355.0,596045.0
2993,5,3,16,2,4.0,6.0,4.0,420.0,431760.0
2994,8,10,49,1,1.0,1.0,2.0,141.0,275937.0
2995,6,1,33,4,2.0,1.0,2.0,259.0,517741.0
2996,8,10,25,1,2.0,3.0,1.0,193.0,414757.0
2997,7,6,28,5,4.0,2.0,3.0,731.0,1220770.0
2998,4,4,48,1,1.0,4.0,2.0,214.0,354170.0
2999,8,10,25,1,1.0,1.0,2.0,216.0,349272.0
3000,5,3,41,1,1.0,3.0,1.0,101.0,203919.0
3001,1,7,35,1,2.0,4.0,2.0,60.0,187200.0
3002,1,7,21,2,3.0,6.0,4.0,247.0,439660.0
3003,8,9,44,2,4.0,6.0,3.0,743.0,896058.0
3004,7,6,30,5,5.0,2.0,4.0,199.0,355613.0
3005,8,9,13,4,2.0,4.0,2.0,72.0,90288.0
3006,4,4,38,2,3.0,6.0,3.0,292.0,350692.0
3007,6,1,23,1,1.0,1.0,1.0,54.0,85914.0
3008,5,3,37,1,2.0,4.0,1.0,222.0,364302.0
3009,7,6,30,2,6.0,3.0,4.0,439.0,673426.0
3010,3,2,10,5,6.0,2.0,2.0,362.0,315664.0
3011,7,6,11,2,5.0,3.0,3.0,199.0,407751.0
3012,8,8,20,4,4.0,3.0,1.0,52.0,76648.0
3013,3,2,5,1,4.0,1.0,1.0,206.0,385426.0
3014,6,1,33,2,5.0,3.0,3.0,505.0,566610.0
3015,7,6,24,1,2.0,4.0,2.0,178.0,224636.0
3016,3,2,5,1,3.0,1.0,1.0,152.0,251864.0
3017,3,2,10,2,5.0,6.0,3.0,690.0,937710.0
3018,3,2,5,2,6.0,5.0,2.0,382.0,424020.0
3019,8,10,32,2,6.0,5.0,4.0,721.0,1214885.0
3020,7,6,18,2,5.0,6.0,3.0,358.0,403108.0
3021,1,7,22,2,6.0,3.0,2.0,600.0,1202400.0
3022,5,3,37,2,6.0,5.0,2.0,644.0,1297660.0
3023,5,3,16,2,5.0,5.0,4.0,338.0,694252.0
3024,5,3,41,1,2.0,3.0,2.0,152.0,311600.0
3025,6,1,23,1,3.0,4.0,1.0,127.0,171196.0
3026,8,10,49,1,1.0,3.0,1.0,74.0,130980.0
3027,8,10,40,4,1.0,2.0,1.0,153.0,171360.0
3028,1,7,36,5,5.0,4.0,2.0,657.0,1696374.0
3029,8,9,51,4,3.0,2.0,1.0,122.0,151768.0
3030,8,10,49,2,4.0,6.0,4.0,687.0,1035996.0
3031,8,9,44,2,6.0,4.0,4.0,572.0,833976.0
3032,8,9,3,2,3.0,4.0,4.0,334.0,321642.0
3033,3,2,9,2,4.0,2.0,4.0,676.0,1804920.0
3034,4,4,38,3,3.0,5.0,3.0,506.0,1401620.0
3035,4,4,7,3,5.0,5.0,2.0,409.0,950107.0
3036,3,2,9,5,3.0,5.0,4.0,553.0,1159641.0
3037,1,7,19,1,4.0,1.0,2.0,196.0,349272.0
3038,6,1,33,1,3.0,1.0,2.0,113.0,195377.0
3039,6,1,23,2,4.0,4.0,2.0,254.0,557276.0
3040,8,10,32,1,3.0,4.0,1.0,53.0,63918.0
3041,6,1,23,1,2.0,1.0,2.0,139.0,170553.0
3042,8,10,32,2,4.0,2.0,2.0,521.0,1106083.0
3043,5,3,41,1,2.0,4.0,1.0,103.0,210223.0
3044,1,7,21,2,4.0,4.0,3.0,461.0,815048.0
3045,7,6,24,1,4.0,4.0,1.0,163.0,318013.0
3046,8,9,3,1,1.0,1.0,2.0,155.0,272490.0
3047,8,8,2,1,1.0,4.0,1.0,226.0,413806.0
3048,8,8,45,1,2.0,3.0,1.0,118.0,214760.0
3049,4,4,7,4,1.0,1.0,2.0,180.0,198360.0
3050,2,5,42,1,1.0,1.0,2.0,165.0,269445.0
3051,7,6,26,1,2.0,1.0,2.0,62.0,130634.0
3052,6,1,33,2,3.0,6.0,2.0,192.0,285504.0
3053,2,5,42,2,5.0,2.0,2.0,739.0,854284.0
3054,8,9,51,5,3.0,3.0,4.0,571.0,945576.0
3055,8,9,51,2,5.0,6.0,4.0,588.0,1323588.0
3056,7,6,24,1,1.0,2.0,2.0,132.0,187704.0
3057,5,3,41,1,4.0,3.0,2.0,231.0,351813.0
3058,8,10,40,1,4.0,2.0,1.0,64.0,95232.0
3059,5,3,16,2,3.0,6.0,4.0,234.0,405756.0
3060,6,1,33,1,4.0,1.0,1.0,60.0,80400.0
3061,5,3,41,1,3.0,2.0,1.0,73.0,110084.0
3062,8,9,44,1,1.0,3.0,2.0,191.0,342463.0
3063,3,2,9,1,4.0,2.0,1.0,218.0,454094.0
3064,8,8,29,1,1.0,3.0,2.0,254.0,361950.0
3065,8,9,51,1,4.0,1.0,2.0,172.0,285176.0
3066,2,5,53,2,6.0,2.0,4.0,320.0,691520.0
3067,8,10,25,1,1.0,3.0,2.0,240.0,300000.0
3068,5,3,41,1,2.0,3.0,2.0,252.0,527940.0
3069,4,4,48,2,6.0,3.0,2.0,514.0,1176546.0
3070,5,3,16,3,4.0,3.0,2.0,290.0,663230.0
3071,8,8,31,1,1.0,2.0,2.0,174.0,351132.0
3072,1,7,21,3,5.0,4.0,2.0,389.0,624734.0
3073,4,4,7,2,6.0,3.0,3.0,188.0,302492.0
3074,1,7,4,1,1.0,4.0,2.0,52.0,70044.0
3075,1,7,21,1,1.0,2.0,1.0,256.0,405760.0
3076,1,7,4,1,1.0,3.0,2.0,90.0,135810.0
3077,6,1,23,1,3.0,2.0,1.0,197.0,291954.0
3078,4,4,47,2,6.0,2.0,2.0,654.0,1022856.0
3079,6,1,23,1,3.0,3.0,1.0,61.0,106933.0
3080,7,6,30,1,3.0,2.0,1.0,81.0,91773.0
3081,3,2,9,1,4.0,3.0,2.0,185.0,439190.0
3082,7,6,30,1,4.0,4.0,1.0,92.0,171028.0
3083,8,9,51,1,4.0,1.0,2.0,229.0,442886.0
3084,4,4,47,2,6.0,2.0,3.0,322.0,477848.0
3085,3,2,5,2,3.0,4.0,3.0,337.0,577281.0
3086,4,4,47,2,5.0,2.0,3.0,696.0,1111512.0
3087,1,7,35,1,2.0,1.0,1.0,162.0,394470.0
3088,8,8,45,1,1.0,3.0,2.0,63.0,114030.0
3089,3,2,5,1,3.0,2.0,1.0,115.0,197570.0
3090,8,8,20,2,5.0,4.0,3.0,451.0,435215.0
3091,4,4,15,1,3.0,2.0,1.0,224.0,393120.0
3092,6,1,39,2,6.0,2.0,4.0,261.0,565326.0
3093,3,2,10,1,4.0,4.0,2.0,233.0,449224.0
3094,5,3,37,1,4.0,1.0,1.0,99.0,174240.0
3095,5,3,16,2,6.0,5.0,4.0,187.0,302192.0
3096,6,1,33,1,2.0,4.0,2.0,255.0,326655.0
3097,3,2,5,2,3.0,2.0,4.0,370.0,438450.0
3098,1,7,34,1,4.0,2.0,1.0,98.0,136612.0
3099,5,3,41,1,2.0,2.0,2.0,124.0,202120.0
3100,1,7,4,5,4.0,4.0,2.0,347.0,575326.0
3101,6,1,23,1,1.0,3.0,1.0,162.0,335178.0
3102,5,3,41,2,5.0,3.0,2.0,319.0,426822.0
3103,8,9,51,1,3.0,1.0,1.0,158.0,234788.0
3104,8,10,40,1,3.0,2.0,1.0,126.0,266238.0
3105,8,8,29,1,2.0,1.0,2.0,134.0,235438.0
3106,8,8,14,5,5.0,3.0,3.0,238.0,417928.0
3107,2,5,17,1,1.0,2.0,1.0,81.0,93960.0
3108,1,7,43,1,2.0,2.0,1.0,97.0,192545.0
3109,8,9,3,1,4.0,4.0,1.0,102.0,127908.0
3110,4,4,38,1,1.0,4.0,2.0,126.0,261954.0
3111,1,7,19,2,5.0,2.0,2.0,567.0,521640.0
3112,2,5,12,1,3.0,2.0,2.0,71.0,83496.0
3114,4,4,48,1,3.0,2.0,2.0,166.0,325360.0
3115,8,9,13,1,1.0,4.0,1.0,53.0,62593.0
3116,8,10,32,2,5.0,5.0,3.0,601.0,597995.0
3117,7,6,52,2,6.0,6.0,2.0,286.0,549120.0
3118,8,10,32,1,3.0,1.0,2.0,203.0,433608.0
3119,4,4,47,1,3.0,3.0,1.0,122.0,186050.0
3120,8,9,44,1,4.0,3.0,1.0,82.0,112258.0
3121,8,10,49,5,3.0,3.0,2.0,340.0,670480.0
3122,5,3,41,3,5.0,5.0,2.0,273.0,593502.0
3123,5,3,16,1,3.0,2.0,2.0,54.0,59832.0
3124,8,8,20,1,4.0,2.0,1.0,99.0,170478.0
3125,6,1,23,2,4.0,4.0,3.0,652.0,1227064.0
3126,6,1,33,5,4.0,3.0,2.0,641.0,1234566.0
3127,3,2,10,1,3.0,3.0,1.0,149.0,178949.0
3128,4,4,47,4,2.0,3.0,2.0,152.0,262352.0
3129,6,1,39,4,3.0,4.0,1.0,242.0,426888.0
3130,3,2,5,1,3.0,4.0,1.0,223.0,355462.0
3131,1,7,34,5,6.0,3.0,2.0,584.0,638896.0
3132,1,7,46,2,4.0,5.0,2.0,573.0,956910.0
3133,8,9,51,2,5.0,4.0,3.0,640.0,1440640.0
3134,3,2,5,4,3.0,4.0,2.0,132.0,233772.0
3135,2,5,17,1,2.0,3.0,2.0,160.0,265920.0
3136,1,7,36,2,6.0,4.0,4.0,604.0,1813208.0
3137,8,9,13,1,3.0,1.0,2.0,147.0,267834.0
3138,7,6,50,2,4.0,4.0,3.0,446.0,441540.0
3139,3,2,10,1,3.0,1.0,1.0,255.0,385815.0
3140,8,10,32,3,4.0,3.0,4.0,339.0,729189.0
3141,6,1,33,1,4.0,1.0,1.0,154.0,230538.0
3142,1,7,34,2,5.0,3.0,2.0,704.0,1524864.0
3143,4,4,47,2,5.0,2.0,4.0,727.0,950189.0
3144,1,7,34,1,3.0,1.0,1.0,118.0,132632.0
3145,5,3,16,1,4.0,4.0,2.0,84.0,139272.0
3146,2,5,8,1,1.0,2.0,2.0,149.0,381738.0
3147,3,2,9,2,3.0,5.0,2.0,542.0,1363130.0
3148,6,1,23,4,1.0,3.0,2.0,213.0,331428.0
3149,5,3,16,1,3.0,1.0,1.0,218.0,432730.0
3150,1,7,4,1,3.0,3.0,1.0,216.0,257040.0
3151,8,10,25,1,2.0,3.0,2.0,206.0,233810.0
3152,6,1,33,5,4.0,2.0,2.0,278.0,557112.0
3153,6,1,39,1,3.0,4.0,2.0,142.0,262416.0
3154,8,8,31,1,4.0,3.0,1.0,101.0,111807.0
3155,3,2,10,1,2.0,3.0,2.0,228.0,379848.0
3156,8,8,29,1,2.0,2.0,1.0,159.0,184917.0
3157,2,5,53,1,3.0,2.0,2.0,157.0,327188.0
3158,7,6,28,2,6.0,3.0,4.0,182.0,461370.0
3159,4,4,7,5,4.0,2.0,3.0,274.0,529916.0
3160,8,8,45,1,2.0,3.0,1.0,147.0,270480.0
3161,2,5,12,1,1.0,4.0,1.0,110.0,151030.0
3162,6,1,39,2,6.0,2.0,3.0,694.0,1412984.0
3163,1,7,4,5,4.0,5.0,4.0,237.0,218751.0
3164,4,4,15,5,6.0,2.0,4.0,745.0,1060880.0
3165,6,1,23,1,3.0,1.0,2.0,157.0,332212.0
3166,2,5,42,2,3.0,6.0,4.0,220.0,390720.0
3167,8,10,32,1,3.0,1.0,2.0,176.0,214368.0
3168,3,2,10,1,4.0,2.0,2.0,190.0,290700.0
3169,3,2,5,1,4.0,4.0,1.0,184.0,210864.0
3170,8,9,51,1,4.0,1.0,1.0,110.0,210870.0
3171,8,8,20,2,3.0,4.0,4.0,270.0,531900.0
3172,3,2,9,2,6.0,2.0,4.0,317.0,444117.0
3173,6,1,33,3,4.0,5.0,4.0,238.0,414596.0
3174,1,7,19,1,2.0,4.0,1.0,200.0,278800.0
3175,4,4,38,1,2.0,2.0,2.0,230.0,493810.0
3176,4,4,15,1,4.0,1.0,1.0,232.0,405304.0
3177,1,7,43,1,4.0,4.0,1.0,98.0,175616.0
3178,2,5,53,1,4.0,4.0,1.0,239.0,312373.0
3179,8,9,3,2,5.0,4.0,4.0,223.0,500635.0
3180,2,5,17,1,1.0,3.0,1.0,214.0,276274.0
3181,3,2,5,1,2.0,3.0,2.0,117.0,139347.0
3182,7,6,50,4,2.0,1.0,1.0,129.0,158670.0
3183,7,6,52,4,1.0,2.0,1.0,215.0,378400.0
3184,1,7,21,1,4.0,1.0,2.0,210.0,400050.0
3185,3,2,10,2,3.0,6.0,4.0,628.0,1112816.0
3186,5,3,16,1,2.0,2.0,2.0,255.0,419730.0
3187,2,5,17,1,3.0,4.0,2.0,197.0,334900.0
3188,1,7,21,5,6.0,5.0,3.0,202.0,198970.0
3189,4,4,7,3,5.0,4.0,3.0,331.0,834451.0
3190,3,2,10,2,3.0,4.0,4.0,690.0,1103310.0
3191,6,1,39,3,5.0,5.0,4.0,295.0,842520.0
3192,6,1,33,2,6.0,6.0,4.0,393.0,364311.0
3193,8,9,51,1,3.0,3.0,1.0,260.0,406640.0
3194,8,10,40,1,4.0,3.0,1.0,190.0,343900.0
3195,7,6,28,1,4.0,1.0,2.0,103.0,273568.0
3196,7,6,26,5,5.0,5.0,2.0,305.0,474885.0
3197,5,3,16,1,1.0,4.0,2.0,239.0,319065.0
3198,4,4,47,1,3.0,1.0,1.0,92.0,115644.0
3199,3,2,10,2,3.0,4.0,2.0,413.0,604632.0
3200,7,6,52,1,1.0,3.0,1.0,227.0,476019.0
3201,6,1,23,2,4.0,6.0,4.0,308.0,599676.0
3202,4,4,15,1,2.0,2.0,1.0,257.0,362370.0
3203,4,4,15,4,1.0,4.0,1.0,79.0,117394.0
3204,4,4,48,1,1.0,4.0,2.0,155.0,308605.0
3205,8,8,1,2,5.0,5.0,2.0,464.0,559584.0
3206,1,7,4,1,2.0,2.0,1.0,118.0,139358.0
3207,8,8,20,1,4.0,2.0,2.0,174.0,318942.0
3208,5,3,41,2,6.0,5.0,4.0,253.0,384560.0
3209,8,9,13,2,6.0,2.0,3.0,480.0,434400.0
3210,5,3,37,2,5.0,2.0,3.0,491.0,814569.0
3211,2,5,17,5,4.0,5.0,2.0,292.0,576700.0
3212,4,4,7,1,2.0,4.0,1.0,67.0,122610.0
3213,4,4,38,1,3.0,2.0,1.0,174.0,347652.0
3214,4,4,15,5,5.0,6.0,2.0,206.0,266358.0
3215,3,2,5,2,4.0,4.0,3.0,245.0,312620.0
3216,7,6,30,3,4.0,5.0,3.0,466.0,833208.0
3217,8,9,3,1,3.0,4.0,1.0,109.0,134615.0
3218,7,6,50,2,3.0,4.0,4.0,673.0,974504.0
3219,5,3,37,2,3.0,2.0,3.0,648.0,1248696.0
3220,3,2,5,1,3.0,2.0,1.0,84.0,93744.0
3221,7,6,24,1,3.0,2.0,2.0,176.0,350416.0
3222,4,4,47,1,1.0,3.0,1.0,65.0,84760.0
3223,3,2,5,4,1.0,3.0,1.0,199.0,253128.0
3224,2,5,6,3,4.0,3.0,3.0,466.0,1209270.0
3225,4,4,7,1,1.0,4.0,1.0,190.0,386460.0
3226,8,8,1,1,4.0,3.0,2.0,127.0,173101.0
3227,2,5,17,5,6.0,6.0,4.0,182.0,207844.0
3228,4,4,38,1,2.0,1.0,2.0,117.0,171639.0
3229,8,10,25,1,1.0,2.0,1.0,63.0,93114.0
3230,3,2,5,5,5.0,2.0,4.0,514.0,581848.0
3231,8,9,13,1,1.0,3.0,1.0,56.0,107856.0
3232,4,4,48,2,5.0,2.0,3.0,507.0,1041885.0
3233,5,3,37,2,6.0,5.0,2.0,390.0,746070.0
3234,8,9,3,2,4.0,4.0,2.0,212.0,318848.0
3235,8,10,40,2,4.0,2.0,3.0,566.0,642976.0
3236,1,7,35,4,1.0,1.0,1.0,244.0,576572.0
3237,7,6,30,2,3.0,3.0,2.0,358.0,570652.0
3238,8,9,44,4,1.0,2.0,1.0,112.0,181440.0
3239,2,5,17,1,3.0,2.0,1.0,127.0,187960.0
3240,3,2,5,2,5.0,6.0,3.0,618.0,531480.0
3241,8,9,13,1,4.0,4.0,1.0,118.0,171808.0
3242,1,7,34,4,2.0,4.0,2.0,212.0,438628.0
3243,8,10,49,1,3.0,2.0,2.0,109.0,199361.0
3244,4,4,47,1,2.0,4.0,2.0,144.0,256320.0
3245,5,3,37,2,6.0,3.0,3.0,432.0,932688.0
3246,3,2,9,1,4.0,4.0,2.0,76.0,193724.0
3247,6,1,23,2,6.0,6.0,4.0,559.0,657384.0
3248,7,6,52,1,3.0,4.0,2.0,234.0,409500.0
3249,8,10,49,2,6.0,3.0,4.0,744.0,1148736.0
3250,8,10,40,2,6.0,5.0,4.0,334.0,487306.0
3251,8,8,14,1,2.0,4.0,2.0,100.0,155900.0
3252,2,5,42,2,5.0,5.0,4.0,516.0,966984.0
3253,4,4,7,1,1.0,4.0,1.0,150.0,210150.0
3254,7,6,52,1,2.0,1.0,2.0,74.0,135050.0
3255,8,10,25,2,4.0,5.0,2.0,209.0,282359.0
3256,1,7,19,5,6.0,3.0,3.0,240.0,435600.0
3257,8,9,51,3,4.0,5.0,4.0,436.0,1084332.0
3258,3,2,10,2,4.0,5.0,4.0,461.0,933525.0
3259,8,10,25,2,3.0,4.0,3.0,381.0,785622.0
3260,7,6,52,1,3.0,3.0,1.0,241.0,346076.0
3261,4,4,15,1,4.0,2.0,1.0,203.0,268366.0
3262,6,1,33,1,3.0,1.0,1.0,151.0,247187.0
3263,3,2,10,2,3.0,3.0,4.0,603.0,1379664.0
3264,4,4,15,1,1.0,4.0,2.0,222.0,255744.0
3265,4,4,38,2,5.0,3.0,4.0,293.0,268681.0
3266,8,8,45,2,5.0,6.0,2.0,296.0,494616.0
3267,8,10,49,1,1.0,1.0,1.0,107.0,168418.0
3268,7,6,30,2,6.0,5.0,4.0,390.0,879060.0
3269,7,6,18,2,5.0,2.0,4.0,243.0,241785.0
3270,4,4,48,1,1.0,1.0,2.0,189.0,243054.0
3271,8,8,45,2,5.0,6.0,4.0,265.0,238765.0
3272,1,7,22,1,2.0,1.0,1.0,185.0,361490.0
3273,4,4,47,1,1.0,1.0,1.0,113.0,191761.0
3274,8,9,51,4,2.0,3.0,2.0,127.0,207518.0
3275,8,9,51,2,4.0,2.0,3.0,242.0,550308.0
3276,6,1,39,4,1.0,4.0,1.0,102.0,191964.0
3277,1,7,35,1,4.0,1.0,1.0,252.0,825552.0
3278,8,8,20,5,3.0,6.0,4.0,496.0,437968.0
3279,8,9,13,3,5.0,3.0,2.0,486.0,1281582.0
3280,8,8,14,2,4.0,6.0,3.0,486.0,728514.0
3281,8,9,44,3,3.0,5.0,2.0,443.0,1096425.0
3282,3,2,5,1,3.0,4.0,1.0,204.0,254184.0
3283,8,10,25,2,6.0,4.0,4.0,293.0,643428.0
3284,4,4,47,1,3.0,2.0,1.0,214.0,301740.0
3285,8,8,14,2,3.0,2.0,4.0,423.0,430614.0
3286,2,5,8,1,4.0,4.0,1.0,149.0,285335.0
3287,4,4,38,2,5.0,4.0,2.0,510.0,616590.0
3288,6,1,39,1,1.0,1.0,1.0,212.0,390928.0
3289,7,6,52,1,1.0,4.0,2.0,183.0,335805.0
3290,4,4,48,1,2.0,1.0,1.0,144.0,189648.0
3291,5,3,41,1,3.0,4.0,2.0,139.0,267297.0
3292,8,10,49,1,3.0,2.0,1.0,164.0,209264.0
3293,6,1,33,1,2.0,3.0,2.0,143.0,164879.0
3294,7,6,26,5,6.0,2.0,4.0,223.0,227237.0
3295,7,6,30,2,4.0,2.0,3.0,701.0,1526077.0
3296,4,4,7,2,6.0,2.0,2.0,183.0,394548.0
3297,4,4,48,1,1.0,3.0,1.0,174.0,239598.0
3298,3,2,9,2,6.0,3.0,2.0,693.0,1156617.0
3299,8,8,14,5,4.0,3.0,2.0,326.0,645480.0
3300,8,9,3,2,4.0,4.0,2.0,728.0,1032304.0
3301,6,1,23,5,4.0,4.0,4.0,484.0,442860.0
3302,1,7,22,2,5.0,5.0,4.0,298.0,392466.0
3303,2,5,6,1,2.0,3.0,1.0,248.0,432264.0
3304,8,10,49,4,4.0,2.0,1.0,246.0,336528.0
3305,1,7,43,2,5.0,5.0,4.0,221.0,458796.0
3306,6,1,39,2,4.0,6.0,2.0,254.0,228092.0
3307,7,6,18,1,3.0,2.0,2.0,69.0,122889.0
3308,8,9,51,3,4.0,4.0,3.0,504.0,1178856.0
3309,6,1,23,1,2.0,1.0,1.0,71.0,152224.0
3310,3,2,10,2,6.0,3.0,3.0,689.0,1374555.0
3311,1,7,21,1,1.0,2.0,1.0,106.0,213060.0
3312,7,6,28,5,6.0,6.0,4.0,194.0,451826.0
3313,2,5,12,1,3.0,4.0,2.0,201.0,346926.0
3314,1,7,46,1,2.0,1.0,2.0,204.0,403920.0
3315,5,3,41,2,5.0,4.0,2.0,712.0,1490928.0
3316,3,2,5,2,3.0,2.0,3.0,519.0,887490.0
3317,6,1,33,2,5.0,4.0,3.0,224.0,228256.0
3318,4,4,15,2,6.0,2.0,2.0,608.0,1343072.0
3319,3,2,9,2,3.0,3.0,3.0,405.0,1349460.0
3320,1,7,46,2,6.0,5.0,4.0,344.0,743384.0
3321,5,3,16,2,5.0,5.0,3.0,364.0,550004.0
3322,1,7,46,2,4.0,3.0,4.0,324.0,441612.0
3323,8,9,3,1,1.0,1.0,2.0,70.0,142100.0
3324,8,9,13,2,5.0,4.0,2.0,587.0,1220373.0
3325,8,8,14,1,3.0,4.0,2.0,199.0,230442.0
3326,4,4,7,5,6.0,2.0,2.0,464.0,550304.0
3327,2,5,17,2,4.0,3.0,4.0,327.0,693240.0
3328,2,5,53,1,3.0,2.0,1.0,71.0,124889.0
3329,3,2,9,1,2.0,1.0,2.0,55.0,118140.0
3330,5,3,16,1,1.0,4.0,1.0,75.0,157050.0
3331,7,6,11,1,2.0,1.0,2.0,72.0,139248.0
3332,6,1,39,3,3.0,3.0,3.0,343.0,929187.0
3333,8,9,44,1,2.0,4.0,1.0,151.0,234503.0
3334,8,9,13,1,2.0,1.0,1.0,200.0,284200.0
3335,3,2,9,1,3.0,1.0,1.0,88.0,162536.0
3336,4,4,47,1,1.0,1.0,1.0,214.0,341972.0
3337,8,10,49,1,4.0,4.0,1.0,204.0,250104.0
3338,1,7,36,1,2.0,3.0,2.0,75.0,217500.0
3339,8,9,3,5,6.0,4.0,4.0,684.0,671004.0
3340,3,2,10,1,3.0,1.0,2.0,198.0,275616.0
3341,8,10,25,2,5.0,3.0,2.0,419.0,426961.0
3342,4,4,48,1,1.0,3.0,2.0,146.0,247178.0
3343,6,1,39,2,4.0,5.0,2.0,301.0,634809.0
3344,7,6,50,2,3.0,2.0,4.0,642.0,1201182.0
3345,4,4,48,1,3.0,1.0,2.0,95.0,196080.0
3346,4,4,47,2,4.0,6.0,2.0,508.0,927608.0
3347,3,2,9,1,1.0,1.0,1.0,83.0,206172.0
3348,8,8,31,2,6.0,6.0,4.0,632.0,568168.0
3349,4,4,48,1,2.0,3.0,1.0,84.0,118356.0
3350,8,10,32,2,5.0,6.0,2.0,253.0,286396.0
3351,4,4,38,1,3.0,4.0,1.0,177.0,224967.0
3352,8,8,14,5,5.0,3.0,2.0,221.0,200889.0
3353,8,10,32,5,4.0,6.0,4.0,332.0,447536.0
3354,8,8,20,2,6.0,4.0,4.0,694.0,1129832.0
3355,4,4,38,2,6.0,6.0,4.0,444.0,471084.0
3356,6,1,39,1,4.0,4.0,2.0,195.0,242970.0
3357,2,5,8,3,3.0,3.0,2.0,270.0,862920.0
3358,1,7,43,5,4.0,5.0,3.0,479.0,587254.0
3359,4,4,48,5,4.0,4.0,2.0,327.0,604623.0
3360,8,9,13,1,3.0,2.0,1.0,175.0,323400.0
3361,4,4,15,3,4.0,5.0,3.0,430.0,873760.0
3362,3,2,5,1,4.0,2.0,1.0,121.0,204369.0
3363,2,5,6,2,6.0,3.0,3.0,185.0,313760.0
3364,5,3,37,4,4.0,3.0,2.0,186.0,331638.0
3365,8,8,20,5,3.0,5.0,2.0,638.0,1087790.0
3366,6,1,33,1,2.0,3.0,1.0,207.0,414414.0
3367,5,3,37,2,5.0,3.0,2.0,314.0,636792.0
3368,8,8,14,1,3.0,1.0,1.0,87.0,130587.0
3369,7,6,52,1,1.0,3.0,2.0,176.0,360624.0
3370,8,9,13,2,5.0,2.0,3.0,204.0,258264.0
3371,8,10,40,2,6.0,6.0,4.0,327.0,440469.0
3372,8,10,32,1,2.0,1.0,2.0,131.0,161261.0
3373,4,4,48,1,4.0,1.0,2.0,100.0,193300.0
3374,8,10,40,5,6.0,3.0,2.0,295.0,291165.0
3375,8,9,3,2,3.0,6.0,3.0,695.0,972305.0
3376,8,9,44,5,4.0,3.0,2.0,613.0,1087462.0
3377,5,3,16,2,4.0,6.0,4.0,595.0,1113245.0
3378,8,8,31,2,3.0,4.0,4.0,439.0,918388.0
3379,7,6,26,5,4.0,2.0,4.0,559.0,954772.0
3380,7,6,24,2,4.0,3.0,3.0,558.0,580878.0
3381,5,3,37,1,1.0,1.0,1.0,134.0,227398.0
3382,4,4,47,1,1.0,1.0,1.0,184.0,394312.0
3383,5,3,41,1,1.0,3.0,2.0,213.0,263907.0
3384,1,7,22,2,4.0,2.0,3.0,595.0,974610.0
3385,3,2,5,2,4.0,4.0,2.0,714.0,1534386.0
3386,8,8,14,1,2.0,4.0,2.0,167.0,292918.0
3387,2,5,12,2,3.0,6.0,4.0,192.0,203712.0
3388,4,4,38,3,4.0,4.0,3.0,276.0,689172.0
3389,6,1,39,2,3.0,6.0,2.0,338.0,607386.0
3390,8,8,45,5,4.0,5.0,4.0,285.0,496470.0
3391,8,8,1,1,4.0,4.0,2.0,78.0,99372.0
3392,5,3,41,1,4.0,4.0,2.0,198.0,299574.0
3393,8,10,40,1,4.0,1.0,2.0,57.0,101517.0
3394,3,2,9,1,3.0,3.0,1.0,200.0,561600.0
3395,4,4,15,1,2.0,3.0,1.0,143.0,227370.0
3396,8,10,40,2,6.0,5.0,4.0,325.0,338975.0
3397,6,1,39,1,1.0,1.0,2.0,188.0,309824.0
3398,4,4,48,1,2.0,1.0,1.0,51.0,71910.0
3399,3,2,5,2,6.0,3.0,3.0,573.0,991290.0
3400,5,3,41,5,4.0,4.0,3.0,251.0,541156.0
3401,2,5,53,1,2.0,3.0,1.0,182.0,338338.0
3402,7,6,26,2,4.0,2.0,4.0,658.0,815920.0
3403,1,7,46,3,4.0,3.0,4.0,224.0,628992.0
3404,6,1,33,1,2.0,4.0,2.0,170.0,345610.0
3405,8,8,1,5,5.0,3.0,3.0,311.0,705659.0
3406,6,1,39,1,4.0,2.0,1.0,249.0,305025.0
3407,1,7,19,3,3.0,3.0,2.0,292.0,604440.0
3408,8,9,3,2,5.0,5.0,2.0,233.0,364412.0
3409,6,1,39,1,4.0,1.0,2.0,80.0,165760.0
3410,8,8,45,1,4.0,3.0,2.0,153.0,310896.0
3411,4,4,15,2,6.0,6.0,2.0,379.0,545002.0
3412,7,6,24,2,5.0,3.0,2.0,468.0,530244.0
3413,4,4,15,2,6.0,6.0,2.0,366.0,406260.0
3414,8,8,29,2,5.0,3.0,4.0,193.0,345277.0
3415,1,7,27,1,4.0,2.0,2.0,62.0,82646.0
3416,2,5,17,1,1.0,1.0,2.0,59.0,76464.0
3417,1,7,35,1,2.0,4.0,1.0,57.0,188328.0
3418,1,7,4,1,2.0,3.0,2.0,136.0,276488.0
3419,3,2,9,2,5.0,6.0,4.0,391.0,959123.0
3420,6,1,33,1,1.0,3.0,2.0,170.0,218620.0
3421,7,6,26,2,6.0,5.0,3.0,425.0,496825.0
3422,1,7,21,2,6.0,3.0,4.0,597.0,1024452.0
3423,2,5,8,1,2.0,3.0,2.0,187.0,516494.0
3424,7,6,11,4,4.0,2.0,2.0,50.0,59000.0
3425,1,7,4,2,6.0,2.0,2.0,491.0,1087565.0
3426,4,4,47,1,1.0,3.0,2.0,103.0,143479.0
3427,6,1,33,1,2.0,1.0,1.0,110.0,193050.0
3428,4,4,7,1,2.0,1.0,1.0,64.0,77824.0
3429,1,7,34,2,4.0,2.0,4.0,634.0,1215378.0
3430,8,8,31,2,5.0,6.0,2.0,357.0,688296.0
3431,8,10,49,1,3.0,1.0,2.0,189.0,277452.0
3432,5,3,41,2,4.0,2.0,3.0,405.0,869535.0
3433,6,1,23,1,2.0,4.0,2.0,93.0,106950.0
3434,3,2,9,2,4.0,5.0,4.0,248.0,601152.0
3435,5,3,16,1,3.0,4.0,1.0,138.0,214038.0
3436,8,8,2,5,3.0,2.0,3.0,741.0,951444.0
3438,7,6,11,2,3.0,4.0,2.0,612.0,1279692.0
3439,8,10,32,4,3.0,1.0,1.0,153.0,320382.0
3440,4,4,48,1,1.0,4.0,2.0,151.0,204756.0
3441,3,2,10,5,4.0,5.0,2.0,622.0,1222230.0
3442,3,2,10,1,1.0,1.0,2.0,248.0,354640.0
3443,6,1,23,2,4.0,3.0,3.0,622.0,1082280.0
3444,6,1,39,5,3.0,6.0,4.0,379.0,669314.0
3445,4,4,47,3,4.0,3.0,2.0,501.0,1408812.0
3446,5,3,41,5,3.0,5.0,3.0,427.0,640927.0
3447,5,3,41,2,5.0,4.0,4.0,668.0,1224444.0
3448,6,1,33,1,4.0,4.0,2.0,56.0,83104.0
3449,3,2,5,4,1.0,3.0,1.0,68.0,115260.0
3450,8,8,2,1,4.0,3.0,2.0,191.0,283635.0
3451,5,3,37,4,2.0,3.0,2.0,139.0,179310.0
3452,3,2,10,1,1.0,3.0,2.0,60.0,72840.0
3453,2,5,6,2,4.0,4.0,3.0,365.0,700800.0
3454,6,1,39,5,6.0,4.0,4.0,654.0,621954.0
3455,8,10,25,1,2.0,1.0,1.0,76.0,106932.0
3456,2,5,53,2,6.0,2.0,3.0,461.0,553200.0
3457,5,3,37,1,1.0,2.0,1.0,91.0,142415.0
3458,4,4,38,2,3.0,6.0,2.0,573.0,684162.0
3459,1,7,36,1,4.0,2.0,1.0,84.0,212856.0
3460,8,9,44,1,4.0,2.0,2.0,229.0,463496.0
3461,2,5,8,1,3.0,1.0,2.0,176.0,351296.0
3462,7,6,30,1,3.0,4.0,2.0,115.0,138115.0
3463,4,4,38,3,3.0,1.0,4.0,375.0,756750.0
3464,8,10,49,1,1.0,3.0,2.0,217.0,429226.0
3465,3,2,10,1,4.0,3.0,1.0,220.0,362560.0
3466,3,2,9,1,2.0,3.0,2.0,211.0,466521.0
3467,4,4,48,2,6.0,4.0,4.0,500.0,671000.0
3468,8,9,51,5,6.0,5.0,3.0,717.0,1300638.0
3469,1,7,46,3,4.0,3.0,2.0,429.0,1179321.0
3470,3,2,9,1,3.0,3.0,1.0,236.0,724520.0
3471,5,3,41,1,1.0,3.0,1.0,245.0,422625.0
3472,2,5,6,1,1.0,2.0,2.0,152.0,311448.0
3473,8,9,51,2,4.0,4.0,2.0,380.0,764180.0
3474,1,7,19,1,4.0,2.0,2.0,119.0,215033.0
3475,1,7,21,1,1.0,1.0,2.0,85.0,151810.0
3476,3,2,5,2,3.0,3.0,4.0,184.0,269376.0
3477,2,5,6,1,1.0,3.0,1.0,137.0,214268.0
3478,8,8,20,3,5.0,4.0,4.0,339.0,663762.0
3479,6,1,39,5,5.0,3.0,2.0,282.0,303996.0
3480,8,9,3,1,1.0,3.0,1.0,152.0,278616.0
3481,8,9,44,5,4.0,6.0,3.0,569.0,697025.0
3482,2,5,6,1,3.0,4.0,1.0,185.0,276390.0
3483,3,2,10,1,3.0,3.0,2.0,70.0,114170.0
3484,4,4,47,1,1.0,2.0,2.0,74.0,93240.0
3485,6,1,39,3,4.0,4.0,3.0,380.0,741000.0
3486,6,1,39,2,6.0,3.0,3.0,370.0,726310.0
3487,8,8,45,1,2.0,4.0,2.0,148.0,191660.0
3488,8,9,51,1,4.0,3.0,2.0,234.0,337194.0
3489,4,4,15,5,4.0,5.0,2.0,706.0,972162.0
3490,3,2,9,1,4.0,4.0,1.0,53.0,100276.0
3491,4,4,38,2,6.0,3.0,2.0,420.0,888720.0
3492,5,3,16,3,4.0,5.0,3.0,250.0,534000.0
3493,2,5,6,1,2.0,2.0,2.0,162.0,253692.0
3494,8,8,20,4,2.0,3.0,1.0,248.0,292144.0
3495,7,6,50,5,3.0,4.0,4.0,335.0,323945.0
3496,8,9,13,1,2.0,4.0,2.0,143.0,170742.0
3497,8,9,3,1,2.0,1.0,1.0,115.0,157665.0
3498,6,1,23,1,4.0,4.0,2.0,97.0,119310.0
3499,8,8,31,1,1.0,3.0,2.0,99.0,126126.0
3500,3,2,10,2,5.0,3.0,3.0,561.0,734910.0
3501,8,8,1,1,2.0,4.0,2.0,80.0,105520.0
3502,2,5,6,1,1.0,4.0,1.0,149.0,267455.0
3503,8,8,45,2,4.0,6.0,2.0,617.0,702763.0
3504,5,3,37,1,4.0,2.0,1.0,90.0,117000.0
3505,5,3,41,2,3.0,4.0,3.0,403.0,903123.0
3506,6,1,23,1,1.0,1.0,2.0,85.0,172040.0
3507,6,1,33,1,3.0,3.0,1.0,145.0,217790.0
3508,1,7,22,2,3.0,2.0,2.0,186.0,207948.0
3509,4,4,38,2,6.0,6.0,4.0,215.0,276490.0
3510,7,6,50,5,4.0,6.0,3.0,695.0,1159260.0
3511,6,1,23,2,3.0,4.0,2.0,390.0,549510.0
3512,4,4,48,1,3.0,1.0,1.0,111.0,218448.0
3513,3,2,10,2,3.0,3.0,4.0,315.0,555660.0
3514,8,9,51,2,5.0,2.0,2.0,430.0,612750.0
3515,4,4,47,2,5.0,3.0,2.0,182.0,191282.0
3516,8,10,40,1,2.0,2.0,1.0,247.0,371241.0
3517,8,8,2,1,1.0,4.0,1.0,156.0,174408.0
3518,8,10,25,1,4.0,2.0,2.0,203.0,228375.0
3519,6,1,39,1,3.0,4.0,2.0,173.0,255521.0
3520,1,7,36,2,4.0,2.0,3.0,282.0,416514.0
3521,6,1,33,1,4.0,2.0,2.0,193.0,356471.0
3522,1,7,46,5,5.0,2.0,2.0,401.0,717389.0
3523,1,7,46,1,1.0,1.0,2.0,254.0,437388.0
3524,2,5,42,3,4.0,5.0,3.0,292.0,806796.0
3525,4,4,15,1,1.0,2.0,2.0,159.0,337080.0
3526,8,8,20,1,1.0,4.0,1.0,158.0,251536.0
3527,5,3,16,1,2.0,4.0,2.0,248.0,496496.0
3528,3,2,9,3,4.0,4.0,3.0,326.0,1232280.0
3529,8,8,20,1,4.0,3.0,1.0,92.0,127512.0
3530,8,10,49,1,1.0,3.0,2.0,251.0,476900.0
3531,4,4,7,1,2.0,2.0,1.0,125.0,165750.0
3532,8,8,2,1,1.0,3.0,1.0,210.0,274890.0
3533,2,5,8,2,4.0,2.0,4.0,586.0,1760930.0
3534,4,4,7,5,6.0,4.0,3.0,207.0,281934.0
3535,4,4,15,1,4.0,4.0,1.0,105.0,196560.0
3536,3,2,10,1,2.0,1.0,1.0,121.0,187550.0
3537,6,1,39,1,2.0,4.0,1.0,226.0,284986.0
3538,2,5,12,4,2.0,1.0,1.0,173.0,210714.0
3539,4,4,15,1,3.0,1.0,1.0,117.0,140634.0
3540,4,4,7,1,1.0,4.0,1.0,82.0,116522.0
3541,7,6,52,2,4.0,2.0,2.0,729.0,789507.0
3542,6,1,39,1,4.0,1.0,2.0,135.0,272295.0
3543,3,2,10,1,3.0,4.0,2.0,198.0,399762.0
3544,5,3,41,2,4.0,3.0,2.0,682.0,752928.0
3545,8,8,14,1,4.0,3.0,2.0,141.0,182454.0
3546,3,2,10,1,1.0,1.0,2.0,69.0,145452.0
3547,8,10,49,1,2.0,1.0,2.0,101.0,130492.0
3548,8,9,44,4,3.0,3.0,2.0,259.0,379176.0
3549,4,4,47,1,3.0,4.0,1.0,174.0,372012.0
3550,8,8,1,1,2.0,1.0,2.0,185.0,266585.0
3551,1,7,35,1,1.0,4.0,1.0,159.0,520248.0
3552,2,5,8,1,2.0,1.0,2.0,106.0,246026.0
3553,4,4,47,5,4.0,2.0,3.0,719.0,1095756.0
3554,7,6,24,1,1.0,3.0,1.0,112.0,232400.0
3555,8,9,13,1,3.0,3.0,1.0,137.0,268794.0
3556,8,10,25,2,5.0,3.0,4.0,337.0,386539.0
3557,2,5,42,2,5.0,2.0,4.0,368.0,555680.0
3558,3,2,9,1,3.0,4.0,2.0,95.0,193895.0
3559,8,9,3,1,1.0,1.0,2.0,109.0,178106.0
3560,2,5,42,2,4.0,6.0,3.0,505.0,670640.0
3561,8,8,14,1,1.0,2.0,1.0,247.0,509561.0
3562,5,3,16,1,3.0,1.0,2.0,228.0,393528.0
3563,2,5,12,1,2.0,3.0,1.0,193.0,281780.0
3564,8,8,45,1,2.0,3.0,1.0,157.0,301440.0
3565,3,2,9,2,4.0,3.0,4.0,661.0,1273086.0
3566,4,4,48,2,4.0,2.0,3.0,411.0,944067.0
3567,7,6,24,1,2.0,3.0,1.0,216.0,313416.0
3568,8,9,13,2,4.0,2.0,3.0,431.0,529268.0
3569,8,10,32,1,1.0,1.0,1.0,216.0,374544.0
3570,7,6,30,2,5.0,3.0,4.0,211.0,247292.0
3571,7,6,28,5,5.0,2.0,4.0,495.0,1341450.0
3572,4,4,15,1,1.0,1.0,2.0,218.0,268794.0
3573,2,5,17,4,1.0,3.0,1.0,129.0,272577.0
3574,2,5,8,1,1.0,2.0,2.0,59.0,160480.0
3575,7,6,11,1,3.0,1.0,1.0,180.0,263880.0
3576,4,4,47,1,1.0,1.0,1.0,131.0,246935.0
3577,2,5,12,2,4.0,2.0,4.0,358.0,481510.0
3578,6,1,23,1,4.0,4.0,1.0,248.0,357864.0
3579,5,3,16,2,6.0,2.0,4.0,436.0,453440.0
3580,8,8,31,5,4.0,6.0,4.0,196.0,415912.0
3581,8,10,49,2,4.0,4.0,2.0,567.0,974673.0
3582,8,9,3,2,4.0,3.0,3.0,709.0,1384677.0
3583,5,3,37,4,3.0,2.0,2.0,144.0,188496.0
3584,3,2,5,1,3.0,1.0,2.0,248.0,456568.0
3585,7,6,11,2,4.0,5.0,4.0,316.0,627260.0
3586,2,5,42,2,5.0,3.0,3.0,202.0,410464.0
3587,2,5,8,4,3.0,3.0,2.0,211.0,364819.0
3588,8,10,32,5,6.0,4.0,3.0,394.0,594940.0
3589,5,3,37,5,6.0,5.0,3.0,225.0,310275.0
3590,6,1,33,5,4.0,2.0,2.0,528.0,745008.0
3591,8,9,44,2,5.0,4.0,4.0,591.0,1309065.0
3592,4,4,38,4,4.0,4.0,2.0,166.0,188078.0
3593,4,4,47,1,1.0,4.0,1.0,71.0,116014.0
3594,5,3,16,3,3.0,3.0,2.0,488.0,992104.0
3595,6,1,33,1,4.0,3.0,2.0,160.0,282720.0
3596,1,7,27,2,6.0,2.0,4.0,278.0,455086.0
3597,6,1,39,2,4.0,3.0,3.0,392.0,628376.0
3598,5,3,41,4,3.0,1.0,2.0,132.0,149688.0
3599,2,5,17,1,2.0,4.0,2.0,129.0,153897.0
3600,8,9,13,3,5.0,4.0,2.0,461.0,1198139.0
3601,5,3,37,5,6.0,2.0,3.0,214.0,238824.0
3602,2,5,6,4,2.0,3.0,2.0,159.0,231027.0
3603,4,4,15,1,1.0,4.0,1.0,182.0,307216.0
3604,5,3,37,1,4.0,1.0,2.0,100.0,176100.0
3605,3,2,5,2,3.0,2.0,2.0,324.0,566676.0
3606,3,2,10,1,3.0,1.0,1.0,50.0,85100.0
3607,3,2,5,2,6.0,5.0,3.0,716.0,1159920.0
3608,6,1,33,5,6.0,4.0,3.0,330.0,315150.0
3609,8,10,32,2,5.0,4.0,2.0,444.0,743700.0
3610,3,2,10,1,2.0,2.0,1.0,187.0,233189.0
3611,8,9,3,2,6.0,5.0,2.0,668.0,632596.0
3612,6,1,33,5,6.0,4.0,3.0,545.0,977730.0
3613,6,1,23,2,6.0,3.0,3.0,430.0,710790.0
3614,6,1,39,1,1.0,4.0,2.0,117.0,247455.0
3615,2,5,12,2,5.0,3.0,3.0,694.0,1064596.0
3616,8,9,13,5,6.0,5.0,3.0,208.0,278928.0
3617,6,1,23,1,4.0,3.0,1.0,117.0,164619.0
3618,1,7,19,1,3.0,1.0,2.0,202.0,406222.0
3619,2,5,8,2,3.0,4.0,3.0,392.0,1326920.0
3620,8,10,25,1,1.0,1.0,1.0,196.0,326928.0
3621,1,7,43,1,3.0,2.0,1.0,240.0,406560.0
3622,7,6,50,2,5.0,5.0,3.0,431.0,668050.0
3623,8,9,3,5,4.0,5.0,3.0,212.0,454104.0
3624,1,7,36,2,3.0,6.0,4.0,260.0,400140.0
3625,1,7,21,5,5.0,5.0,2.0,260.0,540280.0
3626,5,3,41,1,4.0,3.0,1.0,72.0,94176.0
3627,2,5,12,2,6.0,4.0,3.0,616.0,619696.0
3628,7,6,30,1,4.0,1.0,2.0,180.0,377460.0
3629,1,7,22,1,4.0,4.0,2.0,190.0,266190.0
3630,5,3,37,1,2.0,3.0,2.0,137.0,255779.0
3631,1,7,46,1,1.0,3.0,1.0,229.0,360904.0
3632,8,10,25,1,2.0,4.0,2.0,123.0,139605.0
3633,2,5,42,5,4.0,6.0,4.0,612.0,738684.0
3634,8,9,51,2,5.0,2.0,2.0,270.0,523530.0
3635,4,4,48,2,6.0,4.0,3.0,429.0,551694.0
3636,3,2,10,5,5.0,5.0,4.0,692.0,1069140.0
3637,8,9,13,1,3.0,2.0,1.0,98.0,173460.0
3638,5,3,16,2,3.0,3.0,4.0,411.0,773913.0
3639,6,1,39,2,5.0,2.0,4.0,596.0,1011412.0
3640,7,6,52,1,1.0,2.0,1.0,102.0,188700.0
3641,8,8,29,1,1.0,2.0,2.0,181.0,337565.0
3642,8,10,49,3,4.0,4.0,4.0,260.0,575900.0
3643,8,10,49,1,1.0,4.0,2.0,137.0,166866.0
3644,5,3,41,1,1.0,2.0,2.0,134.0,246426.0
3645,3,2,9,1,3.0,2.0,1.0,187.0,440572.0
3646,8,8,29,2,3.0,6.0,4.0,222.0,213786.0
3647,8,10,25,5,6.0,3.0,3.0,310.0,709900.0
3648,5,3,37,1,2.0,1.0,2.0,197.0,403456.0
3649,8,10,25,5,3.0,3.0,2.0,707.0,1055551.0
3650,8,9,44,3,4.0,3.0,2.0,371.0,861462.0
3651,8,8,20,2,5.0,4.0,3.0,380.0,364800.0
3652,8,8,14,2,4.0,2.0,3.0,483.0,420693.0
3653,6,1,23,1,1.0,1.0,2.0,142.0,244240.0
3654,2,5,42,1,4.0,2.0,2.0,133.0,228893.0
3655,8,8,2,1,2.0,1.0,1.0,154.0,253484.0
3656,2,5,8,2,5.0,2.0,4.0,285.0,395580.0
3657,4,4,47,3,5.0,4.0,4.0,414.0,1143054.0
3658,8,8,1,2,4.0,3.0,4.0,436.0,490064.0
3659,8,8,45,1,4.0,2.0,1.0,225.0,285975.0
3660,6,1,23,3,4.0,3.0,4.0,415.0,1147890.0
3661,5,3,16,4,1.0,2.0,2.0,177.0,225852.0
3662,1,7,36,1,2.0,2.0,2.0,176.0,372240.0
3663,8,9,44,2,4.0,3.0,2.0,211.0,199395.0
3664,6,1,23,1,4.0,2.0,2.0,256.0,381696.0
3665,3,2,5,3,3.0,5.0,3.0,265.0,557560.0
3666,2,5,8,3,3.0,4.0,4.0,482.0,2102966.0
3667,1,7,4,3,5.0,4.0,2.0,414.0,657846.0
3668,7,6,24,2,4.0,4.0,2.0,608.0,963072.0
3669,7,6,52,2,6.0,6.0,3.0,222.0,451992.0
3670,1,7,22,5,5.0,5.0,3.0,445.0,564260.0
3671,1,7,35,3,4.0,5.0,3.0,440.0,1210440.0
3672,8,10,32,1,4.0,4.0,2.0,158.0,250588.0
3673,8,8,20,1,1.0,4.0,1.0,85.0,97495.0
3674,8,8,1,1,2.0,4.0,1.0,121.0,252527.0
3675,5,3,16,1,4.0,1.0,1.0,104.0,222768.0
3676,1,7,21,1,3.0,3.0,1.0,193.0,278885.0
3677,5,3,16,1,1.0,3.0,2.0,257.0,307629.0
3678,2,5,8,1,2.0,2.0,2.0,73.0,219146.0
3679,6,1,33,1,3.0,2.0,1.0,218.0,415508.0
3681,4,4,15,1,2.0,2.0,2.0,248.0,367040.0
3682,8,9,3,1,1.0,1.0,1.0,89.0,142578.0
3683,2,5,8,2,5.0,5.0,4.0,485.0,1687315.0
3684,4,4,48,3,5.0,4.0,4.0,229.0,629750.0
3685,4,4,15,1,2.0,4.0,2.0,237.0,396738.0
3686,5,3,16,5,6.0,4.0,2.0,261.0,345303.0
3687,2,5,53,2,6.0,4.0,3.0,517.0,1074326.0
3688,8,9,44,2,6.0,4.0,2.0,245.0,562275.0
3689,7,6,26,1,2.0,4.0,2.0,132.0,177672.0
3690,8,8,2,1,4.0,4.0,2.0,135.0,210330.0
3691,7,6,26,1,3.0,1.0,2.0,249.0,496008.0
3692,7,6,18,1,4.0,4.0,1.0,234.0,261144.0
3693,1,7,34,4,3.0,2.0,1.0,78.0,149058.0
3694,8,10,25,2,5.0,6.0,3.0,338.0,406614.0
3695,7,6,11,2,5.0,6.0,4.0,400.0,590000.0
3696,5,3,37,1,4.0,1.0,2.0,161.0,193200.0
3697,8,8,2,1,1.0,3.0,1.0,253.0,383801.0
3698,8,10,49,1,1.0,3.0,1.0,162.0,258390.0
3699,2,5,12,1,4.0,1.0,2.0,133.0,217322.0
3700,7,6,26,5,5.0,3.0,4.0,337.0,557398.0
3701,1,7,34,5,6.0,4.0,4.0,592.0,1270432.0
3702,8,9,44,2,5.0,3.0,3.0,486.0,1034208.0
3703,5,3,37,2,4.0,6.0,3.0,598.0,1052480.0
3704,8,9,13,1,2.0,1.0,2.0,132.0,203940.0
3705,3,2,9,5,6.0,5.0,3.0,507.0,1550913.0
3706,8,9,51,3,4.0,3.0,3.0,353.0,686585.0
3707,5,3,16,1,3.0,3.0,2.0,50.0,100650.0
3708,3,2,10,1,1.0,4.0,2.0,71.0,92584.0
3709,5,3,41,2,6.0,4.0,3.0,250.0,290750.0
3710,5,3,41,1,3.0,1.0,2.0,204.0,293352.0
3711,2,5,8,1,4.0,3.0,1.0,183.0,453840.0
3712,3,2,10,1,4.0,3.0,2.0,163.0,324207.0
3713,2,5,17,1,1.0,4.0,1.0,142.0,250914.0
3714,7,6,30,1,2.0,3.0,1.0,246.0,488064.0
3715,3,2,5,1,1.0,3.0,2.0,254.0,370078.0
3716,8,9,51,5,5.0,6.0,2.0,678.0,1138362.0
3717,8,10,49,5,5.0,3.0,3.0,654.0,1180470.0
3718,8,8,1,1,1.0,1.0,2.0,214.0,345824.0
3719,6,1,23,5,5.0,6.0,3.0,426.0,940608.0
3720,8,8,2,5,5.0,6.0,3.0,316.0,380464.0
3721,2,5,42,1,3.0,4.0,2.0,76.0,118332.0
3722,2,5,42,1,4.0,3.0,1.0,150.0,265950.0
3723,2,5,17,2,5.0,3.0,2.0,328.0,638944.0
3724,2,5,42,1,1.0,3.0,2.0,241.0,413797.0
3725,6,1,23,3,3.0,5.0,3.0,426.0,677340.0
3726,8,9,13,1,1.0,2.0,2.0,92.0,146096.0
3727,8,10,49,1,3.0,1.0,2.0,76.0,122740.0
3728,4,4,38,4,4.0,1.0,2.0,236.0,497724.0
3729,5,3,16,1,2.0,3.0,1.0,192.0,348480.0
3730,2,5,12,1,1.0,2.0,2.0,122.0,227286.0
3731,4,4,47,2,3.0,3.0,4.0,577.0,609312.0
3732,1,7,35,1,1.0,1.0,1.0,162.0,294192.0
3733,4,4,48,1,3.0,1.0,2.0,189.0,375165.0
3734,5,3,37,3,4.0,4.0,4.0,270.0,624780.0
3735,8,9,51,1,3.0,2.0,2.0,163.0,313286.0
3736,8,10,49,4,4.0,4.0,1.0,144.0,263376.0
3737,3,2,10,1,4.0,1.0,2.0,82.0,112504.0
3738,3,2,10,2,3.0,3.0,2.0,533.0,569244.0
3739,8,10,25,2,4.0,2.0,4.0,659.0,977956.0
3740,8,9,44,1,2.0,4.0,2.0,222.0,346320.0
3741,2,5,17,1,4.0,4.0,1.0,227.0,374096.0
3742,3,2,9,2,3.0,2.0,3.0,413.0,1020936.0
3743,4,4,15,1,2.0,4.0,1.0,181.0,263536.0
3744,2,5,8,3,5.0,4.0,2.0,461.0,1936200.0
3745,7,6,18,2,6.0,5.0,4.0,286.0,294866.0
3746,8,9,3,4,2.0,1.0,2.0,210.0,302400.0
3747,2,5,8,5,3.0,2.0,4.0,680.0,2280720.0
3748,3,2,10,5,4.0,4.0,4.0,493.0,816901.0
3749,2,5,17,4,3.0,4.0,2.0,229.0,352431.0
3750,8,9,13,1,3.0,3.0,2.0,69.0,91356.0
3751,3,2,9,1,3.0,1.0,1.0,147.0,460404.0
3752,8,10,25,1,2.0,1.0,1.0,191.0,249255.0
3753,5,3,37,1,4.0,3.0,1.0,187.0,312664.0
3754,6,1,33,2,4.0,3.0,2.0,256.0,354304.0
3755,3,2,9,2,5.0,4.0,2.0,279.0,465651.0
3756,8,9,44,2,4.0,5.0,2.0,380.0,324140.0
3757,3,2,5,5,6.0,4.0,3.0,674.0,636256.0
3758,5,3,37,4,4.0,4.0,1.0,189.0,299565.0
3759,6,1,23,2,5.0,2.0,3.0,611.0,1337479.0
3760,6,1,39,5,6.0,3.0,2.0,690.0,794190.0
3761,1,7,22,1,4.0,1.0,2.0,76.0,161576.0
3762,4,4,38,2,4.0,3.0,3.0,484.0,1059960.0
3763,2,5,17,2,6.0,5.0,3.0,291.0,598005.0
3765,1,7,34,1,4.0,1.0,1.0,126.0,172242.0
3766,2,5,53,4,4.0,1.0,1.0,191.0,237031.0
3767,2,5,12,1,2.0,4.0,1.0,198.0,376398.0
3768,6,1,33,1,2.0,1.0,2.0,113.0,139781.0
3769,5,3,37,1,4.0,2.0,2.0,93.0,178746.0
3770,1,7,4,2,6.0,6.0,4.0,205.0,405285.0
3771,3,2,5,1,3.0,1.0,1.0,204.0,321096.0
3772,8,10,49,1,3.0,2.0,1.0,51.0,98736.0
3773,2,5,17,2,5.0,2.0,3.0,498.0,767916.0
3774,7,6,26,1,3.0,1.0,1.0,91.0,115206.0
3775,7,6,24,3,3.0,3.0,4.0,345.0,651015.0
3776,8,8,29,1,4.0,1.0,1.0,136.0,275944.0
3777,8,8,45,3,3.0,4.0,4.0,233.0,441069.0
3778,1,7,27,1,4.0,1.0,2.0,68.0,92820.0
3779,7,6,26,2,3.0,5.0,3.0,733.0,970492.0
3780,3,2,10,1,2.0,4.0,2.0,193.0,314590.0
3781,8,8,2,1,4.0,4.0,2.0,220.0,438240.0
3782,1,7,36,1,2.0,3.0,2.0,217.0,683116.0
3783,8,10,25,1,4.0,2.0,1.0,108.0,168696.0
3784,8,9,13,1,4.0,4.0,2.0,243.0,515889.0
3785,7,6,50,2,3.0,4.0,4.0,467.0,906914.0
3786,1,7,34,1,4.0,2.0,1.0,188.0,242332.0
3787,2,5,17,2,5.0,4.0,2.0,675.0,644625.0
3788,6,1,39,1,3.0,3.0,2.0,155.0,207700.0
3789,8,8,1,2,6.0,5.0,3.0,640.0,1018240.0
3790,7,6,50,1,4.0,2.0,2.0,88.0,126720.0
3791,4,4,38,2,5.0,4.0,4.0,205.0,259530.0
3792,5,3,37,1,3.0,4.0,2.0,239.0,466767.0
3793,1,7,43,1,2.0,4.0,1.0,105.0,143850.0
3794,4,4,38,1,4.0,4.0,2.0,162.0,302454.0
3795,6,1,33,1,2.0,4.0,1.0,146.0,227176.0
3796,6,1,23,1,4.0,1.0,1.0,64.0,127744.0
3797,8,10,49,2,6.0,3.0,2.0,213.0,358479.0
3798,3,2,10,3,4.0,3.0,2.0,338.0,640172.0
3799,8,10,25,1,2.0,2.0,2.0,121.0,226996.0
3800,1,7,43,5,3.0,5.0,4.0,444.0,1020756.0
3801,8,10,25,1,3.0,2.0,1.0,137.0,273452.0
3802,3,2,5,1,2.0,3.0,1.0,84.0,179340.0
3803,2,5,8,1,1.0,1.0,2.0,117.0,293553.0
3804,3,2,10,1,4.0,3.0,1.0,77.0,103026.0
3805,5,3,41,1,1.0,3.0,1.0,142.0,257872.0
3806,7,6,11,1,1.0,3.0,1.0,163.0,316220.0
3807,7,6,11,1,1.0,4.0,2.0,190.0,382660.0
3808,3,2,5,2,4.0,2.0,2.0,313.0,374035.0
3809,8,8,20,5,6.0,2.0,2.0,513.0,1024461.0
3810,4,4,48,3,5.0,5.0,4.0,287.0,747635.0
3811,6,1,39,1,4.0,2.0,2.0,101.0,126856.0
3812,7,6,11,5,5.0,5.0,2.0,295.0,536900.0
3813,5,3,16,1,1.0,4.0,1.0,110.0,164780.0
3814,8,9,51,1,1.0,3.0,1.0,229.0,271136.0
3815,8,9,44,1,1.0,2.0,1.0,87.0,124062.0
3816,1,7,35,1,4.0,3.0,2.0,143.0,366938.0
3817,8,8,45,2,6.0,6.0,2.0,249.0,239787.0
3818,7,6,26,1,4.0,3.0,1.0,249.0,323700.0
3819,2,5,8,1,4.0,3.0,2.0,93.0,173538.0
3820,8,10,32,2,5.0,4.0,4.0,735.0,908460.0
3821,8,10,25,1,3.0,4.0,1.0,110.0,169620.0
3822,4,4,38,1,1.0,4.0,1.0,253.0,323840.0
3823,7,6,50,1,2.0,2.0,1.0,152.0,318288.0
3824,8,8,14,1,3.0,1.0,2.0,51.0,66045.0
3825,2,5,6,1,4.0,4.0,2.0,221.0,302770.0
3826,1,7,34,2,3.0,6.0,2.0,227.0,248338.0
3827,3,2,9,1,3.0,2.0,1.0,108.0,235116.0
3828,5,3,16,5,5.0,6.0,4.0,382.0,697532.0
3829,5,3,16,1,1.0,3.0,2.0,132.0,178860.0
3830,8,8,45,5,6.0,2.0,3.0,348.0,309372.0
3831,6,1,23,5,6.0,4.0,4.0,293.0,434812.0
3832,8,9,13,1,4.0,2.0,2.0,90.0,170010.0
3833,8,9,13,1,2.0,1.0,1.0,126.0,259812.0
3834,6,1,33,1,4.0,4.0,2.0,93.0,151404.0
3835,7,6,28,1,2.0,3.0,2.0,209.0,662948.0
3836,3,2,5,2,6.0,4.0,3.0,292.0,449972.0
3837,4,4,15,2,3.0,3.0,4.0,228.0,299364.0
3838,7,6,24,1,2.0,3.0,2.0,198.0,387486.0
3839,1,7,36,1,3.0,1.0,1.0,157.0,443996.0
3840,6,1,33,1,2.0,3.0,1.0,153.0,287946.0
3841,8,9,3,1,2.0,1.0,1.0,155.0,243660.0
3842,1,7,34,1,3.0,1.0,1.0,223.0,396940.0
3843,8,9,44,2,3.0,5.0,2.0,366.0,607926.0
3844,7,6,18,2,5.0,5.0,4.0,193.0,168489.0
3845,8,8,29,2,4.0,3.0,3.0,720.0,1013760.0
3846,6,1,23,2,4.0,4.0,4.0,607.0,1366357.0
3847,4,4,48,1,1.0,3.0,1.0,202.0,230280.0
3848,8,9,3,1,2.0,3.0,2.0,236.0,373588.0
3849,4,4,15,2,4.0,3.0,4.0,196.0,397096.0
3850,1,7,36,1,4.0,4.0,1.0,215.0,578995.0
3851,7,6,11,1,4.0,2.0,2.0,131.0,213792.0
3852,1,7,22,2,4.0,2.0,3.0,684.0,1419984.0
3853,8,9,51,1,4.0,3.0,2.0,196.0,305760.0
3854,5,3,37,1,2.0,4.0,1.0,120.0,210480.0
3855,8,10,40,1,3.0,2.0,2.0,192.0,298560.0
3856,2,5,17,2,3.0,3.0,2.0,200.0,367000.0
3857,8,10,49,1,2.0,1.0,1.0,108.0,212328.0
3858,7,6,18,5,4.0,4.0,3.0,439.0,392466.0
3859,5,3,41,1,4.0,2.0,1.0,111.0,174381.0
3860,2,5,6,1,1.0,4.0,1.0,82.0,131938.0
3861,8,9,13,2,3.0,5.0,4.0,271.0,433058.0
3862,2,5,42,1,4.0,1.0,2.0,212.0,255884.0
3863,7,6,11,2,5.0,4.0,3.0,492.0,489540.0
3864,8,8,29,1,3.0,3.0,1.0,83.0,145748.0
3865,8,10,25,3,5.0,3.0,4.0,266.0,534660.0
3866,2,5,6,1,2.0,3.0,2.0,245.0,303800.0
3867,5,3,41,5,3.0,4.0,4.0,689.0,1028677.0
3868,2,5,17,3,4.0,4.0,2.0,308.0,786632.0
3869,8,9,13,1,1.0,4.0,1.0,240.0,465600.0
3870,8,9,51,1,3.0,4.0,1.0,130.0,177970.0
3871,1,7,36,1,1.0,3.0,1.0,124.0,271932.0
3872,1,7,27,1,4.0,3.0,2.0,202.0,406424.0
3873,6,1,33,1,2.0,4.0,1.0,179.0,212294.0
3874,5,3,37,2,3.0,4.0,3.0,278.0,264656.0
3875,8,10,40,1,1.0,2.0,1.0,121.0,229900.0
3876,8,8,45,3,5.0,5.0,2.0,428.0,1087120.0
3877,6,1,39,1,3.0,1.0,2.0,157.0,187301.0
3878,2,5,53,2,6.0,4.0,3.0,750.0,1461000.0
3879,8,9,44,1,1.0,1.0,2.0,89.0,186811.0
3880,8,9,51,1,1.0,3.0,2.0,89.0,133055.0
3881,6,1,33,1,3.0,1.0,2.0,182.0,283374.0
3882,1,7,46,2,6.0,6.0,3.0,712.0,1477400.0
3883,5,3,41,4,3.0,1.0,2.0,138.0,231978.0
3884,5,3,41,2,6.0,2.0,3.0,576.0,1056384.0
3885,7,6,24,3,4.0,5.0,4.0,433.0,1047860.0
3886,2,5,6,5,5.0,5.0,2.0,266.0,457520.0
3887,7,6,50,1,3.0,3.0,2.0,103.0,177263.0
3888,8,10,25,1,4.0,2.0,1.0,54.0,62964.0
3889,8,9,13,1,3.0,4.0,2.0,244.0,375272.0
3890,8,10,32,1,4.0,2.0,1.0,223.0,336507.0
3891,8,8,45,1,4.0,1.0,1.0,156.0,205920.0
3892,2,5,42,1,2.0,1.0,1.0,86.0,140782.0
3893,1,7,4,4,3.0,3.0,2.0,56.0,68208.0
3894,2,5,42,1,1.0,1.0,1.0,195.0,412425.0
3895,4,4,48,2,6.0,3.0,3.0,566.0,593734.0
3896,4,4,7,2,5.0,3.0,4.0,405.0,900720.0
3897,1,7,36,2,3.0,4.0,2.0,500.0,908000.0
3898,5,3,16,1,2.0,1.0,2.0,227.0,378863.0
3899,8,8,45,4,4.0,3.0,2.0,155.0,293415.0
3900,8,9,44,1,3.0,1.0,2.0,90.0,125730.0
3901,2,5,8,1,3.0,4.0,1.0,51.0,113730.0
3902,8,9,3,2,4.0,4.0,2.0,561.0,915552.0
3903,6,1,23,5,3.0,3.0,3.0,260.0,572000.0
3904,2,5,12,1,1.0,3.0,1.0,182.0,261898.0
3905,3,2,9,1,4.0,4.0,2.0,61.0,126209.0
3906,8,9,3,1,4.0,3.0,2.0,174.0,203232.0
3907,5,3,41,1,2.0,4.0,1.0,133.0,184471.0
3908,6,1,23,1,3.0,3.0,2.0,89.0,100570.0
3909,8,9,3,1,3.0,2.0,2.0,187.0,356048.0
3910,8,10,25,2,6.0,3.0,3.0,258.0,377712.0
3911,2,5,6,2,3.0,2.0,4.0,212.0,482088.0
3912,8,9,44,1,1.0,3.0,1.0,204.0,328236.0
3913,5,3,16,2,3.0,2.0,3.0,645.0,670155.0
3914,3,2,10,5,3.0,2.0,4.0,308.0,460460.0
3915,4,4,38,2,5.0,5.0,3.0,745.0,1653900.0
3916,8,10,49,2,3.0,3.0,3.0,260.0,370500.0
3917,8,8,20,1,1.0,1.0,1.0,129.0,144351.0
3918,2,5,6,1,2.0,2.0,2.0,212.0,283444.0
3919,6,1,39,1,3.0,3.0,2.0,59.0,125552.0
3920,2,5,17,2,5.0,2.0,3.0,644.0,678776.0
3921,7,6,52,1,1.0,1.0,1.0,76.0,124412.0
3922,2,5,17,2,6.0,3.0,2.0,648.0,985608.0
3923,6,1,39,2,3.0,5.0,4.0,454.0,410870.0
3924,8,10,40,5,6.0,4.0,3.0,717.0,1269807.0
3925,1,7,34,3,3.0,5.0,2.0,337.0,776785.0
3926,5,3,16,2,6.0,4.0,2.0,184.0,301576.0
3927,1,7,21,2,6.0,4.0,2.0,246.0,563094.0
3928,3,2,9,1,4.0,2.0,1.0,225.0,409275.0
3929,8,8,1,4,4.0,3.0,2.0,154.0,199122.0
3930,8,9,13,2,3.0,5.0,3.0,201.0,195975.0
3931,7,6,52,2,6.0,5.0,4.0,487.0,973513.0
3932,4,4,38,5,5.0,6.0,3.0,709.0,703328.0
3933,6,1,33,5,4.0,5.0,2.0,205.0,196595.0
3934,6,1,23,2,3.0,5.0,3.0,407.0,890923.0
3935,6,1,23,1,3.0,2.0,1.0,258.0,303150.0
3936,6,1,39,2,3.0,5.0,2.0,613.0,586028.0
3937,1,7,22,1,2.0,1.0,2.0,123.0,209223.0
3938,8,8,2,1,4.0,4.0,2.0,108.0,170100.0
3939,8,10,49,1,4.0,3.0,2.0,91.0,142688.0
3940,5,3,37,1,1.0,2.0,1.0,142.0,227058.0
3941,1,7,36,1,2.0,4.0,2.0,139.0,331515.0
3942,4,4,47,4,4.0,4.0,1.0,76.0,154280.0
3943,8,10,49,1,2.0,3.0,2.0,233.0,328763.0
3944,8,10,49,5,6.0,4.0,4.0,429.0,910767.0
3945,8,9,44,1,4.0,4.0,1.0,116.0,146160.0
3946,8,10,49,1,1.0,4.0,2.0,162.0,189216.0
3947,4,4,47,1,1.0,4.0,1.0,131.0,268157.0
3948,5,3,37,2,3.0,5.0,2.0,527.0,474300.0
3949,4,4,38,1,2.0,3.0,2.0,150.0,257850.0
3950,4,4,7,5,6.0,2.0,2.0,483.0,1065981.0
3951,2,5,42,1,2.0,2.0,2.0,219.0,300030.0
3952,6,1,39,5,3.0,6.0,3.0,587.0,1199828.0
3953,8,9,13,1,1.0,3.0,1.0,209.0,304095.0
3954,4,4,47,2,3.0,2.0,4.0,236.0,240720.0
3955,2,5,17,2,3.0,6.0,3.0,377.0,754000.0
3956,7,6,30,4,1.0,2.0,1.0,109.0,120118.0
3957,1,7,46,1,2.0,3.0,2.0,196.0,235984.0
3958,3,2,5,1,2.0,2.0,1.0,65.0,106600.0
3959,7,6,18,1,4.0,2.0,2.0,142.0,248358.0
3960,4,4,47,1,2.0,1.0,1.0,85.0,97070.0
3961,4,4,7,1,4.0,3.0,1.0,173.0,326451.0
3962,8,8,31,1,2.0,1.0,1.0,98.0,190708.0
3963,7,6,18,1,4.0,2.0,2.0,179.0,266173.0
3964,2,5,53,1,1.0,4.0,2.0,161.0,267260.0
3965,1,7,21,2,3.0,6.0,4.0,413.0,907774.0
3966,8,9,13,2,4.0,5.0,3.0,284.0,343072.0
3967,4,4,38,2,5.0,6.0,4.0,508.0,603504.0
3968,8,9,13,2,6.0,4.0,3.0,488.0,1098000.0
3969,3,2,5,1,2.0,4.0,2.0,179.0,238249.0
3970,8,8,1,1,2.0,2.0,1.0,159.0,258693.0
3971,1,7,34,1,1.0,3.0,2.0,172.0,219128.0
3972,2,5,42,1,1.0,4.0,1.0,249.0,519414.0
3973,3,2,5,3,3.0,3.0,3.0,515.0,875500.0
3974,8,9,51,1,3.0,4.0,1.0,169.0,244036.0
3975,8,8,45,2,6.0,5.0,4.0,203.0,262479.0
3976,8,9,3,1,3.0,1.0,1.0,94.0,164876.0
3977,2,5,53,1,4.0,4.0,1.0,234.0,475488.0
3978,5,3,37,1,3.0,4.0,2.0,245.0,443205.0
3979,8,8,29,4,2.0,3.0,2.0,118.0,150332.0
3980,8,8,1,1,2.0,4.0,2.0,53.0,81991.0
3981,3,2,5,2,5.0,5.0,4.0,654.0,1132728.0
3982,8,8,1,2,5.0,3.0,2.0,392.0,357504.0
3983,1,7,46,2,6.0,3.0,2.0,700.0,1597400.0
3984,8,9,3,1,2.0,4.0,1.0,93.0,123318.0
3985,1,7,19,1,2.0,1.0,1.0,212.0,424636.0
3986,8,10,32,4,3.0,3.0,1.0,97.0,107185.0
3987,6,1,33,2,6.0,2.0,4.0,482.0,545624.0
3988,3,2,5,2,3.0,5.0,4.0,344.0,637432.0
3989,5,3,41,1,2.0,4.0,2.0,66.0,93786.0
3990,5,3,41,1,3.0,3.0,1.0,225.0,256275.0
3991,1,7,27,5,3.0,6.0,2.0,490.0,1107400.0
3992,3,2,5,1,2.0,4.0,1.0,103.0,123291.0
3993,1,7,21,1,4.0,2.0,1.0,111.0,195249.0
3994,1,7,4,1,2.0,1.0,1.0,221.0,365976.0
3995,8,9,13,2,6.0,4.0,2.0,297.0,516780.0
3996,5,3,37,5,3.0,6.0,2.0,605.0,1004905.0
3997,8,10,25,1,4.0,4.0,2.0,236.0,407100.0
3998,1,7,21,2,3.0,4.0,3.0,465.0,635655.0
3999,8,8,1,1,4.0,4.0,2.0,198.0,405900.0
4000,1,7,36,1,3.0,3.0,2.0,191.0,342081.0
4001,8,8,14,1,1.0,4.0,2.0,126.0,175392.0
4002,5,3,16,5,4.0,6.0,2.0,312.0,453960.0
4003,8,8,1,1,3.0,1.0,2.0,207.0,403857.0
4004,8,8,31,1,2.0,1.0,2.0,91.0,161798.0
4005,2,5,8,1,2.0,2.0,1.0,133.0,439033.0
4006,3,2,9,4,4.0,3.0,1.0,139.0,356535.0
4007,1,7,22,1,4.0,2.0,2.0,241.0,362946.0
4008,5,3,16,2,3.0,2.0,2.0,517.0,607475.0
4009,2,5,42,1,4.0,2.0,2.0,164.0,239768.0
4010,4,4,47,2,6.0,4.0,4.0,199.0,266063.0
4011,1,7,22,3,4.0,5.0,4.0,223.0,605222.0
4012,6,1,33,5,6.0,2.0,3.0,314.0,381196.0
4013,5,3,37,1,3.0,3.0,2.0,202.0,296940.0
4014,1,7,27,1,3.0,4.0,2.0,132.0,265452.0
4015,6,1,39,1,1.0,1.0,1.0,251.0,506769.0
4016,5,3,41,2,5.0,4.0,3.0,601.0,686342.0
4017,6,1,23,1,1.0,1.0,2.0,50.0,91500.0
4018,3,2,10,1,1.0,1.0,2.0,218.0,314574.0
4019,8,9,51,1,2.0,4.0,2.0,65.0,72475.0
4020,3,2,9,2,6.0,2.0,2.0,699.0,2330466.0
4021,5,3,41,1,2.0,1.0,2.0,121.0,229779.0
4022,8,8,31,2,4.0,6.0,4.0,670.0,1361440.0
4023,5,3,37,1,3.0,4.0,1.0,250.0,387750.0
4024,8,10,32,1,3.0,2.0,2.0,237.0,509076.0
4025,4,4,38,1,3.0,2.0,2.0,151.0,241147.0
4026,1,7,34,2,3.0,5.0,2.0,688.0,1411776.0
4027,7,6,30,1,3.0,4.0,2.0,254.0,440436.0
4028,7,6,18,5,3.0,5.0,3.0,354.0,609588.0
4029,8,9,44,1,3.0,3.0,1.0,126.0,255150.0
4030,2,5,12,2,6.0,2.0,4.0,445.0,605200.0
4031,2,5,12,1,2.0,3.0,1.0,168.0,332304.0
4032,2,5,12,5,6.0,6.0,2.0,688.0,1049200.0
4033,4,4,38,2,6.0,6.0,3.0,403.0,595231.0
4034,1,7,19,5,4.0,2.0,3.0,280.0,631680.0
4035,6,1,23,4,1.0,2.0,2.0,218.0,251136.0
4036,1,7,19,1,2.0,4.0,1.0,88.0,131120.0
4037,8,10,49,2,4.0,3.0,3.0,528.0,589248.0
4038,3,2,5,1,1.0,2.0,1.0,72.0,99576.0
4039,4,4,15,2,6.0,3.0,3.0,518.0,566174.0
4040,7,6,52,2,3.0,3.0,2.0,311.0,420783.0
4041,7,6,52,1,3.0,4.0,2.0,58.0,92626.0
4042,2,5,42,1,4.0,1.0,1.0,59.0,69797.0
4043,4,4,47,1,1.0,2.0,2.0,129.0,211947.0
4044,2,5,12,2,6.0,5.0,2.0,343.0,367010.0
4045,3,2,10,2,3.0,3.0,3.0,194.0,331158.0
4046,2,5,6,1,4.0,1.0,1.0,93.0,130758.0
4047,3,2,10,2,3.0,4.0,3.0,483.0,690690.0
4048,4,4,38,1,2.0,1.0,2.0,144.0,267408.0
4049,2,5,42,1,1.0,2.0,2.0,104.0,185224.0
4050,4,4,47,1,4.0,3.0,1.0,109.0,150420.0
4051,6,1,23,5,4.0,6.0,4.0,243.0,337284.0
4052,4,4,47,2,4.0,3.0,3.0,566.0,1246898.0
4053,8,9,44,5,3.0,3.0,4.0,368.0,425408.0
4054,1,7,34,1,3.0,1.0,2.0,76.0,154812.0
4055,5,3,37,1,4.0,1.0,1.0,137.0,180840.0
4056,8,9,51,2,4.0,4.0,3.0,213.0,380418.0
4057,4,4,38,1,2.0,1.0,2.0,96.0,120096.0
4058,3,2,10,2,4.0,3.0,4.0,254.0,526034.0
4059,8,9,44,1,2.0,1.0,1.0,136.0,212024.0
4060,1,7,19,2,4.0,5.0,2.0,236.0,470820.0
4061,8,9,3,1,4.0,4.0,2.0,96.0,194784.0
4062,1,7,27,2,5.0,5.0,4.0,734.0,1428364.0
4063,6,1,33,5,4.0,2.0,3.0,378.0,437724.0
4064,8,9,51,4,2.0,4.0,1.0,124.0,201996.0
4065,4,4,48,1,3.0,2.0,2.0,175.0,338800.0
4066,1,7,34,1,1.0,4.0,2.0,162.0,229716.0
4067,7,6,50,2,6.0,3.0,3.0,743.0,1339629.0
4068,7,6,52,1,3.0,1.0,2.0,50.0,82900.0
4069,4,4,15,1,4.0,1.0,2.0,72.0,100152.0
4070,5,3,41,1,4.0,2.0,2.0,89.0,170524.0
4071,3,2,9,1,2.0,2.0,2.0,225.0,434025.0
4072,4,4,15,2,3.0,2.0,3.0,380.0,706420.0
4073,8,8,31,1,4.0,1.0,2.0,149.0,285186.0
4074,3,2,10,2,4.0,2.0,4.0,591.0,959784.0
4075,7,6,52,4,3.0,1.0,1.0,169.0,251810.0
4076,8,8,20,1,3.0,2.0,2.0,110.0,205040.0
4077,7,6,18,5,3.0,2.0,4.0,267.0,564171.0
4078,3,2,10,2,3.0,6.0,3.0,182.0,416416.0
4079,8,8,45,2,6.0,5.0,2.0,555.0,665445.0
4080,1,7,19,1,1.0,1.0,2.0,123.0,149937.0
4081,7,6,28,2,5.0,5.0,4.0,568.0,1564272.0
4082,8,9,13,1,1.0,3.0,1.0,73.0,85483.0
4083,5,3,37,2,6.0,2.0,2.0,688.0,1367056.0
4084,2,5,6,1,1.0,3.0,1.0,88.0,159456.0
4085,7,6,52,2,4.0,6.0,2.0,213.0,216621.0
4086,1,7,4,1,4.0,3.0,2.0,118.0,241074.0
4087,2,5,53,2,6.0,4.0,4.0,642.0,952086.0
4088,7,6,11,1,4.0,3.0,1.0,64.0,107264.0
4089,8,8,45,2,5.0,3.0,3.0,478.0,444540.0
4090,2,5,6,3,3.0,3.0,3.0,533.0,1050010.0
4091,6,1,23,1,4.0,4.0,2.0,186.0,248310.0
4092,4,4,47,5,5.0,4.0,3.0,270.0,482490.0
4093,7,6,24,1,3.0,4.0,1.0,120.0,198960.0
4094,5,3,41,2,3.0,3.0,3.0,695.0,1160650.0
4095,8,9,13,1,3.0,4.0,2.0,117.0,207909.0
4096,1,7,34,1,4.0,2.0,1.0,116.0,216340.0
4097,8,10,49,2,6.0,6.0,2.0,279.0,303552.0
4098,8,8,31,4,3.0,1.0,2.0,155.0,305040.0
4099,3,2,10,1,3.0,2.0,1.0,69.0,110193.0
4100,2,5,12,1,2.0,1.0,2.0,235.0,353910.0
4101,7,6,24,5,3.0,3.0,2.0,608.0,846336.0
4102,8,9,13,1,4.0,2.0,1.0,135.0,240165.0
4103,7,6,11,5,6.0,6.0,2.0,324.0,317844.0
4104,7,6,52,4,3.0,3.0,2.0,128.0,242048.0
4105,1,7,22,2,4.0,5.0,2.0,673.0,1326483.0
4106,7,6,52,4,2.0,1.0,2.0,160.0,201600.0
4107,6,1,33,1,1.0,3.0,2.0,254.0,354330.0
4108,5,3,37,1,4.0,4.0,2.0,170.0,302090.0
4109,7,6,30,1,3.0,4.0,2.0,67.0,105994.0
4110,7,6,24,2,4.0,6.0,4.0,398.0,676998.0
4111,1,7,27,4,4.0,2.0,2.0,135.0,166185.0
4112,5,3,37,2,4.0,6.0,4.0,207.0,222939.0
4113,8,9,13,5,5.0,4.0,3.0,428.0,733592.0
4114,2,5,17,2,3.0,4.0,3.0,747.0,1249731.0
4115,8,9,3,1,2.0,1.0,2.0,57.0,111549.0
4116,2,5,12,2,3.0,4.0,2.0,284.0,461500.0
4117,1,7,4,1,4.0,3.0,1.0,113.0,136504.0
4118,8,10,32,4,2.0,4.0,1.0,187.0,364089.0
4119,8,9,13,2,5.0,5.0,2.0,244.0,259860.0
4120,8,9,51,2,3.0,5.0,4.0,370.0,736670.0
4121,6,1,39,1,1.0,4.0,2.0,69.0,120957.0
4122,7,6,50,1,3.0,4.0,2.0,109.0,198816.0
4123,4,4,15,1,3.0,1.0,1.0,92.0,134320.0
4124,2,5,8,2,4.0,6.0,4.0,733.0,1851558.0
4125,4,4,38,2,5.0,6.0,3.0,579.0,1190424.0
4126,5,3,41,1,2.0,2.0,2.0,164.0,192372.0
4127,2,5,8,2,3.0,3.0,4.0,351.0,1149525.0
4128,3,2,10,5,6.0,2.0,4.0,351.0,448929.0
4129,8,9,51,2,6.0,5.0,4.0,626.0,907700.0
4130,8,9,44,3,5.0,4.0,4.0,419.0,744982.0
4131,4,4,38,1,3.0,2.0,2.0,86.0,176042.0
4132,4,4,47,1,2.0,1.0,2.0,164.0,256332.0
4133,7,6,52,4,1.0,4.0,1.0,220.0,344520.0
4134,8,10,49,1,3.0,3.0,2.0,112.0,201600.0
4135,4,4,7,2,4.0,5.0,3.0,217.0,209188.0
4136,7,6,50,2,5.0,6.0,3.0,403.0,392522.0
4137,8,9,44,2,4.0,3.0,4.0,532.0,940044.0
4138,1,7,22,1,3.0,1.0,1.0,134.0,241200.0
4139,2,5,42,3,5.0,5.0,4.0,334.0,896790.0
4141,3,2,9,1,4.0,3.0,2.0,215.0,680475.0
4142,8,10,32,5,5.0,5.0,4.0,190.0,277020.0
4143,7,6,30,1,4.0,4.0,1.0,103.0,152749.0
4144,8,9,51,4,2.0,3.0,2.0,140.0,287280.0
4145,6,1,33,2,6.0,3.0,2.0,448.0,667520.0
4146,5,3,41,1,3.0,2.0,2.0,120.0,139800.0
4147,6,1,23,2,5.0,3.0,2.0,267.0,297171.0
4148,1,7,21,5,4.0,6.0,4.0,209.0,474430.0
4149,8,8,20,1,4.0,1.0,2.0,86.0,133988.0
4150,8,10,49,1,1.0,3.0,1.0,59.0,66906.0
4151,8,8,14,5,4.0,5.0,3.0,382.0,579494.0
4152,4,4,48,2,6.0,5.0,2.0,703.0,1260479.0
4153,8,8,14,3,4.0,5.0,3.0,537.0,1209861.0
4154,6,1,39,3,5.0,4.0,3.0,473.0,1039181.0
4155,5,3,16,1,3.0,3.0,1.0,137.0,241531.0
4156,8,10,32,2,3.0,5.0,2.0,487.0,926274.0
4157,2,5,42,5,4.0,6.0,3.0,344.0,778128.0
4158,2,5,8,1,3.0,2.0,1.0,166.0,546638.0
4159,8,9,51,1,3.0,1.0,1.0,206.0,304468.0
4160,8,8,14,5,5.0,5.0,3.0,482.0,724928.0
4161,8,9,51,5,3.0,3.0,3.0,574.0,1219750.0
4162,7,6,52,2,4.0,4.0,2.0,373.0,593816.0
4163,8,10,40,1,1.0,2.0,2.0,123.0,137637.0
4164,8,9,3,4,4.0,2.0,2.0,214.0,245030.0
4165,5,3,16,2,3.0,6.0,2.0,550.0,1210550.0
4166,8,9,13,1,3.0,1.0,1.0,122.0,253638.0
4167,5,3,16,2,4.0,3.0,3.0,489.0,822498.0
4168,1,7,35,1,1.0,1.0,1.0,254.0,676656.0
4169,8,10,49,5,5.0,5.0,2.0,386.0,497168.0
4170,5,3,41,1,2.0,4.0,2.0,189.0,368739.0
4171,8,8,20,1,3.0,2.0,1.0,246.0,329148.0
4172,8,9,51,1,1.0,2.0,1.0,107.0,126260.0
4173,8,8,14,1,3.0,1.0,1.0,208.0,250224.0
4174,3,2,10,1,1.0,4.0,2.0,127.0,233426.0
4175,8,9,3,2,3.0,6.0,4.0,216.0,410400.0
4176,8,9,51,1,2.0,3.0,2.0,193.0,293939.0
4177,8,8,45,4,2.0,4.0,2.0,175.0,211750.0
4178,7,6,18,3,3.0,3.0,4.0,331.0,867882.0
4179,5,3,37,1,4.0,3.0,1.0,132.0,153252.0
4180,8,8,20,1,2.0,1.0,1.0,119.0,195041.0
4181,5,3,16,1,4.0,1.0,2.0,182.0,377104.0
4182,4,4,15,2,6.0,5.0,3.0,337.0,533471.0
4183,6,1,33,2,6.0,3.0,2.0,583.0,526449.0
4184,8,10,32,4,1.0,1.0,1.0,130.0,260000.0
4185,1,7,21,1,4.0,2.0,1.0,158.0,302886.0
4186,6,1,33,2,5.0,5.0,4.0,586.0,974518.0
4187,5,3,37,5,4.0,3.0,2.0,652.0,633092.0
4188,1,7,19,2,5.0,6.0,2.0,207.0,421659.0
4189,6,1,33,2,3.0,6.0,3.0,382.0,519902.0
4190,8,9,3,2,3.0,5.0,3.0,727.0,1348585.0
4191,7,6,30,5,4.0,6.0,4.0,355.0,478540.0
4192,6,1,23,1,1.0,4.0,1.0,86.0,151790.0
4193,3,2,10,2,5.0,6.0,3.0,460.0,726340.0
4194,2,5,6,2,3.0,6.0,3.0,204.0,262956.0
4195,7,6,11,1,2.0,4.0,2.0,188.0,286136.0
4196,3,2,10,1,4.0,2.0,1.0,111.0,125874.0
4197,1,7,22,1,4.0,3.0,2.0,143.0,248391.0
4198,4,4,48,5,5.0,6.0,3.0,671.0,935374.0
4199,8,8,45,2,3.0,3.0,2.0,589.0,775124.0
4200,8,8,45,1,2.0,4.0,2.0,152.0,178752.0
