id,provincia,ciudad,sector,tipo_propiedad,habitaciones,banos,parqueos,m2_construccion,precio_usd
1,1,7,21,1,1.0,2.0,1.0,147.0,1529
2,6,1,39,5,4.0,4.0,3.0,394.0,3881
3,7,6,18,1,2.0,2.0,1.0,168.0,2078
4,7,6,28,1,1.0,2.0,1.0,256.0,3530
5,4,4,15,2,5.0,3.0,4.0,691.0,173
6,6,1,33,2,4.0,6.0,4.0,449.0,3953
7,4,4,38,1,2.0,2.0,2.0,73.0,3870
8,8,8,20,1,4.0,1.0,2.0,147.0,1985
9,3,2,5,4,1.0,1.0,2.0,246.0,2802
10,8,8,14,1,4.0,1.0,2.0,178.0,1650
11,3,2,9,5,5.0,6.0,4.0,383.0,3521
12,2,5,8,1,1.0,3.0,2.0,54.0,514
13,2,5,42,2,4.0,6.0,2.0,267.0,2995
14,8,8,2,1,2.0,2.0,2.0,190.0,1753
15,7,6,26,4,2.0,3.0,2.0,221.0,2643
16,6,1,39,1,2.0,2.0,1.0,136.0,838
17,5,3,41,2,4.0,2.0,2.0,240.0,2088
18,8,8,1,5,3.0,6.0,2.0,465.0,43
19,6,1,33,1,4.0,2.0,2.0,256.0,3000
20,8,10,25,2,6.0,4.0,3.0,600.0,105
21,1,7,35,2,5.0,2.0,2.0,376.0,3588
22,3,2,5,2,4.0,4.0,3.0,435.0,2770
23,6,1,39,2,3.0,2.0,2.0,350.0,3260
24,6,1,23,2,6.0,2.0,2.0,568.0,2971
25,4,4,15,3,4.0,4.0,3.0,504.0,389
26,6,1,33,2,4.0,2.0,4.0,735.0,3575
27,2,5,6,2,6.0,6.0,4.0,341.0,2174
28,3,2,9,5,3.0,6.0,2.0,420.0,118
29,8,8,29,2,3.0,6.0,2.0,609.0,331
30,5,3,41,1,3.0,2.0,2.0,111.0,1039
31,4,4,7,1,3.0,4.0,2.0,242.0,1977
32,1,7,19,1,1.0,1.0,1.0,179.0,1920
33,8,9,13,5,4.0,4.0,3.0,341.0,3283
34,3,2,10,1,1.0,3.0,1.0,84.0,700
35,8,8,1,1,2.0,3.0,2.0,204.0,2055
36,2,5,8,1,3.0,4.0,2.0,63.0,620
37,4,4,15,2,5.0,3.0,4.0,448.0,3095
38,6,1,39,1,1.0,1.0,1.0,226.0,2094
39,3,2,9,5,4.0,5.0,2.0,222.0,3040
40,2,5,6,5,4.0,3.0,4.0,285.0,2826
41,3,2,5,4,2.0,2.0,1.0,254.0,2413
42,4,4,47,2,5.0,5.0,4.0,434.0,3309
43,8,9,51,1,1.0,4.0,1.0,101.0,1233
44,2,5,42,5,4.0,3.0,2.0,377.0,3360
45,2,5,42,5,5.0,4.0,4.0,701.0,194
46,3,2,5,3,3.0,4.0,2.0,517.0,74
47,1,7,35,1,3.0,3.0,2.0,205.0,3491
48,8,8,45,5,4.0,4.0,2.0,626.0,3113
49,3,2,10,1,2.0,3.0,2.0,67.0,574
50,5,3,16,1,1.0,3.0,2.0,220.0,2710
51,2,5,17,1,2.0,2.0,2.0,220.0,2647
52,8,9,13,1,1.0,3.0,2.0,103.0,1214
53,5,3,41,1,4.0,4.0,2.0,222.0,2238
55,8,10,49,2,4.0,3.0,2.0,227.0,2014
56,6,1,39,5,3.0,5.0,3.0,379.0,3856
57,4,4,48,1,2.0,1.0,1.0,249.0,2986
58,8,10,40,5,6.0,2.0,4.0,435.0,2951
59,6,1,33,5,5.0,5.0,4.0,696.0,217
60,3,2,5,5,6.0,5.0,3.0,433.0,3996
61,7,6,52,1,3.0,4.0,1.0,232.0,2532
62,8,10,49,1,1.0,2.0,1.0,109.0,1223
63,8,9,3,2,6.0,4.0,4.0,657.0,149
64,1,7,21,5,6.0,6.0,4.0,200.0,2604
65,4,4,48,2,5.0,4.0,3.0,609.0,208
66,3,2,10,5,6.0,3.0,3.0,626.0,179
67,1,7,43,1,4.0,2.0,2.0,82.0,4008
68,4,4,38,1,1.0,1.0,2.0,84.0,953
69,8,9,51,2,5.0,3.0,3.0,514.0,3731
70,4,4,15,1,4.0,3.0,1.0,170.0,1119
71,3,2,9,4,3.0,2.0,1.0,249.0,2857
72,1,7,21,2,3.0,6.0,2.0,424.0,2918
73,6,1,39,2,4.0,5.0,4.0,442.0,3564
74,8,9,51,1,2.0,3.0,1.0,198.0,1383
75,7,6,26,1,2.0,1.0,1.0,76.0,650
76,5,3,37,1,1.0,3.0,2.0,219.0,2616
77,8,8,29,1,1.0,4.0,2.0,77.0,814
78,2,5,53,5,6.0,3.0,3.0,360.0,3522
79,7,6,52,1,3.0,3.0,1.0,72.0,581
80,6,1,33,1,4.0,3.0,1.0,176.0,2043
81,8,9,44,2,5.0,4.0,3.0,462.0,3952
82,1,7,46,3,3.0,3.0,4.0,428.0,97
83,3,2,9,1,4.0,4.0,1.0,73.0,1112
84,8,10,32,1,3.0,3.0,2.0,191.0,2255
85,4,4,38,1,4.0,3.0,2.0,114.0,1015
86,8,8,31,2,3.0,6.0,4.0,369.0,2866
87,8,10,32,2,5.0,2.0,2.0,483.0,3382
88,2,5,8,1,2.0,3.0,1.0,63.0,914
89,8,9,44,2,3.0,6.0,3.0,660.0,226
90,6,1,23,2,3.0,4.0,3.0,296.0,1893
91,4,4,48,2,3.0,3.0,2.0,491.0,3021
92,8,10,25,1,4.0,2.0,2.0,165.0,2183
93,7,6,26,1,1.0,1.0,1.0,210.0,2121
94,7,6,18,2,4.0,6.0,2.0,340.0,1889
95,4,4,48,1,4.0,3.0,1.0,109.0,1051
96,7,6,52,2,4.0,4.0,4.0,382.0,3432
97,8,8,29,2,4.0,4.0,2.0,253.0,1530
98,8,9,13,1,3.0,4.0,1.0,169.0,1894
99,4,4,15,1,4.0,4.0,1.0,203.0,1480
100,4,4,15,1,1.0,1.0,1.0,222.0,1589
101,7,6,24,1,2.0,4.0,2.0,121.0,999
102,5,3,16,1,4.0,1.0,2.0,139.0,1721
103,2,5,42,1,2.0,3.0,2.0,227.0,2958
104,7,6,26,5,3.0,5.0,2.0,502.0,3498
105,2,5,6,4,4.0,1.0,2.0,155.0,1080
106,8,10,49,1,4.0,4.0,1.0,102.0,929
107,3,2,9,3,4.0,5.0,3.0,282.0,3489
108,5,3,37,1,3.0,1.0,2.0,73.0,530
109,8,8,45,3,5.0,3.0,3.0,369.0,4003
110,7,6,26,5,6.0,3.0,3.0,744.0,3844
111,4,4,7,3,5.0,5.0,2.0,255.0,3087
112,4,4,15,3,5.0,4.0,2.0,364.0,3687
113,5,3,41,4,4.0,2.0,2.0,187.0,2536
114,2,5,42,1,4.0,4.0,2.0,98.0,840
115,5,3,16,2,6.0,2.0,3.0,664.0,411
116,4,4,48,4,2.0,4.0,1.0,82.0,976
117,5,3,16,5,6.0,2.0,4.0,647.0,3214
118,8,9,44,5,4.0,2.0,3.0,451.0,3534
119,5,3,41,1,1.0,3.0,2.0,131.0,1770
120,3,2,9,1,2.0,3.0,1.0,241.0,2957
121,4,4,47,1,1.0,4.0,1.0,227.0,2518
122,1,7,36,1,1.0,3.0,2.0,145.0,2817
123,8,9,3,1,2.0,2.0,1.0,70.0,660
124,5,3,41,2,4.0,3.0,3.0,440.0,3720
125,7,6,24,5,6.0,4.0,4.0,739.0,3863
126,8,8,45,3,5.0,4.0,4.0,437.0,3888
127,6,1,23,2,6.0,5.0,2.0,422.0,3509
128,5,3,16,1,3.0,1.0,2.0,120.0,675
129,5,3,41,1,1.0,4.0,2.0,248.0,2525
130,5,3,16,2,4.0,6.0,3.0,320.0,3494
131,8,8,31,1,3.0,4.0,1.0,198.0,2375
132,8,9,51,3,4.0,5.0,3.0,309.0,3266
133,8,9,13,1,3.0,2.0,2.0,173.0,1929
134,2,5,6,1,1.0,2.0,1.0,223.0,2714
135,3,2,5,2,6.0,2.0,3.0,729.0,3748
136,6,1,23,1,3.0,4.0,2.0,77.0,585
137,6,1,33,1,3.0,2.0,1.0,212.0,2758
138,7,6,26,2,3.0,2.0,3.0,684.0,3639
139,8,8,20,5,4.0,5.0,3.0,559.0,265
140,3,2,5,1,2.0,4.0,1.0,175.0,2231
141,7,6,24,1,2.0,4.0,2.0,110.0,1202
142,8,8,31,1,3.0,1.0,2.0,120.0,1005
143,8,8,2,5,3.0,3.0,4.0,201.0,1102
144,2,5,8,4,2.0,1.0,1.0,200.0,2953
145,8,10,49,1,1.0,3.0,1.0,83.0,674
146,8,9,51,1,1.0,2.0,1.0,141.0,1361
147,5,3,16,2,5.0,2.0,2.0,611.0,199
148,8,8,31,2,6.0,4.0,4.0,291.0,3059
149,3,2,9,3,3.0,5.0,4.0,486.0,426
150,6,1,39,4,1.0,4.0,2.0,159.0,1262
151,6,1,39,3,3.0,3.0,3.0,531.0,4041
152,8,8,20,2,5.0,5.0,4.0,723.0,66
153,6,1,39,1,1.0,1.0,1.0,160.0,2135
154,8,10,32,1,4.0,4.0,2.0,236.0,2008
155,2,5,17,1,3.0,3.0,1.0,225.0,2898
156,8,8,1,5,3.0,5.0,2.0,561.0,3357
157,3,2,9,1,3.0,1.0,2.0,140.0,2713
158,1,7,22,1,3.0,1.0,1.0,89.0,1059
159,8,10,25,1,3.0,1.0,2.0,196.0,2013
160,4,4,38,4,1.0,3.0,1.0,96.0,865
161,7,6,50,1,2.0,2.0,2.0,67.0,3980
162,1,7,35,1,2.0,4.0,2.0,166.0,2884
163,8,9,13,1,3.0,1.0,1.0,89.0,626
164,5,3,37,1,3.0,4.0,2.0,174.0,2282
165,4,4,15,2,3.0,4.0,3.0,293.0,2677
166,5,3,16,1,3.0,1.0,1.0,151.0,1045
167,1,7,21,1,2.0,2.0,2.0,124.0,1339
168,8,8,1,1,4.0,2.0,1.0,147.0,1416
169,3,2,10,5,5.0,2.0,3.0,223.0,2517
170,1,7,19,3,4.0,5.0,3.0,513.0,213
171,4,4,15,2,3.0,4.0,2.0,651.0,400
172,2,5,6,1,1.0,2.0,2.0,200.0,2491
173,3,2,9,1,3.0,3.0,1.0,135.0,1979
174,8,8,29,1,2.0,3.0,2.0,236.0,2182
175,8,10,25,2,4.0,3.0,4.0,336.0,3620
176,8,8,20,4,4.0,4.0,2.0,224.0,2557
177,2,5,8,1,4.0,4.0,2.0,253.0,3422
178,5,3,37,1,1.0,3.0,2.0,165.0,1126
179,1,7,27,5,3.0,2.0,4.0,699.0,172
180,6,1,39,1,1.0,4.0,1.0,132.0,1761
181,3,2,9,4,4.0,1.0,2.0,232.0,2862
182,3,2,10,2,4.0,5.0,3.0,716.0,356
183,5,3,37,1,3.0,4.0,2.0,248.0,2814
184,5,3,37,1,3.0,1.0,2.0,74.0,721
185,7,6,30,1,2.0,3.0,1.0,199.0,1785
186,2,5,42,4,4.0,2.0,1.0,129.0,1498
187,2,5,8,1,1.0,4.0,2.0,54.0,829
188,7,6,11,4,3.0,4.0,1.0,107.0,773
189,8,9,51,2,3.0,6.0,4.0,719.0,3452
190,2,5,12,2,6.0,3.0,2.0,365.0,3798
191,5,3,37,1,1.0,4.0,2.0,223.0,2309
192,6,1,39,2,6.0,3.0,4.0,424.0,3364
193,6,1,33,1,4.0,4.0,2.0,249.0,2916
194,3,2,10,1,2.0,2.0,1.0,114.0,698
195,6,1,23,1,1.0,1.0,2.0,71.0,462
196,7,6,52,3,3.0,4.0,2.0,333.0,3750
197,2,5,6,1,4.0,3.0,1.0,148.0,1076
198,2,5,8,2,3.0,4.0,2.0,320.0,2874
199,7,6,52,1,2.0,4.0,2.0,207.0,1403
200,8,8,1,2,4.0,6.0,4.0,720.0,262
201,8,8,2,2,5.0,2.0,2.0,424.0,3595
202,5,3,16,2,6.0,6.0,4.0,196.0,2682
203,3,2,10,2,4.0,4.0,3.0,181.0,2478
204,2,5,8,1,2.0,1.0,2.0,67.0,1351
205,3,2,10,2,6.0,1.0,4.0,576.0,3978
206,1,7,27,1,3.0,2.0,1.0,247.0,2788
207,8,9,51,1,3.0,2.0,2.0,228.0,2936
208,8,9,3,2,6.0,2.0,3.0,386.0,2357
209,8,10,25,1,3.0,4.0,2.0,114.0,673
210,8,10,49,1,1.0,3.0,2.0,81.0,788
211,4,4,48,1,4.0,3.0,1.0,177.0,2438
212,2,5,12,2,3.0,5.0,2.0,620.0,300
213,8,9,13,1,1.0,3.0,2.0,128.0,1624
214,5,3,41,1,4.0,3.0,2.0,60.0,502
215,5,3,16,2,3.0,2.0,4.0,595.0,4023
216,3,2,10,1,1.0,2.0,2.0,58.0,3711
217,8,8,20,1,3.0,3.0,2.0,195.0,1378
219,8,9,13,1,3.0,2.0,1.0,56.0,3784
220,6,1,39,1,1.0,3.0,2.0,230.0,2889
221,8,10,49,1,4.0,2.0,1.0,84.0,476
222,6,1,33,5,6.0,2.0,4.0,507.0,155
223,2,5,53,2,5.0,4.0,2.0,358.0,3211
224,3,2,9,2,4.0,3.0,2.0,685.0,4045
225,2,5,12,1,4.0,2.0,1.0,66.0,537
226,4,4,48,1,4.0,1.0,1.0,131.0,894
227,6,1,23,1,3.0,2.0,1.0,246.0,2209
228,4,4,38,3,3.0,3.0,4.0,298.0,3373
229,8,9,3,1,2.0,3.0,2.0,70.0,524
230,8,10,49,2,5.0,6.0,4.0,275.0,3061
231,8,9,3,2,5.0,6.0,2.0,209.0,1285
232,1,7,34,2,4.0,6.0,3.0,211.0,2554
233,3,2,5,1,3.0,4.0,1.0,256.0,2997
234,7,6,52,2,3.0,3.0,3.0,605.0,146
235,6,1,33,1,2.0,3.0,2.0,237.0,2720
236,4,4,7,1,1.0,3.0,1.0,169.0,1385
237,7,6,52,2,3.0,2.0,3.0,573.0,228
238,4,4,7,4,2.0,3.0,2.0,98.0,717
239,6,1,39,1,3.0,4.0,1.0,73.0,709
240,3,2,5,4,2.0,3.0,1.0,62.0,470
241,6,1,39,5,6.0,4.0,4.0,188.0,1191
242,4,4,7,5,5.0,5.0,3.0,226.0,2457
243,1,7,34,1,3.0,3.0,1.0,148.0,2079
244,6,1,39,2,3.0,3.0,2.0,583.0,4013
246,1,7,36,2,5.0,5.0,4.0,647.0,183
247,5,3,41,2,5.0,3.0,3.0,486.0,3
248,2,5,12,5,6.0,6.0,3.0,666.0,3261
249,2,5,42,1,4.0,3.0,1.0,202.0,2672
250,7,6,28,1,4.0,2.0,2.0,87.0,1311
251,1,7,34,3,3.0,3.0,2.0,445.0,4037
252,4,4,7,1,2.0,4.0,2.0,238.0,1904
253,8,9,3,1,4.0,4.0,2.0,94.0,1106
254,3,2,5,1,3.0,4.0,1.0,113.0,1090
255,3,2,5,2,5.0,4.0,4.0,392.0,3898
256,6,1,23,1,3.0,3.0,1.0,196.0,2393
257,4,4,15,4,2.0,3.0,1.0,123.0,835
258,2,5,17,1,4.0,2.0,1.0,187.0,2030
259,3,2,10,2,3.0,6.0,4.0,425.0,3219
260,1,7,46,2,4.0,2.0,2.0,603.0,3963
261,6,1,33,1,2.0,1.0,0.0,154.0,2107
262,8,10,49,1,1.0,1.0,1.0,186.0,1330
263,8,9,44,5,4.0,2.0,3.0,687.0,3831
264,7,6,24,2,3.0,4.0,3.0,645.0,367
265,3,2,10,1,2.0,4.0,2.0,99.0,659
266,2,5,8,1,3.0,2.0,1.0,238.0,3443
267,7,6,28,2,6.0,5.0,4.0,515.0,3779
268,4,4,47,2,4.0,5.0,3.0,434.0,2436
269,7,6,26,2,5.0,4.0,3.0,191.0,1682
270,2,5,53,2,3.0,5.0,3.0,343.0,3230
271,3,2,10,1,1.0,3.0,2.0,207.0,2117
272,8,10,40,1,4.0,3.0,2.0,229.0,2927
273,3,2,10,5,4.0,6.0,2.0,718.0,279
274,3,2,10,1,1.0,1.0,1.0,196.0,1776
275,8,9,13,5,6.0,2.0,4.0,390.0,3739
276,6,1,33,5,6.0,2.0,3.0,315.0,3290
277,4,4,48,1,4.0,3.0,1.0,151.0,1522
278,1,7,21,1,1.0,4.0,2.0,229.0,1828
279,3,2,9,3,3.0,4.0,2.0,366.0,317
280,8,9,3,1,4.0,3.0,2.0,164.0,2018
281,4,4,47,1,2.0,3.0,1.0,95.0,1031
282,3,2,9,1,2.0,1.0,1.0,126.0,2579
283,3,2,5,1,2.0,2.0,2.0,138.0,1137
284,7,6,28,3,5.0,3.0,2.0,434.0,451
285,1,7,21,2,3.0,6.0,2.0,637.0,313
286,1,7,21,1,4.0,4.0,1.0,188.0,1886
287,1,7,4,1,3.0,2.0,2.0,197.0,2263
288,8,10,49,5,4.0,5.0,3.0,461.0,2828
289,3,2,10,5,4.0,5.0,4.0,687.0,3418
290,2,5,53,1,3.0,4.0,2.0,88.0,795
291,4,4,7,1,4.0,2.0,1.0,126.0,983
292,6,1,33,1,4.0,2.0,2.0,112.0,1035
293,8,10,49,1,4.0,3.0,1.0,187.0,1806
294,1,7,22,1,1.0,1.0,1.0,255.0,2550
295,6,1,33,5,5.0,4.0,2.0,396.0,2988
296,8,8,31,4,4.0,2.0,1.0,151.0,1486
297,3,2,5,1,4.0,4.0,2.0,128.0,1260
298,2,5,12,5,6.0,2.0,4.0,660.0,4122
299,8,10,49,1,1.0,2.0,1.0,54.0,3889
300,3,2,10,1,4.0,3.0,1.0,100.0,995
301,8,10,32,1,2.0,4.0,2.0,115.0,1499
302,6,1,23,2,5.0,3.0,2.0,739.0,352
303,8,9,51,1,1.0,1.0,1.0,155.0,1303
304,8,10,25,1,1.0,2.0,2.0,145.0,993
305,5,3,41,1,4.0,4.0,1.0,51.0,4115
306,1,7,36,1,3.0,3.0,1.0,178.0,3147
307,8,9,51,3,5.0,3.0,2.0,318.0,3891
308,3,2,5,5,5.0,5.0,2.0,562.0,4019
309,6,1,39,2,4.0,4.0,4.0,262.0,3221
310,1,7,35,1,4.0,4.0,1.0,213.0,2399
311,8,9,51,1,4.0,3.0,1.0,185.0,1338
312,8,10,40,3,5.0,5.0,3.0,358.0,3216
313,8,8,31,3,5.0,5.0,4.0,236.0,2797
314,2,5,6,4,2.0,4.0,1.0,126.0,1024
315,5,3,37,1,4.0,3.0,2.0,243.0,2218
316,8,8,29,1,3.0,1.0,1.0,161.0,1590
317,8,8,14,1,4.0,3.0,1.0,212.0,2296
318,6,1,23,2,6.0,5.0,2.0,569.0,3246
319,5,3,16,1,1.0,1.0,2.0,89.0,923
320,8,9,44,1,1.0,1.0,1.0,128.0,1620
321,2,5,42,2,3.0,3.0,3.0,639.0,285
322,3,2,10,1,1.0,1.0,2.0,191.0,1533
323,5,3,41,1,4.0,1.0,2.0,155.0,1916
324,8,8,31,3,3.0,5.0,4.0,306.0,3539
325,8,9,3,2,5.0,5.0,2.0,244.0,1892
326,4,4,15,1,4.0,1.0,2.0,114.0,1044
327,6,1,39,1,4.0,1.0,1.0,127.0,731
328,4,4,15,5,6.0,4.0,3.0,522.0,3926
329,5,3,37,1,2.0,4.0,2.0,95.0,1037
330,2,5,42,1,4.0,2.0,2.0,146.0,1518
331,4,4,15,2,4.0,6.0,4.0,364.0,3775
332,3,2,9,4,4.0,2.0,2.0,254.0,3453
333,8,8,2,5,6.0,5.0,2.0,490.0,3438
334,7,6,11,1,4.0,1.0,2.0,203.0,2692
335,5,3,16,1,4.0,1.0,2.0,229.0,1899
336,8,8,2,2,5.0,3.0,4.0,225.0,2834
337,4,4,15,4,4.0,1.0,1.0,75.0,591
338,8,10,40,1,4.0,4.0,1.0,138.0,861
339,6,1,33,2,3.0,2.0,4.0,325.0,3031
340,7,6,50,1,2.0,4.0,2.0,171.0,1352
341,6,1,39,1,3.0,1.0,2.0,61.0,3757
342,1,7,27,1,2.0,2.0,1.0,191.0,1746
343,2,5,12,1,4.0,2.0,2.0,211.0,2053
344,8,9,44,1,2.0,4.0,2.0,149.0,909
345,8,10,40,2,3.0,6.0,2.0,729.0,3917
346,2,5,42,2,3.0,4.0,4.0,681.0,312
347,2,5,12,1,4.0,1.0,2.0,140.0,1852
348,5,3,37,5,5.0,6.0,4.0,266.0,3272
349,8,9,13,2,5.0,2.0,2.0,562.0,287
350,8,9,44,1,2.0,4.0,2.0,97.0,1208
351,3,2,10,3,3.0,5.0,2.0,470.0,4099
352,8,9,3,1,4.0,1.0,2.0,52.0,500
353,8,9,3,5,6.0,5.0,4.0,683.0,190
354,6,1,23,2,3.0,3.0,3.0,213.0,1967
355,8,10,49,2,6.0,6.0,4.0,687.0,345
357,8,10,32,2,4.0,4.0,2.0,640.0,3902
358,2,5,6,1,1.0,2.0,1.0,257.0,2908
359,5,3,41,1,2.0,2.0,1.0,256.0,2059
360,5,3,16,1,2.0,3.0,2.0,124.0,1215
361,3,2,10,5,4.0,5.0,2.0,463.0,20
362,8,9,3,2,5.0,3.0,4.0,582.0,102
363,8,9,13,1,4.0,4.0,1.0,212.0,1757
364,4,4,38,1,3.0,4.0,2.0,133.0,768
365,8,8,31,4,3.0,1.0,2.0,105.0,1247
366,8,10,32,2,5.0,4.0,4.0,313.0,3365
367,6,1,23,5,3.0,2.0,2.0,650.0,3222
368,8,8,2,2,6.0,2.0,3.0,387.0,3880
369,8,9,13,2,5.0,2.0,4.0,549.0,3650
370,8,8,14,1,2.0,1.0,2.0,210.0,2354
371,8,10,32,1,1.0,1.0,1.0,172.0,1317
372,8,9,3,1,4.0,1.0,1.0,228.0,2639
373,8,8,2,1,2.0,4.0,1.0,108.0,1210
374,8,8,31,5,3.0,4.0,3.0,486.0,3156
375,4,4,7,1,2.0,1.0,1.0,206.0,1935
376,6,1,23,1,2.0,4.0,2.0,105.0,677
377,8,8,20,1,4.0,3.0,2.0,130.0,1022
378,8,10,49,1,2.0,3.0,1.0,218.0,2434
379,8,10,40,1,3.0,1.0,1.0,176.0,2194
380,8,8,20,1,1.0,1.0,2.0,131.0,1020
381,4,4,38,1,2.0,4.0,1.0,54.0,3441
382,1,7,22,2,3.0,5.0,4.0,473.0,14
383,3,2,5,1,4.0,1.0,1.0,121.0,826
384,7,6,18,1,2.0,2.0,2.0,150.0,1057
385,7,6,26,1,2.0,1.0,1.0,72.0,744
386,8,8,45,1,1.0,3.0,1.0,80.0,3920
387,8,9,51,2,5.0,6.0,4.0,445.0,3103
388,2,5,8,1,3.0,1.0,1.0,135.0,2653
389,7,6,18,2,3.0,5.0,3.0,703.0,147
390,1,7,19,5,4.0,4.0,2.0,441.0,2911
391,5,3,41,1,2.0,1.0,1.0,53.0,3824
392,1,7,19,1,2.0,2.0,1.0,191.0,2429
393,8,10,49,2,5.0,4.0,2.0,561.0,3333
394,3,2,10,3,3.0,3.0,4.0,243.0,3197
395,8,8,45,5,5.0,4.0,2.0,746.0,327
396,1,7,27,2,5.0,6.0,2.0,655.0,67
397,5,3,16,4,2.0,2.0,1.0,51.0,4095
398,1,7,21,1,1.0,3.0,1.0,244.0,2859
399,7,6,18,2,4.0,5.0,3.0,241.0,1771
400,7,6,18,2,4.0,6.0,3.0,561.0,1
401,8,8,29,2,4.0,5.0,2.0,243.0,2694
402,8,9,3,2,5.0,5.0,4.0,514.0,3694
403,6,1,23,2,4.0,3.0,4.0,291.0,2237
404,8,8,20,1,3.0,4.0,1.0,187.0,2249
405,8,10,32,1,3.0,1.0,1.0,90.0,834
406,5,3,37,2,5.0,3.0,2.0,434.0,3497
407,4,4,38,2,5.0,4.0,2.0,211.0,2312
408,6,1,39,1,2.0,1.0,2.0,76.0,477
409,8,8,1,2,4.0,3.0,2.0,590.0,4034
410,8,8,29,1,1.0,1.0,1.0,100.0,1187
411,8,9,51,3,4.0,3.0,2.0,456.0,3610
412,8,9,44,5,6.0,5.0,2.0,571.0,294
413,4,4,7,1,2.0,3.0,2.0,164.0,1409
414,1,7,34,1,2.0,3.0,2.0,155.0,2131
415,1,7,35,2,4.0,5.0,2.0,718.0,410
416,3,2,9,4,3.0,4.0,2.0,138.0,2854
417,2,5,17,2,3.0,4.0,4.0,404.0,2389
418,7,6,24,5,6.0,6.0,3.0,418.0,2993
419,8,8,20,1,3.0,1.0,1.0,197.0,2425
420,2,5,8,2,5.0,4.0,4.0,208.0,3625
421,2,5,12,1,2.0,4.0,2.0,94.0,1151
422,1,7,35,2,4.0,2.0,4.0,669.0,3893
423,2,5,12,2,4.0,4.0,4.0,361.0,3143
424,1,7,36,2,4.0,2.0,4.0,553.0,3847
425,2,5,53,3,4.0,5.0,2.0,392.0,3804
426,2,5,8,4,4.0,4.0,2.0,94.0,1699
427,8,10,40,1,3.0,2.0,1.0,236.0,1647
428,5,3,16,5,3.0,3.0,4.0,505.0,86
429,8,10,25,3,3.0,4.0,4.0,259.0,3054
430,2,5,42,2,3.0,4.0,3.0,191.0,1692
431,8,10,40,1,3.0,3.0,1.0,234.0,1626
432,1,7,43,1,4.0,2.0,2.0,176.0,2178
433,2,5,12,1,4.0,2.0,1.0,165.0,1234
434,1,7,22,2,5.0,2.0,2.0,530.0,3381
435,4,4,7,1,1.0,3.0,2.0,230.0,1711
436,4,4,7,1,4.0,2.0,1.0,75.0,670
437,8,10,40,1,3.0,3.0,2.0,110.0,739
438,1,7,43,1,4.0,2.0,1.0,142.0,853
439,4,4,47,2,6.0,3.0,2.0,206.0,1660
440,8,9,13,4,4.0,1.0,2.0,250.0,2954
441,6,1,23,5,5.0,2.0,4.0,737.0,234
442,8,9,13,5,5.0,3.0,3.0,225.0,2058
443,6,1,23,2,5.0,6.0,2.0,334.0,3676
444,8,8,1,1,4.0,2.0,1.0,149.0,1898
445,3,2,10,5,6.0,6.0,2.0,667.0,4086
446,8,8,45,3,5.0,3.0,4.0,512.0,311
447,5,3,41,4,2.0,1.0,2.0,94.0,686
448,8,10,40,2,6.0,2.0,4.0,625.0,3722
449,8,9,13,1,1.0,1.0,2.0,192.0,2385
450,3,2,5,5,6.0,2.0,4.0,715.0,246
451,8,8,45,2,3.0,2.0,4.0,283.0,2606
452,3,2,5,5,5.0,5.0,4.0,677.0,353
453,5,3,16,2,5.0,5.0,2.0,591.0,3154
454,4,4,15,1,1.0,4.0,2.0,145.0,911
455,2,5,42,1,4.0,1.0,1.0,84.0,754
456,6,1,23,2,6.0,6.0,4.0,271.0,2199
457,6,1,33,3,4.0,5.0,3.0,484.0,124
458,1,7,46,1,1.0,3.0,2.0,84.0,4065
459,8,9,3,5,4.0,2.0,2.0,213.0,2467
460,1,7,27,1,3.0,3.0,2.0,179.0,2245
461,8,8,31,2,5.0,5.0,4.0,636.0,3693
462,6,1,39,1,3.0,2.0,2.0,241.0,2032
463,7,6,24,1,2.0,2.0,1.0,215.0,2210
464,8,10,49,1,1.0,1.0,2.0,83.0,583
465,5,3,37,2,5.0,4.0,3.0,565.0,3895
466,6,1,23,2,5.0,6.0,4.0,586.0,218
467,8,8,1,1,3.0,3.0,2.0,225.0,1945
468,6,1,33,1,3.0,3.0,2.0,116.0,1155
469,8,10,40,1,2.0,1.0,2.0,219.0,2494
470,8,9,51,1,3.0,3.0,2.0,153.0,1884
471,1,7,34,1,2.0,3.0,1.0,225.0,2902
472,2,5,12,1,2.0,2.0,2.0,74.0,810
473,8,9,13,1,2.0,3.0,1.0,106.0,1120
474,8,10,49,1,3.0,3.0,2.0,199.0,2233
475,6,1,33,1,1.0,4.0,1.0,178.0,1475
476,4,4,38,2,3.0,3.0,2.0,385.0,3285
477,4,4,38,5,6.0,3.0,3.0,364.0,2400
478,6,1,23,1,2.0,3.0,1.0,51.0,468
479,7,6,28,1,2.0,2.0,2.0,251.0,3009
480,8,9,44,1,4.0,4.0,2.0,148.0,896
481,1,7,46,2,5.0,2.0,3.0,723.0,3914
482,1,7,36,1,2.0,2.0,2.0,129.0,1749
483,8,8,45,1,3.0,2.0,1.0,260.0,2036
484,7,6,30,1,3.0,4.0,1.0,137.0,1880
485,2,5,8,2,6.0,2.0,2.0,409.0,3562
486,8,10,25,1,2.0,1.0,2.0,232.0,1750
487,4,4,15,1,1.0,1.0,1.0,217.0,1542
488,1,7,35,1,4.0,1.0,2.0,171.0,2435
489,8,10,25,1,1.0,3.0,1.0,157.0,1235
490,3,2,10,1,3.0,1.0,1.0,177.0,1698
491,5,3,37,1,2.0,3.0,2.0,125.0,1004
492,1,7,46,1,2.0,4.0,2.0,110.0,586
493,1,7,35,3,5.0,5.0,3.0,296.0,3696
494,3,2,9,1,1.0,3.0,1.0,166.0,2784
495,7,6,52,2,4.0,2.0,3.0,548.0,250
496,2,5,17,1,1.0,1.0,1.0,85.0,598
497,2,5,42,5,5.0,2.0,3.0,530.0,3417
498,8,8,45,1,4.0,3.0,2.0,226.0,2919
499,4,4,7,2,3.0,3.0,2.0,606.0,270
500,6,1,39,1,2.0,4.0,2.0,206.0,1468
501,8,9,44,3,3.0,4.0,3.0,243.0,2562
502,7,6,50,2,4.0,4.0,4.0,715.0,429
503,5,3,37,1,2.0,4.0,2.0,219.0,2650
504,8,9,51,2,4.0,6.0,3.0,687.0,3771
505,8,8,2,1,2.0,3.0,2.0,62.0,667
506,8,10,32,1,2.0,1.0,2.0,163.0,2167
507,8,8,2,1,3.0,1.0,2.0,240.0,1748
508,8,8,45,1,1.0,1.0,2.0,180.0,1763
509,6,1,23,1,1.0,2.0,2.0,134.0,1794
510,2,5,53,1,1.0,2.0,1.0,137.0,1565
511,7,6,50,1,1.0,2.0,2.0,85.0,903
512,8,8,14,1,2.0,1.0,2.0,105.0,1298
513,8,10,49,2,6.0,2.0,4.0,306.0,3135
514,6,1,39,1,2.0,4.0,1.0,185.0,1350
515,3,2,5,5,6.0,6.0,2.0,357.0,2569
516,8,8,45,1,3.0,4.0,2.0,205.0,2176
517,7,6,26,4,3.0,4.0,1.0,85.0,910
518,5,3,41,5,5.0,6.0,3.0,746.0,428
519,8,10,40,2,5.0,4.0,4.0,315.0,3502
520,8,9,13,1,3.0,4.0,2.0,222.0,2431
521,4,4,47,1,1.0,4.0,1.0,63.0,3671
522,8,10,49,1,2.0,3.0,2.0,87.0,485
523,7,6,28,1,1.0,3.0,2.0,76.0,1047
524,3,2,5,2,5.0,2.0,3.0,576.0,4097
525,2,5,12,2,5.0,3.0,4.0,633.0,3800
526,2,5,12,1,2.0,2.0,2.0,164.0,1484
527,8,8,20,4,1.0,4.0,1.0,159.0,1688
528,3,2,5,2,5.0,2.0,3.0,657.0,3684
529,1,7,4,3,5.0,3.0,4.0,535.0,414
530,7,6,52,1,3.0,1.0,2.0,184.0,1854
531,8,9,51,1,2.0,4.0,2.0,73.0,665
532,8,10,40,1,3.0,3.0,2.0,105.0,1324
533,3,2,10,2,5.0,5.0,2.0,429.0,2576
534,2,5,17,3,3.0,4.0,3.0,496.0,42
535,1,7,46,5,5.0,6.0,4.0,636.0,196
536,1,7,22,5,4.0,4.0,4.0,264.0,1782
537,8,9,51,1,2.0,2.0,2.0,76.0,544
538,3,2,10,5,6.0,2.0,4.0,337.0,1986
539,6,1,39,1,1.0,1.0,1.0,95.0,822
540,3,2,9,1,2.0,3.0,2.0,149.0,2907
541,4,4,48,1,4.0,1.0,1.0,214.0,1668
542,5,3,37,1,1.0,3.0,1.0,124.0,1290
543,5,3,37,2,6.0,5.0,3.0,211.0,2492
544,8,9,3,2,6.0,6.0,3.0,327.0,2948
545,2,5,6,1,2.0,1.0,1.0,51.0,4063
546,3,2,10,3,4.0,3.0,4.0,396.0,3682
547,4,4,38,2,4.0,3.0,4.0,438.0,3145
548,8,8,20,1,1.0,4.0,1.0,124.0,821
549,7,6,18,2,6.0,4.0,3.0,311.0,3527
550,8,10,25,2,3.0,3.0,3.0,677.0,219
551,2,5,12,1,2.0,3.0,2.0,159.0,1402
552,1,7,27,2,4.0,5.0,3.0,548.0,3337
553,2,5,17,1,3.0,3.0,2.0,191.0,1582
554,8,9,51,5,4.0,6.0,2.0,449.0,4043
555,8,8,31,2,3.0,6.0,4.0,211.0,2731
556,5,3,16,1,2.0,1.0,2.0,189.0,2527
557,8,9,13,1,3.0,2.0,2.0,178.0,2480
558,8,8,45,1,1.0,2.0,1.0,243.0,2219
559,6,1,33,2,4.0,5.0,3.0,221.0,1863
560,6,1,33,2,5.0,3.0,2.0,391.0,3647
561,2,5,17,1,4.0,1.0,1.0,216.0,2473
562,8,8,31,4,3.0,3.0,1.0,146.0,1760
563,2,5,12,1,1.0,3.0,2.0,107.0,1237
564,2,5,42,1,4.0,1.0,1.0,162.0,1429
565,8,10,25,1,3.0,2.0,1.0,97.0,701
566,2,5,12,1,1.0,2.0,2.0,257.0,2860
567,8,8,45,1,4.0,2.0,1.0,215.0,2667
568,1,7,21,2,4.0,3.0,4.0,704.0,3428
569,5,3,37,2,5.0,3.0,4.0,595.0,263
570,5,3,41,2,5.0,2.0,0.0,639.0,330
571,6,1,33,2,6.0,6.0,2.0,366.0,3707
572,3,2,5,2,5.0,5.0,4.0,250.0,2178
573,4,4,48,2,3.0,3.0,4.0,696.0,422
574,4,4,7,1,2.0,4.0,1.0,250.0,3111
575,8,8,1,1,2.0,1.0,2.0,183.0,2341
576,2,5,6,1,4.0,2.0,2.0,252.0,2930
577,2,5,12,5,3.0,5.0,2.0,440.0,3747
578,8,10,25,2,6.0,4.0,2.0,185.0,871
579,5,3,41,2,3.0,5.0,4.0,390.0,3892
580,2,5,17,1,2.0,4.0,2.0,116.0,1386
581,5,3,16,1,4.0,2.0,2.0,191.0,2574
582,8,9,13,1,4.0,3.0,2.0,197.0,2323
583,4,4,7,5,3.0,3.0,3.0,345.0,2363
584,8,10,32,1,1.0,2.0,2.0,212.0,1450
585,8,8,2,2,6.0,2.0,2.0,449.0,3251
586,2,5,6,1,4.0,4.0,2.0,232.0,1832
587,8,9,44,1,2.0,3.0,1.0,58.0,605
588,3,2,10,2,4.0,2.0,3.0,424.0,3976
589,1,7,4,2,5.0,5.0,3.0,584.0,4098
590,5,3,37,1,1.0,1.0,2.0,235.0,2709
591,2,5,42,2,4.0,5.0,3.0,184.0,1598
592,8,9,44,1,1.0,3.0,2.0,79.0,639
593,3,2,10,2,6.0,5.0,4.0,675.0,3936
594,2,5,17,1,1.0,4.0,1.0,116.0,749
595,4,4,7,1,2.0,3.0,2.0,140.0,847
596,7,6,28,2,6.0,4.0,2.0,747.0,373
597,6,1,23,1,3.0,2.0,1.0,177.0,1705
598,8,10,40,5,4.0,3.0,2.0,435.0,3964
599,2,5,8,1,1.0,1.0,2.0,207.0,2335
600,3,2,9,5,5.0,6.0,3.0,684.0,1176
601,7,6,52,2,5.0,5.0,2.0,311.0,1953
602,3,2,5,1,1.0,3.0,2.0,225.0,2162
603,6,1,33,1,4.0,3.0,1.0,53.0,3756
604,4,4,38,2,5.0,6.0,3.0,371.0,3613
605,7,6,28,2,5.0,4.0,2.0,690.0,447
606,8,10,32,1,3.0,3.0,2.0,121.0,1523
607,8,9,3,4,2.0,1.0,2.0,255.0,2590
608,3,2,5,5,4.0,3.0,4.0,333.0,3308
609,1,7,4,1,2.0,3.0,2.0,126.0,1207
610,3,2,10,2,3.0,3.0,2.0,400.0,3153
611,6,1,39,2,5.0,4.0,3.0,548.0,122
612,3,2,5,1,4.0,1.0,2.0,223.0,2212
613,5,3,41,1,2.0,3.0,2.0,133.0,1855
614,6,1,39,1,1.0,4.0,2.0,168.0,1443
615,8,9,13,1,4.0,1.0,1.0,91.0,895
616,8,10,49,1,3.0,3.0,2.0,119.0,1473
617,2,5,53,1,4.0,4.0,1.0,97.0,515
618,8,9,3,1,1.0,2.0,1.0,151.0,1152
619,8,8,1,3,4.0,5.0,2.0,233.0,3128
620,3,2,9,2,4.0,2.0,4.0,579.0,325
621,8,10,40,1,4.0,2.0,1.0,184.0,1701
622,1,7,36,1,3.0,4.0,2.0,188.0,2969
623,3,2,5,2,4.0,6.0,4.0,647.0,362
624,5,3,16,1,3.0,3.0,2.0,188.0,1923
625,8,8,45,1,4.0,3.0,1.0,127.0,737
626,1,7,46,5,4.0,4.0,3.0,660.0,293
627,1,7,19,3,4.0,4.0,2.0,440.0,3967
628,5,3,37,1,3.0,2.0,2.0,193.0,2499
629,4,4,7,2,6.0,5.0,2.0,449.0,2850
630,4,4,7,1,3.0,3.0,2.0,155.0,1408
631,8,8,20,2,3.0,5.0,4.0,643.0,3927
632,5,3,16,2,3.0,3.0,2.0,727.0,3419
633,8,9,51,2,4.0,5.0,4.0,188.0,1557
634,8,8,20,2,4.0,4.0,3.0,499.0,3997
635,2,5,17,1,1.0,3.0,1.0,242.0,2229
636,1,7,22,1,1.0,4.0,1.0,99.0,870
637,4,4,47,2,4.0,5.0,3.0,433.0,2572
638,8,10,32,1,1.0,2.0,2.0,149.0,1638
639,2,5,8,1,1.0,1.0,2.0,173.0,2869
640,8,10,49,5,4.0,2.0,2.0,624.0,4020
641,1,7,4,1,1.0,4.0,1.0,52.0,3325
642,5,3,41,1,2.0,3.0,1.0,113.0,878
643,6,1,33,1,3.0,1.0,1.0,141.0,1166
644,3,2,9,2,4.0,4.0,4.0,535.0,393
645,8,10,25,1,3.0,2.0,2.0,60.0,618
646,6,1,39,2,6.0,1.0,4.0,371.0,3604
647,2,5,53,1,2.0,1.0,1.0,165.0,1824
648,7,6,50,1,4.0,2.0,1.0,208.0,2488
649,5,3,37,1,1.0,4.0,1.0,184.0,2526
650,3,2,9,1,3.0,4.0,2.0,78.0,849
651,3,2,10,2,4.0,3.0,2.0,386.0,2646
652,6,1,33,2,6.0,5.0,4.0,442.0,2681
653,2,5,8,1,1.0,1.0,1.0,217.0,3561
654,8,8,45,5,3.0,4.0,4.0,605.0,4074
655,1,7,34,2,3.0,2.0,3.0,259.0,2200
656,3,2,9,2,4.0,6.0,3.0,374.0,3586
657,3,2,10,2,4.0,6.0,4.0,605.0,3412
658,5,3,16,1,4.0,1.0,1.0,252.0,2406
659,3,2,5,1,2.0,4.0,2.0,130.0,1397
660,2,5,17,1,4.0,3.0,1.0,194.0,1952
661,4,4,38,3,4.0,4.0,3.0,449.0,51
662,1,7,36,4,1.0,2.0,2.0,51.0,687
663,8,10,40,5,3.0,4.0,4.0,703.0,369
664,5,3,41,2,3.0,5.0,3.0,339.0,2493
665,7,6,50,5,4.0,3.0,3.0,487.0,3025
666,5,3,16,1,2.0,1.0,2.0,252.0,3084
667,8,9,44,5,3.0,6.0,4.0,487.0,2836
668,5,3,16,2,3.0,4.0,3.0,624.0,88
669,8,8,2,1,1.0,4.0,1.0,128.0,801
670,2,5,12,1,3.0,2.0,1.0,62.0,563
671,6,1,39,1,1.0,2.0,2.0,124.0,1455
672,8,9,3,1,4.0,1.0,2.0,117.0,781
673,4,4,38,1,2.0,2.0,2.0,193.0,1887
674,6,1,23,1,2.0,2.0,1.0,68.0,520
675,4,4,15,1,1.0,1.0,2.0,158.0,1903
676,2,5,8,1,1.0,3.0,1.0,139.0,2737
677,5,3,37,1,2.0,2.0,2.0,89.0,526
678,8,8,31,2,4.0,4.0,2.0,531.0,224
679,8,8,14,1,1.0,3.0,1.0,239.0,2379
680,8,10,49,1,2.0,1.0,2.0,199.0,1456
681,7,6,11,2,4.0,6.0,3.0,234.0,2689
682,1,7,35,1,3.0,3.0,1.0,54.0,735
683,4,4,7,4,1.0,3.0,2.0,202.0,1632
684,8,9,3,1,4.0,1.0,1.0,113.0,1128
685,2,5,17,1,2.0,1.0,2.0,225.0,2630
686,2,5,53,1,3.0,1.0,2.0,149.0,961
687,3,2,5,2,5.0,5.0,4.0,320.0,2173
688,4,4,38,4,2.0,4.0,1.0,196.0,1791
689,4,4,15,3,4.0,4.0,4.0,287.0,3165
690,8,9,3,5,5.0,6.0,2.0,620.0,3570
691,5,3,37,1,1.0,2.0,2.0,87.0,461
692,2,5,17,4,3.0,4.0,2.0,88.0,652
693,8,8,20,2,5.0,6.0,4.0,416.0,3855
694,8,10,40,1,3.0,1.0,2.0,84.0,1008
695,5,3,16,1,3.0,2.0,2.0,175.0,2354
696,8,9,3,2,3.0,5.0,2.0,456.0,3697
697,8,10,40,1,1.0,2.0,2.0,207.0,2763
698,2,5,17,5,6.0,5.0,2.0,569.0,3833
699,4,4,38,3,5.0,5.0,4.0,488.0,354
700,1,7,46,2,6.0,2.0,2.0,711.0,363
701,4,4,47,1,1.0,2.0,2.0,162.0,2037
702,7,6,30,1,4.0,3.0,1.0,226.0,2070
703,6,1,39,1,1.0,2.0,1.0,150.0,1901
704,2,5,17,2,6.0,6.0,4.0,386.0,3504
705,8,8,14,1,2.0,1.0,1.0,79.0,869
706,2,5,6,1,4.0,2.0,2.0,190.0,2334
707,1,7,4,3,5.0,5.0,2.0,303.0,3138
708,8,9,51,1,3.0,4.0,2.0,210.0,2028
709,8,8,20,4,1.0,3.0,1.0,167.0,2310
710,6,1,39,5,6.0,3.0,2.0,667.0,207
711,4,4,48,2,3.0,3.0,4.0,464.0,4100
712,3,2,9,2,4.0,2.0,4.0,537.0,3689
713,8,9,51,1,3.0,3.0,0.0,62.0,3780
714,8,9,3,1,2.0,4.0,2.0,59.0,3668
715,7,6,50,1,4.0,1.0,2.0,190.0,1440
716,7,6,52,2,5.0,4.0,4.0,603.0,187
717,8,10,40,1,1.0,1.0,2.0,235.0,2565
718,4,4,38,5,5.0,6.0,4.0,542.0,3301
719,5,3,41,1,4.0,4.0,1.0,206.0,2143
720,7,6,28,2,3.0,5.0,4.0,300.0,3273
721,5,3,16,1,3.0,3.0,1.0,52.0,3710
722,7,6,30,1,3.0,3.0,2.0,246.0,1758
723,8,8,31,1,4.0,1.0,1.0,99.0,984
724,2,5,53,1,4.0,1.0,1.0,173.0,1527
725,6,1,39,5,6.0,5.0,4.0,237.0,2849
726,7,6,50,1,1.0,2.0,2.0,254.0,2890
727,8,8,20,2,3.0,4.0,3.0,727.0,3859
728,5,3,41,1,1.0,3.0,2.0,231.0,1720
729,7,6,26,2,4.0,4.0,3.0,489.0,3372
730,3,2,5,2,5.0,2.0,2.0,274.0,2964
731,3,2,9,1,2.0,2.0,2.0,173.0,2894
732,2,5,8,1,1.0,2.0,1.0,235.0,2718
733,6,1,23,1,1.0,1.0,2.0,61.0,3691
734,2,5,17,5,3.0,6.0,4.0,499.0,2819
735,5,3,16,1,2.0,3.0,1.0,99.0,922
736,7,6,50,1,1.0,3.0,1.0,90.0,782
737,8,8,1,4,1.0,2.0,2.0,190.0,2195
738,7,6,11,3,4.0,5.0,2.0,307.0,3023
739,7,6,50,1,1.0,2.0,1.0,170.0,1218
740,8,8,45,2,6.0,5.0,2.0,636.0,338
741,2,5,42,1,2.0,1.0,2.0,195.0,1706
742,8,8,2,5,6.0,2.0,3.0,497.0,150
743,6,1,23,2,4.0,3.0,4.0,444.0,3560
744,4,4,7,1,3.0,3.0,2.0,174.0,1196
745,8,8,45,2,6.0,5.0,2.0,469.0,3615
746,5,3,41,2,3.0,5.0,4.0,289.0,2779
747,3,2,10,2,5.0,6.0,3.0,590.0,236
748,4,4,7,1,2.0,4.0,2.0,66.0,571
749,8,10,32,1,4.0,3.0,1.0,94.0,568
750,5,3,16,2,6.0,4.0,4.0,279.0,2991
751,8,9,13,4,1.0,1.0,2.0,133.0,1821
752,1,7,35,2,4.0,6.0,4.0,180.0,2112
753,8,9,44,1,4.0,4.0,1.0,102.0,1003
754,7,6,30,3,4.0,5.0,3.0,265.0,3572
755,1,7,34,4,4.0,2.0,2.0,65.0,582
756,3,2,9,2,5.0,2.0,3.0,211.0,2762
757,4,4,38,1,3.0,4.0,2.0,147.0,1909
758,3,2,9,1,4.0,2.0,1.0,192.0,3191
759,2,5,17,2,4.0,3.0,2.0,253.0,3161
761,4,4,48,5,6.0,6.0,2.0,645.0,245
762,4,4,38,5,6.0,4.0,2.0,370.0,3385
763,5,3,37,1,2.0,3.0,2.0,189.0,2287
764,1,7,36,1,3.0,1.0,2.0,226.0,2803
765,8,9,13,1,1.0,1.0,1.0,170.0,1301
766,3,2,10,1,1.0,3.0,1.0,170.0,2257
767,3,2,5,1,3.0,4.0,2.0,254.0,2743
768,7,6,11,2,5.0,6.0,0.0,242.0,3065
769,5,3,37,1,3.0,1.0,2.0,174.0,1344
770,8,9,51,5,5.0,4.0,2.0,467.0,3439
771,7,6,24,1,2.0,2.0,2.0,144.0,1263
772,7,6,28,1,1.0,3.0,1.0,87.0,1099
773,6,1,23,1,2.0,4.0,1.0,103.0,1062
774,1,7,22,1,1.0,1.0,1.0,168.0,2124
775,6,1,23,1,2.0,4.0,2.0,171.0,1816
776,8,9,44,2,6.0,5.0,4.0,503.0,4077
777,1,7,35,3,5.0,4.0,3.0,532.0,1183
778,7,6,50,2,3.0,4.0,4.0,580.0,54
779,8,10,40,1,2.0,3.0,1.0,222.0,1546
780,8,8,1,1,1.0,4.0,2.0,106.0,1000
781,7,6,28,2,3.0,2.0,4.0,402.0,302
782,8,8,31,4,1.0,2.0,2.0,218.0,2128
783,8,8,31,2,5.0,5.0,4.0,257.0,3171
784,6,1,23,1,3.0,3.0,1.0,249.0,2051
785,7,6,24,1,3.0,1.0,2.0,258.0,2699
786,8,9,44,2,4.0,6.0,3.0,362.0,3718
787,6,1,33,2,6.0,3.0,4.0,288.0,3024
788,7,6,18,2,3.0,6.0,4.0,436.0,3688
789,1,7,19,2,3.0,2.0,4.0,579.0,3752
790,8,9,13,3,5.0,3.0,4.0,471.0,193
791,4,4,48,5,3.0,6.0,2.0,183.0,1960
792,6,1,33,1,3.0,3.0,2.0,152.0,1052
794,8,10,40,1,4.0,2.0,2.0,228.0,2745
795,8,8,31,1,4.0,1.0,2.0,238.0,2313
796,8,9,51,2,4.0,5.0,3.0,244.0,2950
797,7,6,52,1,4.0,1.0,1.0,136.0,908
798,2,5,53,2,3.0,3.0,4.0,715.0,288
799,3,2,9,1,2.0,1.0,1.0,238.0,3048
800,6,1,39,2,3.0,3.0,4.0,313.0,1774
801,8,9,51,3,3.0,4.0,4.0,307.0,3807
802,8,8,2,5,3.0,5.0,4.0,405.0,2563
803,8,10,32,1,4.0,3.0,1.0,225.0,2045
804,2,5,8,1,2.0,3.0,1.0,80.0,1227
805,8,9,44,2,5.0,6.0,2.0,629.0,3834
806,5,3,37,2,6.0,3.0,2.0,678.0,3507
807,1,7,36,2,3.0,6.0,3.0,606.0,1175
808,6,1,39,2,4.0,4.0,4.0,641.0,108
809,8,10,40,1,1.0,2.0,2.0,206.0,1673
810,7,6,50,1,2.0,2.0,1.0,185.0,1477
811,5,3,16,5,4.0,5.0,4.0,393.0,3176
812,1,7,21,2,4.0,5.0,3.0,360.0,2700
813,1,7,36,1,3.0,2.0,2.0,114.0,2077
814,5,3,16,2,3.0,6.0,2.0,341.0,2034
815,6,1,39,2,4.0,5.0,4.0,513.0,3883
816,8,10,49,2,3.0,4.0,2.0,280.0,2428
817,4,4,7,1,2.0,1.0,2.0,199.0,2663
818,1,7,43,2,6.0,3.0,3.0,562.0,3379
819,6,1,39,2,5.0,4.0,2.0,523.0,3241
820,1,7,34,2,4.0,2.0,3.0,649.0,138
821,8,9,13,2,5.0,6.0,2.0,354.0,3581
822,3,2,9,2,6.0,3.0,4.0,664.0,449
823,7,6,24,1,2.0,2.0,2.0,161.0,1566
824,5,3,37,3,3.0,4.0,2.0,240.0,3269
825,3,2,9,1,4.0,4.0,1.0,165.0,3131
826,8,10,25,1,1.0,4.0,1.0,83.0,807
827,7,6,28,1,1.0,1.0,2.0,221.0,3267
828,8,9,44,5,3.0,5.0,3.0,321.0,3619
829,4,4,7,1,3.0,4.0,1.0,210.0,1656
830,4,4,15,1,3.0,4.0,2.0,228.0,2273
831,8,8,29,5,3.0,6.0,4.0,552.0,3088
832,8,8,45,1,1.0,3.0,2.0,94.0,550
833,3,2,10,1,2.0,3.0,1.0,188.0,1567
834,6,1,39,3,5.0,5.0,2.0,335.0,3589
835,2,5,42,1,4.0,3.0,1.0,66.0,595
836,2,5,17,1,1.0,4.0,2.0,165.0,2010
837,8,8,20,5,6.0,2.0,2.0,580.0,3555
838,7,6,18,2,1.0,2.0,4.0,331.0,3340
839,8,10,25,2,4.0,5.0,3.0,610.0,98
841,2,5,53,1,3.0,4.0,2.0,167.0,1873
842,5,3,37,5,5.0,3.0,3.0,412.0,3666
843,2,5,42,1,1.0,2.0,2.0,122.0,1547
844,8,9,3,1,3.0,2.0,1.0,231.0,2153
845,8,9,3,2,5.0,6.0,2.0,631.0,3876
846,2,5,8,2,3.0,4.0,3.0,331.0,3797
847,6,1,39,4,3.0,1.0,1.0,153.0,2144
848,8,9,44,3,3.0,3.0,4.0,499.0,281
849,2,5,53,1,4.0,3.0,1.0,254.0,3038
850,2,5,53,2,6.0,2.0,2.0,744.0,3761
851,7,6,24,1,2.0,4.0,2.0,73.0,642
852,1,7,34,1,2.0,3.0,1.0,55.0,3520
853,3,2,5,1,1.0,4.0,1.0,175.0,2012
854,5,3,41,1,1.0,3.0,2.0,87.0,955
855,2,5,17,1,3.0,3.0,2.0,128.0,1623
856,3,2,9,2,6.0,5.0,3.0,475.0,3875
857,4,4,48,2,3.0,3.0,2.0,490.0,3908
858,3,2,5,2,6.0,2.0,2.0,599.0,301
859,7,6,26,2,6.0,6.0,2.0,384.0,2926
860,4,4,15,1,1.0,3.0,2.0,176.0,2345
861,8,10,25,1,2.0,3.0,2.0,213.0,2792
862,8,8,31,1,3.0,4.0,1.0,175.0,1817
863,1,7,35,1,4.0,1.0,2.0,198.0,3395
864,5,3,16,5,6.0,2.0,3.0,704.0,383
865,1,7,22,2,3.0,3.0,3.0,652.0,403
866,8,9,13,2,5.0,4.0,3.0,544.0,3056
867,7,6,30,1,1.0,2.0,1.0,245.0,2091
868,5,3,37,1,3.0,3.0,2.0,225.0,2655
869,8,8,29,1,2.0,1.0,1.0,182.0,2005
870,2,5,17,1,2.0,1.0,1.0,89.0,1095
871,8,10,40,1,1.0,4.0,2.0,69.0,3956
872,8,9,51,1,3.0,3.0,1.0,259.0,3072
873,5,3,41,1,3.0,2.0,2.0,57.0,3670
874,8,10,40,5,4.0,3.0,3.0,308.0,2552
875,8,9,51,1,1.0,1.0,1.0,248.0,3069
876,4,4,47,2,3.0,6.0,4.0,240.0,2757
877,8,8,14,2,5.0,2.0,2.0,306.0,3388
878,8,10,40,2,5.0,2.0,2.0,329.0,2901
879,5,3,16,1,2.0,1.0,1.0,259.0,1906
880,3,2,9,1,3.0,2.0,1.0,235.0,2935
881,8,10,32,1,2.0,4.0,1.0,96.0,979
882,4,4,48,2,4.0,5.0,2.0,501.0,3167
883,6,1,33,1,4.0,3.0,2.0,192.0,1374
884,8,8,14,1,4.0,3.0,2.0,203.0,2304
885,6,1,33,1,3.0,4.0,1.0,67.0,707
886,2,5,8,2,6.0,2.0,3.0,628.0,453
887,8,8,1,2,6.0,6.0,2.0,352.0,2261
888,2,5,8,1,4.0,1.0,1.0,158.0,3074
889,7,6,30,1,4.0,3.0,2.0,220.0,2704
890,6,1,39,2,6.0,2.0,2.0,436.0,3751
891,6,1,33,1,2.0,1.0,1.0,238.0,1872
892,8,8,45,1,2.0,4.0,2.0,89.0,816
893,5,3,41,2,3.0,6.0,3.0,657.0,3799
894,7,6,52,1,3.0,3.0,1.0,245.0,1852
895,4,4,47,1,3.0,4.0,2.0,167.0,1141
896,1,7,4,1,3.0,2.0,2.0,160.0,1341
897,7,6,26,1,1.0,4.0,2.0,171.0,1507
898,3,2,9,1,4.0,4.0,2.0,246.0,3399
899,2,5,6,2,3.0,3.0,3.0,537.0,130
900,1,7,27,1,4.0,3.0,2.0,155.0,1831
901,1,7,21,2,5.0,6.0,2.0,247.0,2364
902,8,8,14,2,5.0,2.0,3.0,612.0,255
903,3,2,5,2,6.0,6.0,2.0,504.0,3777
904,5,3,16,1,1.0,4.0,1.0,226.0,2252
905,2,5,17,1,3.0,2.0,2.0,143.0,1849
906,8,10,32,1,1.0,2.0,2.0,117.0,722
907,7,6,26,5,3.0,6.0,2.0,524.0,3626
908,8,8,29,5,6.0,5.0,2.0,535.0,3127
909,7,6,30,1,3.0,2.0,2.0,152.0,1528
910,5,3,41,1,2.0,1.0,1.0,197.0,2669
911,8,10,32,2,6.0,6.0,4.0,241.0,2885
912,8,10,49,1,2.0,2.0,2.0,161.0,2056
913,2,5,6,1,4.0,1.0,2.0,215.0,2016
914,5,3,37,1,1.0,2.0,1.0,57.0,3938
915,7,6,52,1,4.0,4.0,1.0,101.0,753
916,7,6,11,2,5.0,6.0,2.0,223.0,2640
917,1,7,36,5,3.0,4.0,4.0,485.0,3623
918,4,4,15,1,1.0,4.0,1.0,110.0,763
919,5,3,41,1,1.0,3.0,2.0,73.0,546
920,5,3,37,1,3.0,3.0,2.0,256.0,2598
921,4,4,7,2,4.0,3.0,3.0,630.0,87
922,7,6,24,1,3.0,1.0,2.0,189.0,2416
923,6,1,39,2,5.0,3.0,3.0,666.0,93
924,7,6,24,1,1.0,1.0,1.0,114.0,1310
925,7,6,50,3,5.0,3.0,4.0,341.0,3786
926,4,4,47,3,4.0,4.0,3.0,266.0,3089
927,7,6,28,5,4.0,5.0,4.0,504.0,435
928,4,4,47,2,3.0,5.0,3.0,602.0,3965
929,4,4,47,5,5.0,6.0,2.0,540.0,3969
930,5,3,41,5,5.0,5.0,4.0,208.0,1159
931,8,9,44,1,2.0,1.0,2.0,101.0,972
932,2,5,12,2,4.0,3.0,4.0,313.0,3415
933,4,4,15,1,2.0,3.0,1.0,225.0,2573
934,7,6,28,2,5.0,3.0,3.0,566.0,442
935,8,10,25,3,5.0,5.0,4.0,540.0,89
936,8,8,45,2,4.0,2.0,3.0,619.0,296
937,7,6,11,2,5.0,3.0,4.0,300.0,1670
938,3,2,5,1,4.0,4.0,1.0,107.0,886
939,8,10,49,2,6.0,5.0,2.0,621.0,3726
940,5,3,37,4,3.0,2.0,2.0,96.0,1060
941,8,9,51,2,5.0,3.0,4.0,641.0,3874
942,2,5,12,1,4.0,1.0,1.0,170.0,1433
943,2,5,53,1,2.0,4.0,2.0,238.0,2510
944,8,8,1,1,1.0,3.0,1.0,170.0,2039
945,5,3,41,4,1.0,1.0,2.0,179.0,2216
946,7,6,26,1,2.0,1.0,1.0,116.0,928
947,3,2,5,3,4.0,3.0,2.0,382.0,4112
948,4,4,7,2,5.0,2.0,2.0,691.0,4104
949,2,5,17,2,5.0,6.0,3.0,709.0,76
950,4,4,7,1,4.0,2.0,2.0,63.0,3985
951,8,9,51,2,3.0,5.0,3.0,347.0,3737
952,6,1,23,2,6.0,2.0,3.0,545.0,117
953,6,1,23,1,2.0,1.0,2.0,73.0,512
954,7,6,11,5,5.0,6.0,4.0,397.0,3763
955,1,7,46,1,2.0,4.0,1.0,113.0,1476
956,8,8,14,2,3.0,5.0,3.0,288.0,2764
957,8,9,51,2,6.0,5.0,4.0,455.0,4009
958,1,7,27,4,4.0,3.0,1.0,104.0,609
959,7,6,50,1,1.0,4.0,1.0,152.0,1535
960,8,9,3,4,4.0,1.0,1.0,103.0,772
961,4,4,48,2,4.0,2.0,3.0,682.0,204
962,7,6,11,1,1.0,3.0,1.0,175.0,2300
963,4,4,48,2,6.0,2.0,3.0,557.0,195
964,8,9,44,1,1.0,1.0,2.0,168.0,1658
965,8,9,44,1,1.0,3.0,2.0,161.0,1205
966,6,1,23,2,4.0,4.0,2.0,715.0,258
967,7,6,24,1,1.0,1.0,2.0,155.0,1185
968,6,1,39,1,3.0,3.0,2.0,199.0,1578
969,3,2,9,2,6.0,3.0,2.0,582.0,3836
970,8,8,45,5,5.0,4.0,4.0,645.0,387
971,6,1,39,5,5.0,3.0,2.0,369.0,2422
972,5,3,16,5,3.0,5.0,4.0,198.0,940
973,4,4,47,2,6.0,5.0,4.0,594.0,308
974,5,3,41,1,3.0,4.0,2.0,72.0,4068
975,8,9,51,2,3.0,3.0,2.0,394.0,3590
976,8,9,3,1,2.0,1.0,2.0,247.0,3028
977,8,9,44,1,1.0,2.0,1.0,239.0,2962
978,6,1,23,2,6.0,6.0,2.0,386.0,3190
979,5,3,16,2,3.0,2.0,4.0,622.0,78
980,6,1,39,1,3.0,1.0,2.0,152.0,2101
981,3,2,10,1,4.0,2.0,1.0,185.0,1271
982,4,4,38,1,1.0,3.0,2.0,171.0,1395
983,6,1,39,3,4.0,4.0,4.0,443.0,3492
984,8,9,13,1,4.0,3.0,2.0,109.0,1430
985,8,10,49,3,5.0,5.0,3.0,287.0,3297
986,4,4,48,5,5.0,5.0,2.0,392.0,3187
987,8,8,31,1,2.0,2.0,1.0,205.0,2738
988,8,8,2,1,4.0,3.0,1.0,103.0,599
989,1,7,27,5,5.0,3.0,2.0,695.0,3384
990,8,8,14,1,2.0,1.0,1.0,174.0,1838
991,2,5,42,1,3.0,2.0,1.0,230.0,1790
992,6,1,23,4,1.0,1.0,1.0,260.0,2024
993,3,2,9,2,3.0,3.0,3.0,340.0,3679
994,6,1,39,1,1.0,2.0,2.0,135.0,1067
995,8,8,2,2,6.0,2.0,2.0,665.0,41
996,7,6,11,2,5.0,5.0,3.0,431.0,3014
997,3,2,5,1,2.0,4.0,2.0,154.0,2068
998,3,2,10,1,1.0,4.0,1.0,247.0,1789
999,3,2,9,2,5.0,5.0,2.0,624.0,4016
1000,4,4,47,1,2.0,1.0,2.0,157.0,1976
1001,3,2,5,1,3.0,3.0,1.0,121.0,935
1002,4,4,48,1,4.0,3.0,2.0,248.0,2423
1003,7,6,18,2,5.0,5.0,4.0,309.0,3271
1004,3,2,5,2,5.0,6.0,3.0,343.0,2022
1005,1,7,46,1,2.0,3.0,2.0,179.0,1461
1006,1,7,27,2,5.0,2.0,2.0,307.0,3137
1007,7,6,24,1,2.0,2.0,2.0,126.0,1277
1008,5,3,41,2,6.0,6.0,4.0,433.0,2878
1009,2,5,12,1,3.0,4.0,1.0,87.0,950
1010,4,4,47,2,6.0,3.0,3.0,399.0,3550
1011,8,8,14,1,4.0,4.0,2.0,199.0,2691
1012,4,4,48,1,4.0,4.0,1.0,86.0,1046
1013,8,9,44,1,2.0,1.0,1.0,166.0,2251
1014,1,7,4,3,4.0,3.0,4.0,429.0,3630
1015,8,8,14,1,1.0,2.0,1.0,145.0,1561
1016,2,5,42,2,3.0,3.0,2.0,611.0,3240
1017,7,6,30,2,6.0,2.0,2.0,740.0,182
1018,8,8,2,2,6.0,6.0,3.0,643.0,4119
1019,4,4,48,5,4.0,3.0,4.0,651.0,178
1020,6,1,33,5,5.0,2.0,4.0,599.0,4102
1021,8,10,32,1,1.0,4.0,2.0,215.0,1775
1022,8,9,51,1,3.0,1.0,1.0,99.0,577
1024,8,9,51,2,4.0,3.0,4.0,634.0,3416
1025,3,2,10,1,1.0,4.0,1.0,137.0,1755
1026,8,9,44,2,5.0,5.0,3.0,273.0,1937
1027,8,8,29,2,4.0,3.0,3.0,271.0,2081
1028,7,6,26,1,1.0,3.0,1.0,56.0,3485
1029,7,6,26,2,4.0,5.0,3.0,444.0,3580
1030,8,8,1,2,4.0,5.0,4.0,696.0,168
1031,8,8,14,2,6.0,6.0,3.0,247.0,2851
1032,1,7,43,1,1.0,3.0,1.0,113.0,820
1033,7,6,26,1,2.0,2.0,2.0,188.0,1735
1034,8,10,32,4,4.0,1.0,1.0,258.0,3096
1035,5,3,16,1,2.0,1.0,1.0,173.0,1865
1036,5,3,16,5,6.0,4.0,4.0,397.0,3765
1037,3,2,5,2,3.0,4.0,2.0,584.0,326
1038,8,8,2,2,5.0,5.0,2.0,696.0,58
1039,2,5,53,2,6.0,4.0,2.0,509.0,3721
1040,8,10,32,4,3.0,1.0,1.0,215.0,1462
1041,5,3,16,2,3.0,3.0,3.0,749.0,438
1042,6,1,23,1,1.0,1.0,2.0,222.0,1965
1043,2,5,17,5,5.0,5.0,2.0,188.0,1246
1044,6,1,23,3,4.0,3.0,2.0,230.0,2947
1045,2,5,8,2,5.0,3.0,2.0,685.0,434
1046,1,7,22,1,2.0,1.0,1.0,260.0,3006
1047,8,8,2,2,6.0,3.0,4.0,378.0,3808
1048,5,3,41,1,2.0,1.0,1.0,240.0,1936
1049,8,9,13,3,3.0,5.0,4.0,360.0,3488
1050,1,7,46,1,4.0,1.0,2.0,214.0,1629
1051,2,5,17,5,6.0,4.0,2.0,710.0,290
1052,6,1,23,1,1.0,2.0,1.0,121.0,1460
1053,3,2,5,1,4.0,2.0,2.0,70.0,3744
1054,8,10,32,4,2.0,2.0,1.0,134.0,1425
1055,8,8,31,1,1.0,4.0,2.0,256.0,1921
1056,5,3,41,3,4.0,3.0,2.0,462.0,3952
1057,2,5,6,5,4.0,2.0,4.0,629.0,3433
1058,6,1,39,2,3.0,2.0,3.0,500.0,164
1059,8,8,2,2,6.0,2.0,3.0,622.0,3330
1060,8,8,31,2,3.0,4.0,3.0,591.0,3341
1061,5,3,16,2,3.0,5.0,3.0,655.0,162
1062,5,3,41,2,3.0,5.0,4.0,516.0,81
1063,8,10,25,2,3.0,6.0,2.0,309.0,3451
1064,3,2,5,1,4.0,4.0,1.0,112.0,832
1065,1,7,36,2,6.0,6.0,4.0,546.0,273
1066,5,3,41,1,2.0,4.0,2.0,204.0,2388
1067,7,6,50,4,2.0,1.0,1.0,179.0,1320
1068,4,4,15,2,4.0,3.0,2.0,529.0,3427
1069,6,1,39,1,4.0,3.0,2.0,207.0,2319
1070,4,4,15,2,6.0,2.0,3.0,404.0,2267
1071,8,10,40,1,2.0,2.0,2.0,238.0,2696
1072,4,4,7,1,1.0,3.0,1.0,68.0,608
1073,1,7,46,2,5.0,5.0,2.0,548.0,3053
1074,1,7,21,2,4.0,3.0,3.0,358.0,3169
1075,3,2,9,2,3.0,3.0,3.0,283.0,2538
1076,8,9,44,1,1.0,3.0,1.0,128.0,1648
1077,8,10,49,5,4.0,6.0,4.0,624.0,3332
1078,8,8,20,5,4.0,3.0,2.0,725.0,200
1079,2,5,42,1,2.0,1.0,1.0,187.0,2099
1080,8,9,13,2,5.0,3.0,4.0,680.0,3866
1081,8,8,2,1,1.0,2.0,2.0,242.0,3068
1082,2,5,17,1,2.0,3.0,2.0,184.0,2496
1083,6,1,23,2,6.0,6.0,4.0,217.0,1786
1084,8,10,40,1,2.0,4.0,1.0,128.0,1579
1085,4,4,38,2,5.0,4.0,4.0,266.0,1956
1086,8,8,14,1,3.0,2.0,1.0,169.0,2361
1087,5,3,16,1,4.0,4.0,2.0,144.0,2003
1088,2,5,42,1,2.0,4.0,1.0,117.0,767
1089,2,5,6,2,3.0,4.0,2.0,280.0,2011
1090,8,8,14,2,4.0,4.0,2.0,517.0,3552
1091,7,6,30,2,4.0,6.0,3.0,188.0,1772
1092,7,6,50,1,4.0,4.0,1.0,170.0,2374
1093,8,9,44,2,4.0,5.0,2.0,708.0,395
1094,3,2,5,1,4.0,3.0,1.0,130.0,1115
1095,4,4,48,2,6.0,6.0,2.0,563.0,3392
1096,5,3,37,1,1.0,4.0,2.0,136.0,1282
1097,4,4,48,1,4.0,3.0,2.0,200.0,1398
1098,5,3,37,3,3.0,4.0,4.0,542.0,404
1099,5,3,41,5,6.0,3.0,3.0,245.0,2944
1100,4,4,7,1,3.0,4.0,2.0,73.0,481
1101,8,8,31,1,1.0,4.0,1.0,97.0,762
1102,8,8,45,2,4.0,4.0,4.0,716.0,3569
1103,6,1,33,1,1.0,2.0,2.0,155.0,1926
1104,8,9,51,2,6.0,5.0,4.0,250.0,2641
1105,8,10,40,5,5.0,5.0,4.0,666.0,3713
1106,5,3,41,3,5.0,3.0,4.0,454.0,4001
1107,8,10,25,4,4.0,1.0,2.0,204.0,2158
1108,3,2,5,3,4.0,4.0,3.0,514.0,3764
1109,8,8,14,1,4.0,3.0,2.0,150.0,1329
1110,4,4,7,2,6.0,5.0,3.0,367.0,3816
1111,5,3,37,1,1.0,2.0,1.0,120.0,1211
1112,8,8,31,1,2.0,4.0,2.0,245.0,2180
1113,2,5,6,1,3.0,4.0,2.0,92.0,779
1114,8,10,25,1,1.0,4.0,2.0,137.0,1665
1115,8,10,32,2,5.0,2.0,4.0,319.0,2970
1116,6,1,23,1,1.0,2.0,2.0,85.0,981
1117,7,6,11,2,3.0,6.0,2.0,361.0,3080
1118,8,8,29,1,2.0,1.0,1.0,223.0,2402
1119,8,9,44,1,2.0,1.0,1.0,163.0,1130
1120,3,2,10,1,1.0,4.0,2.0,163.0,1146
1121,5,3,37,2,6.0,3.0,2.0,563.0,3661
1122,8,10,25,2,3.0,2.0,3.0,376.0,3828
1123,8,8,20,4,1.0,2.0,1.0,61.0,575
1124,3,2,9,5,5.0,6.0,4.0,374.0,260
1125,8,10,32,3,3.0,3.0,2.0,274.0,3328
1126,2,5,8,2,5.0,2.0,3.0,397.0,132
1127,8,10,25,1,3.0,3.0,1.0,67.0,469
1128,4,4,15,1,4.0,1.0,1.0,114.0,771
1129,5,3,16,4,4.0,2.0,2.0,94.0,901
1130,6,1,33,1,4.0,4.0,1.0,178.0,1186
1131,8,10,25,1,1.0,3.0,1.0,238.0,2921
1132,8,10,25,2,5.0,5.0,3.0,386.0,2824
1133,4,4,7,1,2.0,4.0,2.0,84.0,723
1134,2,5,53,1,1.0,4.0,2.0,242.0,1799
1135,8,10,49,1,2.0,1.0,1.0,255.0,2564
1136,5,3,16,1,2.0,4.0,1.0,66.0,708
1137,8,8,20,2,4.0,3.0,2.0,273.0,2169
1138,5,3,41,5,4.0,3.0,4.0,260.0,2823
1139,6,1,23,2,4.0,3.0,3.0,360.0,3658
1140,8,10,49,2,6.0,3.0,3.0,672.0,3487
1141,2,5,17,1,4.0,4.0,2.0,179.0,2325
1142,8,9,44,2,6.0,5.0,2.0,487.0,11
1143,3,2,9,1,2.0,3.0,2.0,168.0,2830
1144,6,1,23,1,1.0,1.0,2.0,84.0,964
1145,8,9,3,2,5.0,5.0,3.0,605.0,2
1146,2,5,17,1,1.0,4.0,1.0,81.0,813
1147,5,3,37,2,6.0,4.0,4.0,536.0,19
1148,6,1,39,1,1.0,4.0,2.0,238.0,2481
1149,8,10,32,2,5.0,2.0,4.0,331.0,2867
1150,5,3,16,3,3.0,4.0,2.0,528.0,380
1151,8,9,51,2,3.0,5.0,3.0,262.0,3017
1152,8,10,32,2,6.0,4.0,4.0,489.0,3949
1153,3,2,10,5,5.0,5.0,4.0,271.0,1891
1154,5,3,16,5,5.0,3.0,4.0,587.0,334
1155,7,6,24,4,4.0,1.0,1.0,67.0,657
1156,3,2,5,1,4.0,2.0,1.0,145.0,1307
1157,8,9,3,1,1.0,4.0,1.0,97.0,766
1158,1,7,4,5,4.0,4.0,3.0,631.0,341
1159,5,3,37,5,4.0,2.0,3.0,267.0,2751
1160,8,8,14,2,3.0,6.0,2.0,669.0,257
1161,8,8,1,2,3.0,6.0,2.0,279.0,2338
1162,3,2,9,1,3.0,4.0,2.0,243.0,3473
1163,5,3,16,1,3.0,3.0,1.0,142.0,1741
1164,4,4,38,2,5.0,4.0,2.0,183.0,2154
1165,4,4,7,2,3.0,6.0,3.0,434.0,3535
1166,6,1,39,1,4.0,4.0,1.0,50.0,3872
1167,1,7,27,5,5.0,5.0,2.0,676.0,159
1168,5,3,37,1,4.0,1.0,2.0,125.0,1073
1169,8,9,51,2,3.0,4.0,4.0,741.0,333
1170,8,9,44,4,4.0,2.0,1.0,104.0,794
1171,8,8,1,1,1.0,2.0,2.0,148.0,1544
1172,8,10,49,1,1.0,2.0,2.0,73.0,648
1173,8,10,25,1,4.0,4.0,2.0,256.0,2593
1174,8,10,49,2,3.0,2.0,2.0,528.0,116
1175,8,10,25,1,2.0,3.0,2.0,197.0,1321
1176,7,6,24,1,2.0,4.0,2.0,131.0,1502
1177,8,9,3,2,3.0,6.0,3.0,503.0,3231
1178,7,6,28,1,4.0,2.0,2.0,87.0,856
1179,5,3,16,1,1.0,3.0,2.0,211.0,2148
1180,6,1,23,1,4.0,1.0,2.0,89.0,690
1181,8,10,25,3,3.0,4.0,4.0,420.0,3897
1182,8,9,51,1,3.0,4.0,2.0,139.0,1680
1183,4,4,47,1,3.0,3.0,1.0,229.0,2769
1184,8,8,20,1,1.0,3.0,2.0,217.0,2049
1185,5,3,37,1,4.0,3.0,1.0,103.0,864
1186,8,10,25,1,1.0,2.0,2.0,159.0,1400
1187,1,7,35,1,4.0,2.0,1.0,80.0,1353
1188,5,3,16,4,4.0,2.0,1.0,80.0,630
1189,4,4,48,1,2.0,4.0,1.0,249.0,3042
1190,4,4,15,1,4.0,3.0,1.0,80.0,491
1191,8,8,1,1,2.0,1.0,2.0,120.0,836
1192,5,3,37,1,4.0,3.0,1.0,75.0,663
1193,8,8,31,3,5.0,3.0,3.0,230.0,3105
1194,3,2,10,1,4.0,1.0,1.0,242.0,2397
1195,8,8,20,5,4.0,2.0,4.0,637.0,4033
1196,8,8,1,2,4.0,3.0,2.0,442.0,2618
1197,8,8,1,1,3.0,2.0,2.0,218.0,1483
1198,8,10,49,2,5.0,6.0,3.0,323.0,3430
1199,6,1,39,1,3.0,2.0,1.0,219.0,1651
1200,8,10,25,2,5.0,3.0,2.0,745.0,4052
1201,5,3,16,2,6.0,2.0,4.0,441.0,3323
1202,4,4,7,1,1.0,3.0,2.0,227.0,2086
1203,3,2,9,2,5.0,3.0,4.0,561.0,440
1204,3,2,10,2,4.0,4.0,3.0,568.0,3050
1205,5,3,37,2,3.0,6.0,2.0,741.0,269
1206,8,8,14,1,3.0,3.0,2.0,87.0,689
1207,7,6,24,2,4.0,5.0,2.0,306.0,2401
1208,3,2,10,5,6.0,2.0,4.0,537.0,252
1209,5,3,16,1,1.0,1.0,1.0,131.0,1552
1210,8,9,13,5,6.0,5.0,4.0,310.0,2719
1211,1,7,46,1,2.0,2.0,2.0,195.0,2115
1212,1,7,27,1,2.0,4.0,2.0,96.0,1105
1213,2,5,17,1,3.0,4.0,1.0,128.0,891
1214,7,6,26,1,1.0,1.0,1.0,236.0,2442
1215,8,8,20,1,1.0,3.0,2.0,256.0,1864
1216,4,4,38,3,3.0,4.0,3.0,483.0,366
1217,3,2,10,2,3.0,6.0,2.0,187.0,2119
1218,3,2,10,1,1.0,4.0,1.0,222.0,2268
1219,8,9,51,1,2.0,3.0,1.0,158.0,2197
1220,4,4,7,1,1.0,3.0,1.0,188.0,1577
1221,7,6,30,1,3.0,2.0,1.0,238.0,2844
1222,8,10,49,3,5.0,5.0,2.0,457.0,276
1223,6,1,33,1,4.0,3.0,2.0,140.0,1054
1224,1,7,27,5,4.0,5.0,3.0,189.0,1171
1225,4,4,48,2,4.0,5.0,2.0,679.0,3255
1226,8,9,13,2,6.0,4.0,3.0,553.0,4039
1227,8,9,13,2,6.0,5.0,2.0,323.0,3034
1228,4,4,47,1,2.0,1.0,1.0,122.0,755
1229,8,9,44,1,3.0,1.0,1.0,220.0,2187
1230,6,1,39,4,1.0,4.0,2.0,190.0,2584
1231,8,9,13,1,4.0,4.0,1.0,78.0,466
1232,1,7,4,2,3.0,3.0,2.0,530.0,3948
1233,5,3,41,2,6.0,4.0,3.0,677.0,3517
1234,4,4,7,1,2.0,2.0,2.0,246.0,2164
1235,7,6,28,1,4.0,2.0,2.0,230.0,2910
1236,3,2,10,2,4.0,3.0,2.0,315.0,3085
1237,1,7,22,4,2.0,4.0,1.0,207.0,2054
1238,8,8,2,2,6.0,6.0,3.0,416.0,3136
1239,2,5,17,1,4.0,1.0,2.0,78.0,640
1240,2,5,42,3,5.0,4.0,2.0,383.0,3329
1241,8,9,51,2,5.0,3.0,3.0,663.0,4017
1242,5,3,37,1,3.0,4.0,2.0,135.0,1424
1243,8,8,1,1,2.0,3.0,2.0,239.0,2789
1244,5,3,41,1,2.0,3.0,1.0,199.0,2441
1245,8,8,1,2,3.0,2.0,4.0,375.0,2906
1246,6,1,33,2,5.0,4.0,4.0,665.0,3821
1247,3,2,10,2,4.0,3.0,3.0,743.0,21
1248,3,2,5,5,6.0,2.0,3.0,249.0,2864
1249,4,4,38,3,5.0,3.0,2.0,526.0,106
1250,8,9,13,2,3.0,3.0,4.0,587.0,121
1251,3,2,10,4,2.0,4.0,2.0,193.0,2380
1252,4,4,38,2,4.0,2.0,2.0,403.0,3805
1253,1,7,46,1,3.0,3.0,1.0,125.0,1230
1254,3,2,9,2,3.0,6.0,2.0,478.0,3512
1255,8,9,13,3,4.0,3.0,4.0,347.0,3461
1256,3,2,9,2,5.0,6.0,3.0,512.0,3754
1257,3,2,5,1,4.0,3.0,2.0,64.0,3566
1258,2,5,8,1,3.0,2.0,2.0,54.0,509
1259,4,4,15,5,4.0,5.0,2.0,512.0,3576
1260,8,10,32,2,4.0,5.0,3.0,331.0,3311
1261,8,8,45,2,4.0,3.0,2.0,682.0,3806
1262,7,6,24,1,2.0,4.0,1.0,67.0,3983
1263,8,8,45,2,6.0,2.0,4.0,719.0,3767
1264,1,7,34,2,6.0,2.0,2.0,193.0,2675
1265,1,7,4,2,3.0,4.0,2.0,193.0,926
1266,8,8,29,1,3.0,1.0,1.0,85.0,991
1267,5,3,16,5,5.0,4.0,3.0,338.0,2856
1268,1,7,46,1,1.0,1.0,1.0,76.0,645
1269,8,8,29,5,6.0,3.0,2.0,409.0,2390
1270,8,10,32,1,3.0,3.0,1.0,225.0,2705
1271,8,8,45,2,3.0,3.0,2.0,468.0,3628
1272,8,8,29,1,3.0,1.0,1.0,204.0,1870
1273,8,9,44,1,2.0,4.0,1.0,220.0,2460
1274,5,3,16,1,1.0,1.0,2.0,219.0,2608
1275,8,8,2,2,4.0,3.0,3.0,331.0,3142
1276,6,1,39,1,4.0,1.0,1.0,197.0,2520
1277,7,6,11,2,4.0,3.0,3.0,541.0,3766
1278,6,1,23,1,4.0,3.0,1.0,255.0,2623
1279,4,4,48,1,4.0,2.0,2.0,71.0,714
1280,3,2,10,1,2.0,1.0,1.0,142.0,850
1281,8,10,25,1,4.0,2.0,1.0,65.0,562
1282,2,5,8,2,4.0,6.0,3.0,428.0,3835
1283,8,10,25,1,1.0,2.0,2.0,237.0,1754
1284,4,4,15,2,3.0,6.0,2.0,668.0,359
1285,8,9,51,2,4.0,2.0,2.0,258.0,1366
1286,5,3,16,2,4.0,5.0,4.0,323.0,3350
1287,7,6,52,1,3.0,4.0,1.0,123.0,890
1288,8,9,51,5,3.0,6.0,2.0,695.0,3778
1289,1,7,43,5,6.0,6.0,4.0,444.0,3916
1290,3,2,5,1,4.0,2.0,2.0,73.0,695
1291,8,9,3,1,1.0,2.0,2.0,97.0,590
1292,6,1,23,1,4.0,4.0,1.0,63.0,555
1293,4,4,7,2,3.0,2.0,3.0,523.0,2938
1294,8,10,49,2,3.0,2.0,2.0,191.0,1837
1295,8,10,40,1,1.0,2.0,2.0,71.0,3822
1296,5,3,16,2,5.0,2.0,3.0,188.0,1941
1297,7,6,26,1,3.0,4.0,2.0,83.0,497
1298,2,5,17,5,3.0,6.0,2.0,204.0,2674
1299,4,4,48,1,1.0,3.0,1.0,88.0,1023
1300,8,8,31,2,4.0,3.0,4.0,324.0,2482
1301,3,2,10,4,3.0,4.0,1.0,136.0,1413
1302,2,5,12,5,6.0,2.0,4.0,576.0,3692
1303,8,10,25,4,4.0,1.0,1.0,86.0,780
1304,3,2,9,1,4.0,3.0,1.0,125.0,1792
1305,8,8,14,1,3.0,1.0,1.0,95.0,1125
1306,7,6,52,4,4.0,2.0,1.0,195.0,2628
1307,1,7,27,5,6.0,5.0,4.0,312.0,3149
1308,2,5,12,5,5.0,4.0,0.0,603.0,166
1309,7,6,24,1,1.0,2.0,1.0,89.0,554
1310,7,6,26,2,6.0,2.0,2.0,577.0,48
1311,8,8,14,1,4.0,1.0,1.0,96.0,628
1312,4,4,48,2,5.0,2.0,3.0,530.0,137
1313,6,1,33,1,4.0,1.0,2.0,166.0,1138
1314,3,2,9,3,3.0,5.0,2.0,383.0,425
1315,1,7,34,1,1.0,3.0,2.0,171.0,1666
1316,1,7,21,5,6.0,4.0,3.0,360.0,2387
1317,8,9,51,2,3.0,4.0,4.0,642.0,127
1318,3,2,9,1,3.0,2.0,1.0,73.0,1360
1319,2,5,42,2,5.0,5.0,3.0,666.0,305
1320,8,9,44,1,4.0,1.0,1.0,69.0,4049
1321,2,5,53,4,3.0,1.0,1.0,167.0,1441
1322,6,1,23,2,6.0,4.0,4.0,183.0,2140
1323,8,9,44,1,1.0,1.0,1.0,240.0,2329
1324,4,4,38,1,4.0,2.0,2.0,103.0,824
1325,5,3,37,1,3.0,1.0,2.0,128.0,1744
1326,8,8,31,1,4.0,4.0,2.0,140.0,1599
1327,3,2,5,1,3.0,1.0,1.0,167.0,2179
1328,2,5,8,1,2.0,4.0,2.0,122.0,2455
1329,7,6,18,4,1.0,1.0,1.0,207.0,2585
1330,8,8,45,1,1.0,4.0,1.0,220.0,2421
1331,4,4,7,2,6.0,6.0,3.0,297.0,2412
1332,6,1,33,1,4.0,4.0,2.0,51.0,4025
1333,8,10,49,2,5.0,4.0,3.0,427.0,2378
1334,4,4,47,2,4.0,4.0,4.0,505.0,3703
1335,8,9,44,2,6.0,3.0,4.0,582.0,3174
1336,5,3,16,2,6.0,3.0,3.0,505.0,4054
1337,8,9,44,2,4.0,6.0,2.0,581.0,264
1338,7,6,11,3,3.0,3.0,2.0,233.0,3184
1339,1,7,34,2,3.0,6.0,3.0,205.0,1396
1340,6,1,39,1,3.0,2.0,1.0,217.0,2222
1341,7,6,28,1,2.0,4.0,2.0,218.0,2617
1342,7,6,18,3,5.0,3.0,4.0,516.0,3894
1343,8,8,45,3,3.0,3.0,2.0,364.0,3633
1344,8,9,51,2,5.0,3.0,3.0,283.0,3082
1345,1,7,43,2,3.0,3.0,4.0,609.0,4106
1346,2,5,53,3,3.0,3.0,3.0,225.0,2678
1347,5,3,41,1,1.0,1.0,2.0,138.0,1882
1348,5,3,41,1,2.0,3.0,1.0,99.0,540
1349,3,2,9,1,2.0,2.0,2.0,79.0,1091
1350,1,7,27,2,3.0,3.0,3.0,460.0,3829
1351,8,10,25,1,3.0,4.0,2.0,161.0,2264
1352,4,4,7,2,4.0,4.0,3.0,285.0,3245
1353,5,3,16,2,4.0,5.0,3.0,636.0,120
1354,5,3,41,2,5.0,6.0,2.0,572.0,4114
1355,8,10,49,1,1.0,4.0,1.0,58.0,607
1356,7,6,26,2,5.0,5.0,2.0,297.0,2351
1357,2,5,17,1,3.0,2.0,1.0,105.0,1134
1358,2,5,8,1,1.0,1.0,2.0,226.0,2545
1359,2,5,8,1,3.0,2.0,1.0,148.0,2500
1360,5,3,37,1,1.0,3.0,1.0,196.0,2498
1361,4,4,15,5,4.0,3.0,2.0,685.0,292
1362,1,7,22,1,1.0,4.0,1.0,203.0,2343
1363,5,3,16,2,3.0,4.0,2.0,184.0,2181
1364,7,6,11,5,6.0,2.0,4.0,720.0,3460
1365,2,5,53,2,6.0,2.0,3.0,488.0,3513
1366,2,5,42,1,3.0,4.0,1.0,150.0,1611
1367,6,1,23,5,3.0,4.0,4.0,285.0,1637
1368,8,10,25,5,4.0,2.0,3.0,626.0,3789
1369,8,9,51,2,5.0,6.0,2.0,233.0,2122
1370,1,7,35,2,5.0,2.0,3.0,517.0,444
1371,5,3,16,2,4.0,3.0,4.0,651.0,3571
1372,8,9,13,5,6.0,5.0,4.0,305.0,3250
1373,3,2,9,1,4.0,3.0,2.0,247.0,3741
1374,8,10,25,2,5.0,2.0,3.0,428.0,4015
1375,8,10,25,2,6.0,2.0,2.0,193.0,2723
1376,8,10,32,5,4.0,5.0,2.0,528.0,3475
1377,5,3,41,1,3.0,3.0,2.0,217.0,2017
1378,3,2,9,3,3.0,4.0,3.0,451.0,454
1379,3,2,9,1,2.0,1.0,2.0,158.0,2295
1380,7,6,18,2,3.0,2.0,2.0,196.0,2294
1381,8,9,13,2,6.0,4.0,3.0,301.0,3281
1382,8,8,14,1,2.0,4.0,2.0,180.0,2113
1383,1,7,19,2,3.0,2.0,4.0,571.0,4092
1384,8,10,49,2,4.0,6.0,3.0,722.0,409
1385,6,1,39,1,1.0,2.0,1.0,106.0,732
1386,1,7,36,1,2.0,1.0,1.0,120.0,1888
1387,5,3,41,1,4.0,4.0,1.0,106.0,977
1388,6,1,33,2,4.0,4.0,4.0,474.0,113
1389,5,3,16,1,1.0,2.0,2.0,239.0,2644
1390,8,10,40,1,1.0,2.0,1.0,135.0,1765
1391,8,9,51,1,4.0,3.0,1.0,95.0,842
1392,8,8,20,1,1.0,3.0,2.0,199.0,1336
1393,6,1,33,1,1.0,1.0,2.0,108.0,1406
1394,8,9,3,1,1.0,3.0,2.0,165.0,2272
1395,2,5,12,2,6.0,4.0,3.0,649.0,3210
1396,2,5,42,1,4.0,1.0,2.0,225.0,1615
1397,8,9,44,5,4.0,4.0,3.0,211.0,1848
1398,5,3,41,1,4.0,3.0,1.0,240.0,2023
1399,8,10,32,1,3.0,4.0,1.0,117.0,1280
1400,2,5,17,1,3.0,3.0,1.0,60.0,499
1401,5,3,37,1,4.0,3.0,2.0,78.0,3869
1402,6,1,39,2,4.0,6.0,3.0,346.0,3035
1403,6,1,23,2,5.0,2.0,3.0,221.0,1860
1404,7,6,18,2,5.0,2.0,3.0,540.0,209
1405,1,7,36,2,5.0,4.0,4.0,338.0,3123
1406,7,6,11,4,2.0,4.0,1.0,124.0,1107
1407,1,7,19,3,3.0,5.0,4.0,417.0,4109
1408,4,4,47,5,5.0,6.0,3.0,357.0,3574
1409,4,4,15,5,4.0,3.0,3.0,318.0,3133
1410,3,2,9,1,1.0,3.0,2.0,189.0,2741
1411,4,4,48,2,6.0,4.0,4.0,546.0,4111
1412,2,5,17,1,4.0,4.0,1.0,193.0,1356
1413,4,4,47,1,3.0,2.0,2.0,82.0,715
1414,1,7,43,2,3.0,5.0,4.0,651.0,3355
1415,8,8,1,2,3.0,4.0,4.0,279.0,2589
1416,5,3,16,1,1.0,1.0,1.0,229.0,2279
1417,3,2,9,1,4.0,2.0,1.0,222.0,2972
1418,7,6,30,1,1.0,4.0,1.0,79.0,4069
1419,1,7,4,1,1.0,1.0,1.0,102.0,672
1420,6,1,33,5,6.0,5.0,2.0,304.0,2816
1421,4,4,48,4,2.0,3.0,2.0,218.0,1928
1422,4,4,7,1,2.0,2.0,1.0,93.0,1168
1423,3,2,9,1,3.0,3.0,1.0,200.0,3425
1424,2,5,53,2,6.0,2.0,3.0,606.0,56
1425,8,9,51,2,3.0,6.0,3.0,191.0,2523
1426,7,6,24,1,4.0,1.0,2.0,85.0,978
1427,6,1,23,2,4.0,4.0,4.0,695.0,3904
1428,2,5,53,1,1.0,2.0,1.0,140.0,1573
1429,6,1,39,5,4.0,4.0,4.0,490.0,3762
1430,8,8,2,1,4.0,4.0,1.0,197.0,2687
1431,3,2,5,2,5.0,6.0,4.0,536.0,128
1432,5,3,16,2,3.0,3.0,2.0,278.0,3334
1433,8,8,45,3,4.0,4.0,2.0,341.0,3249
1434,8,9,44,1,4.0,1.0,1.0,206.0,2189
1435,8,8,1,5,3.0,5.0,3.0,210.0,1587
1436,2,5,6,1,4.0,2.0,1.0,100.0,883
1437,6,1,23,1,2.0,2.0,1.0,161.0,1490
1438,8,8,29,2,3.0,3.0,2.0,323.0,1798
1439,2,5,17,1,1.0,3.0,1.0,224.0,2932
1440,8,10,40,1,4.0,3.0,2.0,208.0,1871
1441,8,8,45,1,4.0,1.0,1.0,82.0,724
1442,8,8,1,1,1.0,3.0,1.0,107.0,1032
1443,7,6,26,1,1.0,2.0,2.0,69.0,506
1444,3,2,10,1,4.0,1.0,1.0,199.0,2636
1445,7,6,24,2,6.0,4.0,2.0,522.0,3030
1446,8,9,3,1,3.0,1.0,1.0,176.0,1340
1447,5,3,41,1,1.0,3.0,1.0,156.0,1149
1448,3,2,5,3,4.0,5.0,2.0,273.0,2724
1449,6,1,39,2,5.0,5.0,3.0,490.0,3411
1450,1,7,36,2,4.0,6.0,4.0,568.0,456
1451,1,7,46,1,4.0,4.0,1.0,160.0,2083
1452,3,2,9,2,3.0,6.0,3.0,540.0,57
1453,2,5,17,3,3.0,3.0,2.0,521.0,3729
1454,8,10,32,1,1.0,1.0,1.0,258.0,2066
1455,8,8,1,2,4.0,4.0,2.0,501.0,3714
1456,5,3,41,5,5.0,3.0,4.0,587.0,99
1457,8,8,31,2,5.0,6.0,2.0,686.0,423
1458,2,5,8,1,3.0,3.0,2.0,217.0,3126
1459,3,2,5,1,1.0,1.0,2.0,155.0,2145
1460,7,6,18,2,4.0,6.0,2.0,492.0,4085
1461,8,10,25,1,2.0,1.0,1.0,228.0,2858
1462,6,1,33,2,3.0,4.0,3.0,573.0,3819
1463,8,8,1,2,6.0,5.0,2.0,571.0,3999
1464,6,1,33,2,6.0,3.0,4.0,621.0,223
1465,1,7,22,2,5.0,2.0,4.0,524.0,3602
1466,5,3,37,1,3.0,4.0,2.0,250.0,1995
1467,8,8,29,1,3.0,4.0,2.0,196.0,2109
1468,8,9,44,1,2.0,2.0,1.0,121.0,1189
1469,8,8,20,1,3.0,3.0,2.0,59.0,4071
1470,2,5,42,1,1.0,1.0,2.0,195.0,2248
1471,7,6,11,1,1.0,4.0,1.0,169.0,1156
1472,2,5,17,1,2.0,4.0,1.0,198.0,1560
1473,7,6,50,4,4.0,2.0,2.0,246.0,2631
1474,7,6,52,2,4.0,3.0,4.0,230.0,2002
1475,8,8,31,2,6.0,6.0,3.0,222.0,2791
1476,8,10,25,4,3.0,3.0,1.0,223.0,2611
1477,3,2,10,2,4.0,4.0,2.0,259.0,2981
1478,6,1,33,1,2.0,2.0,2.0,196.0,2371
1479,4,4,47,1,3.0,2.0,1.0,133.0,1517
1480,2,5,17,5,5.0,5.0,3.0,211.0,1553
1481,2,5,6,2,4.0,6.0,2.0,288.0,3299
1482,8,10,49,1,3.0,2.0,2.0,199.0,1420
1483,8,9,44,1,1.0,1.0,1.0,194.0,2649
1484,5,3,41,1,4.0,1.0,1.0,205.0,2701
1485,3,2,10,1,3.0,2.0,2.0,112.0,1157
1486,8,10,49,2,5.0,2.0,4.0,426.0,3654
1487,4,4,15,2,3.0,4.0,4.0,675.0,376
1488,8,10,32,1,2.0,2.0,1.0,248.0,2956
1489,5,3,41,2,5.0,4.0,3.0,501.0,3148
1490,8,8,45,1,2.0,4.0,1.0,96.0,1127
1491,1,7,4,2,5.0,6.0,4.0,661.0,3542
1492,8,9,51,5,3.0,3.0,2.0,315.0,3293
1493,3,2,5,3,4.0,3.0,3.0,505.0,9
1494,7,6,18,1,3.0,1.0,1.0,68.0,604
1495,6,1,23,1,4.0,3.0,2.0,229.0,2075
1496,8,9,51,2,3.0,6.0,4.0,558.0,267
1497,6,1,23,1,2.0,3.0,1.0,109.0,1064
1498,6,1,23,2,6.0,4.0,3.0,573.0,3852
1499,8,9,3,2,4.0,5.0,4.0,464.0,4011
1500,5,3,16,2,5.0,3.0,2.0,474.0,3456
1501,6,1,23,2,4.0,4.0,3.0,288.0,2475
1502,7,6,11,2,4.0,2.0,4.0,220.0,2727
1503,3,2,9,2,3.0,4.0,2.0,468.0,397
1504,4,4,48,1,4.0,3.0,1.0,233.0,2064
1505,6,1,23,1,1.0,2.0,2.0,237.0,2092
1506,2,5,6,1,2.0,1.0,2.0,90.0,1110
1507,2,5,42,1,1.0,3.0,1.0,160.0,1255
1508,3,2,5,2,3.0,2.0,2.0,320.0,3429
1509,4,4,7,1,3.0,4.0,1.0,174.0,1628
1510,6,1,23,2,3.0,6.0,4.0,399.0,2239
1511,4,4,47,1,2.0,2.0,1.0,157.0,1618
1512,5,3,16,1,2.0,3.0,2.0,185.0,1738
1513,7,6,28,5,6.0,5.0,4.0,581.0,452
1514,2,5,12,1,1.0,2.0,1.0,243.0,2632
1515,4,4,48,1,4.0,1.0,1.0,168.0,1927
1516,8,8,14,1,2.0,4.0,2.0,203.0,2556
1517,8,10,25,2,4.0,5.0,2.0,510.0,3557
1518,2,5,17,1,4.0,4.0,2.0,116.0,725
1519,7,6,52,1,3.0,1.0,2.0,164.0,2097
1520,8,10,40,1,1.0,3.0,1.0,204.0,1423
1521,1,7,43,2,5.0,4.0,4.0,244.0,3115
1522,1,7,46,2,4.0,3.0,4.0,585.0,3695
1523,7,6,11,3,4.0,4.0,2.0,503.0,13
1524,1,7,36,5,3.0,6.0,3.0,676.0,4096
1525,8,9,13,1,2.0,2.0,1.0,119.0,879
1526,4,4,48,2,5.0,2.0,2.0,255.0,2959
1527,4,4,47,2,4.0,2.0,4.0,580.0,3591
1528,5,3,16,1,4.0,1.0,2.0,120.0,1521
1529,8,10,25,2,6.0,5.0,3.0,619.0,3407
1530,8,10,32,1,4.0,3.0,1.0,147.0,919
1531,6,1,39,1,3.0,1.0,2.0,107.0,596
1532,4,4,7,1,4.0,1.0,2.0,135.0,1084
1533,8,8,1,1,2.0,4.0,1.0,71.0,4093
1534,4,4,38,5,4.0,2.0,3.0,438.0,3634
1535,7,6,50,5,3.0,4.0,4.0,596.0,3051
1536,7,6,28,1,4.0,4.0,2.0,216.0,3100
1537,2,5,17,1,1.0,1.0,2.0,229.0,1879
1538,4,4,7,1,2.0,1.0,1.0,100.0,1167
1539,8,8,1,5,6.0,3.0,4.0,717.0,315
1540,8,9,44,1,3.0,1.0,2.0,125.0,1240
1541,3,2,5,1,3.0,2.0,1.0,124.0,1085
1542,5,3,41,1,3.0,4.0,2.0,103.0,1043
1543,8,9,3,1,4.0,1.0,2.0,156.0,1392
1544,8,9,44,2,3.0,4.0,4.0,372.0,2913
1545,8,8,29,1,1.0,1.0,2.0,202.0,1862
1546,8,8,14,1,2.0,3.0,1.0,99.0,900
1547,7,6,26,1,3.0,3.0,2.0,115.0,971
1548,8,8,29,2,4.0,4.0,2.0,449.0,3919
1549,8,8,20,1,4.0,3.0,2.0,256.0,3101
1550,8,10,40,2,4.0,3.0,2.0,330.0,2454
1551,8,9,44,5,5.0,2.0,2.0,320.0,3313
1552,6,1,23,1,3.0,3.0,1.0,111.0,1275
1553,4,4,48,1,3.0,3.0,2.0,185.0,1428
1554,5,3,37,4,3.0,2.0,2.0,193.0,2512
1555,6,1,39,1,1.0,4.0,2.0,95.0,503
1556,2,5,17,1,3.0,4.0,1.0,207.0,2027
1557,4,4,15,2,3.0,3.0,3.0,549.0,77
1558,8,10,25,1,3.0,1.0,2.0,114.0,1506
1559,1,7,34,2,5.0,5.0,3.0,224.0,3039
1560,7,6,30,1,1.0,4.0,2.0,175.0,1596
1561,6,1,39,5,3.0,2.0,3.0,209.0,2790
1562,8,9,3,5,4.0,2.0,3.0,302.0,1895
1563,6,1,39,1,3.0,1.0,2.0,99.0,522
1564,2,5,53,5,5.0,3.0,4.0,555.0,80
1565,1,7,43,1,1.0,1.0,1.0,244.0,3071
1566,8,9,13,2,6.0,2.0,3.0,383.0,3861
1567,3,2,5,2,3.0,4.0,3.0,539.0,3258
1568,2,5,17,1,1.0,4.0,1.0,79.0,463
1569,8,9,51,2,3.0,3.0,2.0,402.0,3862
1570,2,5,17,2,4.0,4.0,4.0,375.0,2683
1571,7,6,24,1,3.0,2.0,2.0,85.0,777
1572,4,4,7,5,5.0,3.0,2.0,482.0,3450
1573,6,1,23,2,5.0,6.0,3.0,537.0,191
1574,3,2,5,5,4.0,2.0,4.0,574.0,3465
1575,3,2,10,2,6.0,4.0,4.0,475.0,3305
1576,2,5,53,4,3.0,1.0,0.0,116.0,1018
1577,7,6,24,3,5.0,5.0,4.0,315.0,3709
1578,8,9,44,1,3.0,4.0,1.0,132.0,966
1579,2,5,6,2,6.0,4.0,3.0,282.0,2278
1580,2,5,42,2,4.0,2.0,3.0,647.0,329
1581,5,3,41,1,4.0,4.0,1.0,114.0,1286
1582,5,3,16,1,4.0,3.0,1.0,109.0,1427
1583,8,8,45,1,3.0,4.0,1.0,91.0,1135
1584,8,9,13,5,4.0,6.0,2.0,313.0,3525
1585,2,5,6,4,3.0,2.0,2.0,167.0,2105
1586,8,9,44,2,4.0,3.0,2.0,488.0,3587
1587,8,8,20,2,4.0,5.0,2.0,430.0,3018
1588,3,2,5,2,4.0,4.0,2.0,662.0,309
1589,4,4,7,3,5.0,4.0,3.0,344.0,3248
1590,4,4,7,1,2.0,4.0,2.0,122.0,1488
1591,5,3,16,1,3.0,4.0,1.0,106.0,837
1592,8,10,49,1,1.0,4.0,1.0,215.0,2226
1593,8,9,44,2,4.0,4.0,3.0,275.0,2707
1594,4,4,7,1,3.0,3.0,2.0,222.0,2886
1595,1,7,22,4,4.0,2.0,1.0,151.0,1160
1596,6,1,33,1,1.0,4.0,1.0,91.0,868
1597,8,9,44,1,1.0,4.0,2.0,158.0,1101
1598,7,6,26,2,3.0,6.0,3.0,694.0,151
1599,6,1,39,1,3.0,1.0,1.0,158.0,1950
1600,8,8,20,2,5.0,3.0,4.0,645.0,152
1601,1,7,19,2,3.0,5.0,3.0,555.0,3094
1602,5,3,41,1,4.0,3.0,2.0,246.0,1834
1603,3,2,5,2,5.0,5.0,2.0,637.0,4055
1604,7,6,24,1,3.0,1.0,2.0,113.0,904
1605,8,8,29,2,4.0,5.0,3.0,461.0,3578
1606,6,1,39,1,4.0,1.0,1.0,133.0,1545
1607,1,7,4,1,1.0,4.0,1.0,136.0,1436
1608,4,4,48,2,5.0,2.0,3.0,299.0,2414
1609,5,3,16,4,2.0,1.0,2.0,196.0,2601
1610,8,10,32,2,4.0,4.0,4.0,226.0,2924
1611,4,4,7,1,3.0,1.0,2.0,103.0,556
1612,4,4,7,2,6.0,6.0,4.0,505.0,3098
1613,8,10,40,2,5.0,3.0,2.0,474.0,4124
1614,6,1,39,1,3.0,4.0,2.0,192.0,1315
1615,2,5,42,1,4.0,2.0,2.0,240.0,3036
1616,8,10,40,1,3.0,4.0,1.0,219.0,1780
1617,6,1,39,4,1.0,2.0,2.0,127.0,1314
1618,2,5,17,1,1.0,2.0,1.0,209.0,2469
1619,5,3,16,1,1.0,3.0,2.0,110.0,1226
1620,3,2,9,1,1.0,1.0,2.0,105.0,1556
1621,8,8,29,2,4.0,5.0,4.0,598.0,4004
1622,8,10,32,3,4.0,4.0,3.0,542.0,3990
1623,2,5,12,1,4.0,2.0,2.0,176.0,2346
1624,7,6,52,2,4.0,5.0,3.0,183.0,2321
1625,2,5,17,1,1.0,4.0,2.0,157.0,2000
1626,8,10,25,1,2.0,1.0,2.0,55.0,4062
1627,5,3,37,2,6.0,2.0,3.0,203.0,2692
1628,4,4,38,1,2.0,2.0,2.0,144.0,1394
1630,8,10,32,1,4.0,2.0,1.0,168.0,2333
1631,8,8,2,1,3.0,2.0,1.0,168.0,1256
1632,1,7,36,1,4.0,4.0,2.0,68.0,1228
1633,7,6,18,1,1.0,4.0,2.0,235.0,1866
1634,7,6,26,5,3.0,4.0,3.0,703.0,408
1635,6,1,23,1,1.0,2.0,2.0,244.0,2137
1636,8,9,13,1,3.0,2.0,1.0,253.0,3093
1637,8,10,49,2,3.0,5.0,4.0,683.0,3966
1638,7,6,50,2,6.0,4.0,3.0,444.0,3910
1639,7,6,24,1,2.0,3.0,1.0,106.0,1147
1640,5,3,16,1,3.0,2.0,2.0,171.0,2242
1641,7,6,11,1,2.0,2.0,2.0,148.0,1492
1642,8,10,25,5,5.0,3.0,4.0,192.0,1685
1643,2,5,53,1,4.0,4.0,1.0,138.0,1140
1644,5,3,41,1,3.0,4.0,2.0,215.0,2046
1645,3,2,5,2,6.0,2.0,4.0,246.0,2476
1646,8,10,49,2,4.0,4.0,4.0,302.0,3436
1647,8,10,49,1,1.0,2.0,1.0,143.0,921
1648,4,4,47,4,1.0,3.0,1.0,254.0,2025
1649,6,1,39,1,2.0,3.0,1.0,226.0,2352
1650,8,10,32,2,5.0,6.0,3.0,273.0,2227
1651,8,8,20,1,1.0,2.0,1.0,112.0,1425
1652,6,1,33,1,1.0,3.0,1.0,100.0,1250
1653,8,8,45,2,4.0,2.0,4.0,400.0,3803
1654,6,1,23,1,4.0,1.0,2.0,249.0,2424
1655,5,3,41,1,4.0,1.0,2.0,243.0,2917
1656,5,3,16,1,2.0,3.0,2.0,181.0,1997
1657,7,6,30,5,4.0,4.0,3.0,695.0,40
1658,6,1,33,4,2.0,4.0,1.0,131.0,1819
1659,6,1,23,2,3.0,5.0,4.0,491.0,3046
1660,6,1,23,1,2.0,2.0,1.0,245.0,2502
1661,8,10,49,1,3.0,4.0,1.0,225.0,2504
1662,5,3,37,1,2.0,3.0,1.0,99.0,1093
1663,8,9,3,1,2.0,3.0,2.0,217.0,2702
1664,7,6,28,3,4.0,4.0,3.0,294.0,4059
1665,2,5,53,1,3.0,4.0,2.0,158.0,1968
1666,4,4,47,1,4.0,1.0,2.0,140.0,1124
1667,6,1,23,2,4.0,3.0,4.0,442.0,3402
1668,2,5,6,1,4.0,3.0,1.0,254.0,2539
1669,5,3,41,1,3.0,1.0,1.0,112.0,872
1670,2,5,53,1,4.0,1.0,2.0,226.0,2931
1671,8,10,49,4,4.0,1.0,1.0,64.0,543
1672,7,6,50,1,3.0,1.0,2.0,84.0,476
1673,2,5,53,1,2.0,2.0,2.0,196.0,1934
1674,3,2,9,1,3.0,3.0,2.0,226.0,2583
1675,8,9,51,5,5.0,4.0,3.0,399.0,2983
1676,2,5,17,2,5.0,4.0,2.0,445.0,3327
1677,5,3,41,3,3.0,3.0,4.0,430.0,28
1678,4,4,48,1,1.0,3.0,1.0,194.0,2513
1679,1,7,46,5,5.0,6.0,3.0,469.0,4032
1680,2,5,53,2,3.0,6.0,2.0,295.0,3218
1681,8,9,51,1,4.0,2.0,1.0,246.0,2975
1682,7,6,52,1,2.0,3.0,1.0,96.0,959
1683,6,1,39,1,4.0,1.0,2.0,197.0,2206
1684,1,7,34,5,3.0,2.0,2.0,510.0,3887
1685,8,9,13,5,5.0,6.0,3.0,385.0,3712
1686,2,5,53,5,4.0,3.0,2.0,391.0,3238
1687,8,9,51,2,3.0,3.0,4.0,536.0,3106
1688,2,5,42,3,5.0,3.0,2.0,375.0,3506
1689,4,4,15,2,4.0,4.0,2.0,320.0,3189
1690,8,8,2,3,3.0,4.0,4.0,326.0,3636
1691,1,7,19,1,2.0,2.0,2.0,201.0,1743
1692,8,8,20,1,1.0,2.0,1.0,80.0,930
1693,5,3,16,1,3.0,4.0,1.0,103.0,662
1694,3,2,5,1,1.0,4.0,1.0,51.0,4028
1695,4,4,48,4,1.0,3.0,2.0,129.0,863
1696,4,4,15,2,3.0,5.0,3.0,196.0,1791
1697,2,5,6,2,4.0,3.0,4.0,189.0,1265
1698,3,2,9,2,6.0,2.0,2.0,394.0,340
1699,7,6,50,1,2.0,4.0,1.0,94.0,666
1700,8,9,13,5,3.0,3.0,2.0,689.0,3877
1701,7,6,26,1,3.0,3.0,1.0,250.0,1878
1702,2,5,6,5,3.0,3.0,3.0,227.0,2808
1703,4,4,38,1,2.0,2.0,1.0,53.0,4048
1704,8,10,25,1,1.0,1.0,2.0,168.0,2159
1705,3,2,5,2,3.0,4.0,3.0,660.0,3934
1706,8,9,13,1,3.0,1.0,2.0,176.0,1679
1707,8,9,3,1,2.0,2.0,1.0,240.0,2042
1708,4,4,15,5,3.0,3.0,2.0,436.0,3117
1709,7,6,50,1,4.0,3.0,1.0,133.0,1655
1710,2,5,53,2,3.0,5.0,4.0,229.0,1869
1711,8,9,51,2,3.0,3.0,2.0,586.0,3896
1712,1,7,34,1,3.0,2.0,2.0,165.0,1593
1713,6,1,39,2,6.0,2.0,4.0,466.0,29
1714,3,2,5,1,2.0,3.0,2.0,256.0,3120
1715,3,2,5,1,3.0,3.0,1.0,250.0,2881
1716,4,4,47,4,2.0,1.0,1.0,167.0,1348
1717,8,8,29,1,2.0,3.0,2.0,165.0,2168
1718,3,2,9,4,2.0,4.0,1.0,86.0,1242
1719,1,7,21,1,3.0,2.0,1.0,254.0,2912
1720,3,2,9,1,2.0,3.0,1.0,75.0,924
1721,5,3,37,5,4.0,6.0,4.0,614.0,3704
1722,7,6,24,4,4.0,3.0,2.0,183.0,2342
1723,6,1,23,1,3.0,1.0,1.0,114.0,1153
1724,8,10,25,2,6.0,3.0,2.0,672.0,3728
1725,8,10,32,1,4.0,4.0,1.0,113.0,1222
1726,8,8,20,4,3.0,2.0,2.0,81.0,534
1727,8,10,32,2,5.0,4.0,2.0,300.0,3225
1728,7,6,18,1,4.0,2.0,2.0,126.0,943
1729,3,2,10,1,2.0,1.0,2.0,119.0,727
1730,4,4,15,2,6.0,5.0,4.0,352.0,3740
1731,6,1,23,2,3.0,2.0,4.0,551.0,3631
1732,6,1,39,4,4.0,1.0,1.0,247.0,2648
1733,7,6,30,1,3.0,4.0,2.0,141.0,1011
1734,1,7,35,1,4.0,2.0,2.0,106.0,2152
1735,7,6,18,4,4.0,4.0,2.0,60.0,3725
1736,5,3,41,4,1.0,1.0,1.0,142.0,1807
1737,4,4,47,1,4.0,4.0,1.0,152.0,1971
1738,1,7,21,1,1.0,3.0,1.0,124.0,1494
1739,1,7,19,5,5.0,4.0,4.0,532.0,3814
1740,8,10,49,1,1.0,3.0,2.0,228.0,2426
1741,8,9,3,1,3.0,4.0,2.0,249.0,2349
1742,6,1,33,1,2.0,3.0,2.0,75.0,4050
1743,4,4,15,1,2.0,4.0,1.0,117.0,1524
1744,2,5,42,5,5.0,3.0,2.0,510.0,2831
1745,8,8,20,1,3.0,2.0,2.0,208.0,1652
1746,8,10,25,2,6.0,4.0,2.0,528.0,34
1747,2,5,17,2,6.0,2.0,4.0,480.0,15
1748,5,3,37,1,2.0,4.0,1.0,112.0,862
1749,7,6,24,1,2.0,2.0,1.0,162.0,1559
1750,8,9,51,2,3.0,6.0,3.0,629.0,94
1751,3,2,10,4,2.0,4.0,1.0,182.0,2283
1752,5,3,16,1,3.0,3.0,2.0,144.0,1689
1753,8,10,49,1,1.0,2.0,2.0,229.0,2386
1754,3,2,10,2,6.0,6.0,3.0,287.0,3291
1755,8,10,49,1,2.0,4.0,2.0,197.0,1464
1756,6,1,39,1,4.0,1.0,1.0,55.0,513
1757,3,2,10,2,5.0,5.0,4.0,331.0,2141
1758,2,5,6,4,3.0,3.0,1.0,232.0,2980
1759,4,4,7,4,2.0,4.0,2.0,187.0,2127
1760,2,5,8,1,4.0,2.0,2.0,51.0,4027
1761,2,5,12,2,3.0,6.0,2.0,722.0,249
1762,8,9,3,2,4.0,3.0,2.0,686.0,3655
1763,2,5,6,2,6.0,6.0,4.0,576.0,4060
1764,4,4,48,2,1.0,3.0,2.0,498.0,3716
1765,4,4,15,1,2.0,3.0,2.0,101.0,857
1766,2,5,53,1,3.0,4.0,1.0,184.0,1958
1767,1,7,34,2,3.0,4.0,2.0,352.0,1966
1768,3,2,9,2,6.0,4.0,2.0,563.0,3860
1769,8,9,3,1,4.0,2.0,1.0,138.0,1013
1770,8,9,13,1,4.0,2.0,1.0,258.0,3070
1771,1,7,34,2,3.0,4.0,3.0,290.0,2843
1772,8,9,3,3,4.0,3.0,4.0,299.0,3791
1773,2,5,17,3,5.0,4.0,3.0,279.0,3745
1774,3,2,9,1,3.0,2.0,1.0,259.0,3830
1775,8,10,32,2,3.0,5.0,4.0,281.0,3125
1776,8,8,31,1,4.0,2.0,2.0,132.0,1036
1777,6,1,33,2,6.0,5.0,3.0,566.0,3229
1778,6,1,33,1,3.0,4.0,2.0,128.0,1734
1779,7,6,24,1,1.0,2.0,1.0,128.0,1065
1780,2,5,53,2,3.0,2.0,3.0,574.0,3563
1781,2,5,12,2,6.0,6.0,4.0,362.0,3496
1782,2,5,53,1,2.0,1.0,2.0,97.0,793
1783,2,5,6,1,4.0,2.0,1.0,61.0,539
1784,8,10,25,3,3.0,3.0,4.0,389.0,3592
1785,4,4,7,1,4.0,1.0,1.0,86.0,702
1786,5,3,41,2,6.0,6.0,4.0,497.0,3369
1787,7,6,26,1,4.0,4.0,2.0,121.0,1021
1788,6,1,23,1,4.0,1.0,2.0,82.0,632
1789,8,8,31,2,4.0,5.0,2.0,367.0,3573
1790,2,5,8,3,4.0,5.0,4.0,423.0,349
1791,3,2,5,2,5.0,2.0,2.0,584.0,3624
1792,8,8,29,5,4.0,3.0,0.0,216.0,2534
1793,8,8,1,2,6.0,3.0,2.0,249.0,2205
1794,4,4,38,1,2.0,4.0,1.0,219.0,2903
1795,8,10,40,1,1.0,1.0,1.0,137.0,1347
1796,8,9,13,1,1.0,4.0,2.0,89.0,798
1797,3,2,9,2,4.0,4.0,4.0,629.0,3885
1798,6,1,33,5,5.0,6.0,2.0,326.0,3401
1799,2,5,6,2,3.0,5.0,4.0,727.0,3405
1800,5,3,41,2,5.0,4.0,2.0,326.0,2266
1801,8,10,25,1,1.0,4.0,1.0,107.0,615
1802,5,3,41,2,6.0,6.0,4.0,575.0,3788
1803,5,3,16,1,2.0,4.0,2.0,138.0,1818
1804,6,1,33,1,3.0,2.0,1.0,123.0,1016
1805,4,4,15,5,5.0,2.0,3.0,487.0,3179
1806,1,7,19,1,1.0,4.0,1.0,210.0,2485
1807,4,4,48,5,6.0,5.0,3.0,577.0,49
1808,2,5,42,1,4.0,2.0,1.0,112.0,962
1809,8,10,40,3,5.0,5.0,4.0,406.0,4123
1810,3,2,5,1,3.0,2.0,2.0,86.0,994
1811,8,8,29,1,3.0,4.0,1.0,101.0,844
1812,2,5,12,5,6.0,6.0,3.0,364.0,3396
1813,1,7,21,1,2.0,3.0,1.0,214.0,2642
1814,5,3,37,2,5.0,5.0,2.0,313.0,3235
1815,2,5,12,3,5.0,5.0,4.0,541.0,3842
1816,8,8,2,2,3.0,2.0,2.0,519.0,3118
1817,2,5,42,2,4.0,3.0,3.0,247.0,2548
1818,5,3,16,1,4.0,4.0,2.0,230.0,2208
1819,7,6,30,2,4.0,3.0,2.0,605.0,3444
1820,3,2,10,1,4.0,3.0,1.0,79.0,511
1821,6,1,33,1,2.0,4.0,2.0,147.0,2007
1822,8,9,51,1,3.0,4.0,1.0,164.0,1070
1823,6,1,39,1,3.0,1.0,2.0,67.0,4070
1824,8,9,13,1,2.0,1.0,1.0,212.0,2419
1825,7,6,18,1,4.0,1.0,2.0,93.0,952
1826,7,6,28,1,1.0,4.0,2.0,92.0,956
1827,8,10,49,2,6.0,4.0,2.0,459.0,10
1828,6,1,39,2,3.0,3.0,4.0,190.0,2497
1830,4,4,15,1,4.0,4.0,2.0,83.0,789
1831,7,6,28,1,3.0,1.0,2.0,221.0,2767
1832,2,5,12,5,3.0,3.0,2.0,428.0,2721
1833,8,9,13,2,4.0,2.0,2.0,189.0,914
1834,2,5,12,2,6.0,4.0,4.0,288.0,3310
1835,8,8,1,1,2.0,1.0,1.0,73.0,3988
1836,1,7,43,1,2.0,2.0,1.0,233.0,1919
1837,4,4,15,1,2.0,4.0,1.0,231.0,2979
1838,5,3,41,2,5.0,6.0,2.0,633.0,3706
1839,3,2,9,2,4.0,4.0,2.0,735.0,1180
1840,8,10,25,1,1.0,2.0,1.0,132.0,1239
1841,8,9,44,1,3.0,4.0,2.0,105.0,1243
1842,7,6,50,1,1.0,3.0,2.0,243.0,2274
1843,8,8,1,2,5.0,2.0,4.0,620.0,3359
1844,6,1,33,4,1.0,3.0,2.0,228.0,1825
1845,5,3,16,1,3.0,4.0,2.0,240.0,3013
1846,2,5,17,1,4.0,3.0,1.0,108.0,845
1847,1,7,27,1,4.0,3.0,2.0,168.0,2256
1848,6,1,33,2,6.0,5.0,2.0,322.0,2966
1849,4,4,7,1,1.0,4.0,1.0,88.0,647
1850,8,10,25,2,6.0,3.0,3.0,525.0,3437
1851,1,7,19,1,3.0,3.0,1.0,98.0,1224
1852,5,3,41,1,4.0,2.0,2.0,220.0,1719
1853,2,5,6,2,5.0,5.0,4.0,476.0,3134
1854,8,10,32,5,6.0,5.0,2.0,495.0,83
1855,8,9,13,1,4.0,1.0,1.0,185.0,2038
1856,2,5,53,1,2.0,3.0,2.0,66.0,3629
1857,6,1,23,1,2.0,3.0,1.0,130.0,1725
1858,7,6,50,1,3.0,2.0,1.0,132.0,1241
1859,5,3,41,2,4.0,5.0,4.0,661.0,3257
1860,2,5,12,5,6.0,3.0,4.0,509.0,3064
1861,3,2,5,1,3.0,1.0,2.0,149.0,1357
1862,7,6,11,1,1.0,4.0,1.0,107.0,567
1863,2,5,42,5,6.0,6.0,2.0,459.0,3524
1864,6,1,23,1,2.0,2.0,1.0,125.0,815
1865,8,10,49,2,6.0,5.0,4.0,191.0,1810
1866,7,6,28,2,3.0,2.0,4.0,611.0,4042
1867,2,5,17,1,2.0,4.0,2.0,192.0,1750
1868,5,3,16,1,1.0,3.0,2.0,120.0,1027
1869,5,3,16,2,4.0,4.0,2.0,306.0,1910
1870,2,5,12,1,2.0,3.0,2.0,190.0,1332
1871,4,4,15,1,3.0,1.0,2.0,132.0,841
1872,3,2,9,1,2.0,4.0,1.0,67.0,752
1873,8,9,51,1,2.0,1.0,2.0,141.0,1584
1874,8,8,45,1,1.0,4.0,2.0,189.0,1418
1875,3,2,5,1,4.0,2.0,1.0,258.0,2547
1876,6,1,33,2,5.0,3.0,2.0,237.0,3052
1877,3,2,9,2,4.0,5.0,2.0,223.0,2825
1878,8,10,40,4,2.0,3.0,2.0,149.0,1846
1879,1,7,46,1,4.0,1.0,2.0,190.0,1451
1880,1,7,21,1,2.0,2.0,2.0,51.0,3959
1881,8,8,29,5,4.0,5.0,2.0,335.0,3424
1882,1,7,34,2,5.0,6.0,3.0,343.0,2746
1883,5,3,16,1,3.0,3.0,2.0,80.0,681
1884,6,1,33,1,4.0,2.0,1.0,78.0,3958
1885,4,4,47,1,2.0,2.0,2.0,226.0,2275
1886,5,3,16,1,1.0,2.0,2.0,105.0,1364
1887,1,7,22,2,4.0,4.0,2.0,691.0,165
1888,2,5,17,4,2.0,4.0,2.0,193.0,2147
1889,8,10,25,1,1.0,1.0,1.0,52.0,3851
1890,1,7,22,1,2.0,1.0,1.0,144.0,1349
1891,8,10,32,1,3.0,1.0,2.0,156.0,1006
1892,7,6,24,5,5.0,3.0,3.0,647.0,3787
1893,8,8,31,1,1.0,4.0,1.0,53.0,3545
1894,8,8,31,2,5.0,4.0,2.0,671.0,3431
1895,8,9,3,2,6.0,2.0,2.0,689.0,214
1896,6,1,23,2,3.0,6.0,2.0,244.0,2277
1897,7,6,52,2,5.0,2.0,4.0,458.0,3202
1898,8,10,32,5,3.0,6.0,3.0,680.0,3923
1899,1,7,22,1,3.0,4.0,2.0,189.0,1733
1900,2,5,53,3,5.0,5.0,4.0,294.0,3377
1901,2,5,17,2,6.0,4.0,3.0,535.0,3700
1902,8,9,44,1,4.0,3.0,2.0,72.0,551
1903,8,9,13,3,5.0,4.0,3.0,496.0,388
1904,8,9,51,1,2.0,3.0,1.0,254.0,2297
1905,8,10,32,2,6.0,2.0,4.0,737.0,3515
1906,3,2,9,1,3.0,2.0,0.0,225.0,3348
1907,8,8,14,1,3.0,4.0,2.0,106.0,1113
1908,4,4,47,2,6.0,3.0,4.0,372.0,2089
1909,3,2,9,1,1.0,3.0,1.0,243.0,3603
1910,7,6,28,1,1.0,2.0,1.0,54.0,4064
1911,7,6,18,2,3.0,2.0,3.0,643.0,3548
1912,4,4,15,1,1.0,3.0,2.0,149.0,1802
1913,8,10,49,1,4.0,1.0,2.0,58.0,597
1914,2,5,42,2,6.0,5.0,4.0,280.0,2961
1915,5,3,41,5,6.0,2.0,3.0,219.0,2597
1916,8,8,45,2,3.0,2.0,2.0,276.0,2992
1917,4,4,15,2,6.0,2.0,3.0,497.0,4103
1918,6,1,33,1,1.0,1.0,1.0,201.0,1422
1919,3,2,5,2,4.0,5.0,3.0,577.0,154
1920,1,7,22,1,4.0,2.0,2.0,125.0,1014
1921,1,7,22,1,4.0,1.0,1.0,69.0,471
1922,6,1,23,2,6.0,3.0,3.0,224.0,2171
1923,8,9,3,1,4.0,2.0,2.0,256.0,2246
1924,8,8,20,2,3.0,5.0,3.0,555.0,278
1925,4,4,47,1,3.0,1.0,2.0,171.0,1169
1926,7,6,26,1,4.0,1.0,1.0,72.0,561
1927,2,5,17,1,2.0,2.0,1.0,56.0,3742
1928,8,8,29,2,4.0,5.0,4.0,739.0,212
1929,3,2,5,1,2.0,4.0,1.0,193.0,1380
1930,8,10,40,2,4.0,5.0,2.0,560.0,3139
1931,3,2,9,2,5.0,6.0,4.0,189.0,2732
1932,8,9,13,3,4.0,3.0,2.0,463.0,174
1933,6,1,33,2,6.0,6.0,4.0,734.0,3609
1934,8,9,3,5,4.0,2.0,3.0,705.0,3551
1935,5,3,37,2,6.0,4.0,2.0,448.0,3662
1936,1,7,43,2,5.0,5.0,2.0,377.0,3817
1937,2,5,17,1,2.0,2.0,2.0,207.0,2809
1938,4,4,7,2,5.0,5.0,2.0,623.0,303
1939,1,7,43,2,3.0,3.0,4.0,220.0,2306
1940,7,6,26,2,5.0,4.0,4.0,514.0,3677
1941,6,1,39,1,2.0,4.0,2.0,73.0,823
1942,2,5,12,1,1.0,3.0,2.0,119.0,1192
1943,5,3,41,2,5.0,3.0,4.0,375.0,3253
1944,7,6,28,5,6.0,4.0,3.0,614.0,1174
1945,8,10,40,5,5.0,3.0,4.0,550.0,103
1946,3,2,5,2,6.0,6.0,4.0,357.0,2521
1947,7,6,28,2,5.0,3.0,4.0,688.0,439
1948,8,10,32,1,3.0,4.0,2.0,87.0,729
1949,5,3,37,2,6.0,6.0,3.0,183.0,1025
1950,8,10,49,3,4.0,5.0,4.0,361.0,3954
1951,5,3,16,2,3.0,5.0,4.0,681.0,375
1952,8,8,45,1,3.0,1.0,1.0,96.0,644
1953,2,5,6,2,3.0,4.0,2.0,741.0,391
1954,7,6,11,1,4.0,2.0,1.0,219.0,1712
1955,1,7,35,1,3.0,3.0,2.0,111.0,1727
1956,8,10,49,3,4.0,3.0,2.0,231.0,3319
1957,5,3,16,1,2.0,4.0,1.0,188.0,1294
1958,8,9,51,1,3.0,4.0,1.0,74.0,572
1959,4,4,7,2,4.0,3.0,2.0,466.0,3010
1960,1,7,21,1,4.0,4.0,2.0,104.0,893
1961,8,8,2,2,6.0,5.0,2.0,573.0,227
1962,4,4,47,1,3.0,2.0,2.0,161.0,1885
1963,2,5,6,1,4.0,4.0,1.0,145.0,1201
1964,8,8,29,5,6.0,3.0,3.0,392.0,3032
1965,2,5,42,1,2.0,3.0,1.0,147.0,1990
1966,1,7,34,2,3.0,5.0,4.0,202.0,2193
1967,5,3,16,1,1.0,4.0,2.0,235.0,2928
1968,4,4,47,1,3.0,2.0,2.0,143.0,1434
1969,6,1,33,2,4.0,2.0,3.0,553.0,3081
1970,8,10,25,1,2.0,1.0,1.0,114.0,751
1971,3,2,5,1,3.0,2.0,2.0,121.0,1012
1972,8,10,32,1,1.0,2.0,1.0,208.0,1570
1973,5,3,41,1,2.0,3.0,2.0,158.0,1381
1974,8,10,25,5,4.0,6.0,4.0,258.0,1597
1975,8,8,14,5,4.0,6.0,2.0,653.0,304
1976,2,5,53,2,4.0,3.0,2.0,513.0,3336
1977,7,6,24,1,1.0,4.0,1.0,92.0,510
1978,6,1,33,5,4.0,6.0,3.0,465.0,3813
1979,8,10,32,2,3.0,3.0,2.0,223.0,1342
1980,4,4,7,2,6.0,6.0,3.0,584.0,180
1981,3,2,10,1,4.0,3.0,2.0,242.0,2529
1982,3,2,5,2,6.0,3.0,2.0,391.0,2535
1983,5,3,16,5,3.0,6.0,3.0,571.0,3970
1984,7,6,50,2,6.0,3.0,2.0,400.0,3536
1985,8,9,44,5,4.0,4.0,3.0,430.0,2987
1986,1,7,21,3,4.0,4.0,3.0,458.0,153
1987,2,5,8,1,4.0,1.0,1.0,87.0,987
1988,7,6,50,2,6.0,5.0,4.0,623.0,3363
1989,5,3,16,1,4.0,1.0,2.0,67.0,589
1990,2,5,8,1,2.0,1.0,1.0,87.0,1355
1991,1,7,36,1,3.0,1.0,2.0,153.0,2695
1992,5,3,16,1,3.0,3.0,2.0,63.0,3839
1993,6,1,23,1,1.0,1.0,1.0,146.0,1640
1994,6,1,39,1,3.0,2.0,1.0,245.0,2394
1995,8,8,29,1,4.0,2.0,1.0,61.0,472
1996,1,7,4,2,4.0,5.0,2.0,617.0,239
1997,5,3,16,4,2.0,1.0,1.0,91.0,490
1998,7,6,52,1,2.0,4.0,1.0,222.0,2915
1999,8,8,1,1,3.0,3.0,2.0,116.0,1231
2000,2,5,12,2,5.0,6.0,2.0,411.0,2391
2001,4,4,48,2,5.0,5.0,4.0,594.0,3206
2002,5,3,16,5,5.0,2.0,2.0,748.0,4088
2003,8,10,40,1,2.0,1.0,2.0,155.0,1946
2004,4,4,38,1,1.0,2.0,1.0,209.0,2766
2005,8,8,2,1,1.0,4.0,2.0,258.0,3047
2006,8,9,44,1,1.0,3.0,2.0,80.0,705
2007,8,10,32,5,6.0,5.0,0.0,399.0,3464
2008,8,10,49,2,4.0,4.0,2.0,514.0,85
2009,4,4,47,2,3.0,2.0,2.0,733.0,277
2010,6,1,33,3,5.0,5.0,2.0,246.0,2403
2011,6,1,33,2,5.0,4.0,4.0,545.0,225
2012,5,3,37,2,5.0,4.0,2.0,219.0,2821
2013,8,8,1,1,2.0,2.0,2.0,260.0,3151
2014,8,8,14,1,1.0,3.0,1.0,66.0,684
2015,5,3,16,2,3.0,5.0,4.0,409.0,3971
2016,7,6,24,1,3.0,2.0,2.0,257.0,3077
2017,2,5,12,1,4.0,4.0,1.0,253.0,2780
2018,2,5,8,2,4.0,3.0,2.0,261.0,2542
2019,5,3,37,2,6.0,3.0,2.0,255.0,2366
2020,2,5,53,1,2.0,4.0,2.0,154.0,1253
2021,3,2,10,1,2.0,4.0,1.0,143.0,1204
2022,4,4,7,1,1.0,1.0,2.0,149.0,1345
2023,6,1,23,1,4.0,3.0,2.0,84.0,778
2024,4,4,15,4,2.0,1.0,1.0,114.0,1354
2025,8,8,45,5,5.0,3.0,2.0,323.0,2749
2026,3,2,10,1,3.0,2.0,1.0,156.0,1050
2027,1,7,27,1,3.0,3.0,1.0,76.0,860
2028,3,2,9,2,5.0,6.0,3.0,723.0,448
2029,3,2,10,1,2.0,4.0,1.0,166.0,1823
2030,3,2,5,2,5.0,2.0,3.0,244.0,2813
2031,4,4,48,3,5.0,5.0,2.0,381.0,45
2032,8,10,32,2,3.0,3.0,4.0,440.0,3607
2033,7,6,24,1,1.0,2.0,2.0,111.0,1284
2034,1,7,43,2,3.0,4.0,4.0,739.0,274
2035,1,7,46,5,5.0,6.0,4.0,232.0,2750
2036,5,3,37,1,3.0,1.0,1.0,149.0,1678
2037,8,9,3,2,6.0,2.0,3.0,431.0,3724
2038,1,7,35,2,5.0,3.0,4.0,479.0,431
2039,7,6,26,2,6.0,3.0,4.0,347.0,3163
2040,8,8,2,3,4.0,5.0,4.0,500.0,371
2041,8,8,1,4,1.0,1.0,1.0,66.0,501
2042,8,9,51,1,3.0,1.0,2.0,180.0,1509
2043,6,1,39,1,1.0,3.0,1.0,140.0,1219
2044,4,4,7,1,3.0,1.0,1.0,66.0,4007
2045,8,9,13,2,4.0,5.0,4.0,539.0,2989
2046,2,5,17,1,4.0,1.0,2.0,104.0,787
2047,8,10,32,1,1.0,2.0,2.0,192.0,2537
2048,4,4,15,1,2.0,1.0,1.0,165.0,1525
2049,1,7,34,1,3.0,3.0,2.0,241.0,1717
2050,2,5,17,2,3.0,6.0,4.0,299.0,3339
2051,8,9,44,1,3.0,1.0,1.0,251.0,2785
2052,8,10,49,1,4.0,3.0,1.0,77.0,3982
2053,7,6,11,1,4.0,2.0,2.0,137.0,1695
2054,8,8,29,1,4.0,3.0,2.0,154.0,988
2055,1,7,22,1,1.0,2.0,1.0,142.0,1092
2056,8,8,14,1,3.0,1.0,1.0,197.0,1981
2057,5,3,37,2,5.0,4.0,4.0,734.0,3640
2058,3,2,10,5,5.0,6.0,4.0,484.0,3044
2059,4,4,47,1,4.0,1.0,2.0,118.0,736
2060,8,9,51,2,3.0,2.0,3.0,223.0,2592
2061,2,5,17,1,3.0,2.0,1.0,70.0,611
2062,8,9,3,1,1.0,1.0,2.0,105.0,742
2063,8,9,3,4,1.0,3.0,1.0,176.0,1815
2064,1,7,43,2,6.0,3.0,4.0,479.0,3642
2065,8,9,44,4,4.0,3.0,2.0,113.0,818
2066,4,4,15,1,4.0,1.0,1.0,153.0,1384
2067,7,6,11,1,1.0,2.0,1.0,232.0,1764
2068,8,10,40,1,1.0,4.0,1.0,105.0,978
2069,8,8,29,2,4.0,2.0,4.0,194.0,2170
2070,8,8,14,2,4.0,3.0,4.0,306.0,2990
2071,2,5,17,1,3.0,4.0,1.0,212.0,1939
2072,8,10,32,1,2.0,4.0,2.0,120.0,1474
2073,1,7,22,2,6.0,3.0,2.0,241.0,2734
2074,3,2,5,2,3.0,4.0,2.0,470.0,3456
2075,8,9,44,1,4.0,1.0,2.0,139.0,1471
2076,8,10,32,2,5.0,5.0,3.0,456.0,3122
2077,6,1,33,1,2.0,1.0,1.0,215.0,2833
2078,4,4,7,4,2.0,1.0,2.0,234.0,2760
2079,3,2,5,1,3.0,3.0,2.0,55.0,3462
2080,5,3,37,2,5.0,4.0,2.0,749.0,424
2081,5,3,41,3,5.0,4.0,4.0,221.0,2575
2082,1,7,27,1,4.0,3.0,1.0,173.0,1634
2083,8,9,51,1,4.0,3.0,2.0,200.0,1973
2084,4,4,38,1,3.0,1.0,2.0,170.0,1601
2085,8,10,49,2,5.0,4.0,3.0,426.0,3795
2086,2,5,17,2,3.0,2.0,2.0,320.0,2698
2087,4,4,47,2,6.0,6.0,4.0,254.0,1722
2088,3,2,5,1,2.0,2.0,1.0,144.0,1069
2089,1,7,22,2,6.0,2.0,3.0,640.0,3776
2090,8,8,14,3,5.0,3.0,2.0,348.0,4022
2091,3,2,10,1,2.0,1.0,2.0,226.0,2451
2092,3,2,9,1,1.0,4.0,1.0,253.0,3678
2093,2,5,6,2,4.0,6.0,3.0,180.0,2041
2094,2,5,42,1,2.0,1.0,1.0,210.0,1485
2095,7,6,28,2,4.0,3.0,4.0,226.0,2711
2096,8,10,40,2,5.0,5.0,2.0,640.0,3820
2097,5,3,37,2,4.0,4.0,4.0,486.0,125
2098,4,4,7,1,2.0,4.0,2.0,51.0,3608
2099,2,5,6,1,4.0,1.0,1.0,245.0,2280
2100,8,10,25,2,3.0,5.0,2.0,350.0,2978
2101,3,2,10,1,3.0,4.0,1.0,202.0,2048
2102,6,1,23,2,6.0,4.0,3.0,446.0,3994
2103,8,10,25,2,5.0,5.0,4.0,656.0,3483
2104,5,3,37,1,2.0,1.0,1.0,238.0,2090
2105,3,2,5,1,2.0,1.0,1.0,187.0,1925
2106,8,9,3,3,5.0,5.0,4.0,257.0,3049
2107,3,2,10,2,3.0,4.0,3.0,520.0,38
2108,8,9,3,2,6.0,3.0,2.0,405.0,3968
2109,8,8,29,2,6.0,2.0,3.0,739.0,3651
2110,2,5,17,2,5.0,4.0,2.0,213.0,1061
2111,1,7,36,5,3.0,2.0,3.0,348.0,189
2112,5,3,37,2,4.0,5.0,2.0,629.0,254
2113,2,5,6,1,1.0,2.0,2.0,130.0,1512
2114,8,8,2,3,5.0,4.0,3.0,353.0,3409
2115,8,8,29,5,6.0,4.0,3.0,714.0,3579
2116,8,9,3,5,5.0,6.0,4.0,223.0,2196
2117,4,4,48,2,6.0,5.0,2.0,225.0,2909
2118,1,7,36,1,2.0,4.0,2.0,212.0,3268
2119,8,8,14,1,3.0,2.0,2.0,146.0,1148
2120,8,10,32,2,5.0,6.0,2.0,509.0,3773
2121,1,7,27,1,2.0,4.0,1.0,191.0,1365
2122,6,1,33,1,2.0,4.0,2.0,208.0,2468
2123,1,7,34,1,2.0,2.0,1.0,65.0,492
2124,1,7,35,5,5.0,6.0,2.0,749.0,1178
2125,1,7,22,1,3.0,2.0,2.0,177.0,1847
2126,3,2,9,1,2.0,1.0,2.0,118.0,1900
2127,8,9,51,2,6.0,6.0,4.0,482.0,3236
2128,3,2,10,1,3.0,4.0,2.0,90.0,465
2129,8,10,32,1,2.0,3.0,2.0,104.0,693
2130,7,6,30,2,3.0,5.0,3.0,579.0,3479
2131,2,5,42,1,1.0,2.0,2.0,251.0,2551
2132,2,5,42,1,2.0,3.0,1.0,236.0,1729
2133,8,8,45,1,4.0,3.0,2.0,181.0,2507
2134,1,7,21,1,3.0,2.0,1.0,120.0,1296
2135,8,9,44,1,1.0,3.0,1.0,124.0,796
2136,7,6,28,2,4.0,3.0,3.0,378.0,160
2137,7,6,50,5,3.0,5.0,4.0,407.0,2892
2138,8,8,1,2,6.0,6.0,3.0,306.0,3295
2139,1,7,34,4,2.0,1.0,1.0,176.0,1737
2140,8,9,44,1,2.0,1.0,2.0,58.0,3585
2141,8,8,2,1,4.0,3.0,2.0,74.0,799
2142,3,2,5,1,1.0,1.0,1.0,103.0,573
2143,1,7,34,2,6.0,2.0,4.0,310.0,3403
2144,3,2,9,2,6.0,4.0,3.0,689.0,406
2145,7,6,18,4,4.0,1.0,1.0,150.0,1800
2146,5,3,16,2,3.0,2.0,3.0,252.0,1797
2147,3,2,10,1,3.0,1.0,2.0,107.0,931
2148,4,4,38,1,1.0,2.0,2.0,99.0,747
2149,8,9,3,1,2.0,1.0,1.0,165.0,1766
2150,2,5,42,1,1.0,3.0,1.0,228.0,2516
2151,8,9,44,3,3.0,4.0,4.0,230.0,3022
2152,8,10,32,3,4.0,4.0,4.0,243.0,3349
2153,8,8,1,1,4.0,1.0,1.0,99.0,578
2154,3,2,9,1,4.0,1.0,1.0,148.0,2142
2155,6,1,33,1,2.0,1.0,1.0,246.0,2472
2156,7,6,50,1,4.0,2.0,2.0,196.0,1639
2157,6,1,39,5,6.0,6.0,4.0,326.0,3528
2158,8,10,49,2,3.0,2.0,2.0,491.0,4083
2159,1,7,46,4,2.0,3.0,2.0,110.0,1388
2160,3,2,10,5,4.0,5.0,2.0,397.0,3090
2161,2,5,12,1,1.0,1.0,2.0,165.0,1075
2162,5,3,37,1,1.0,3.0,2.0,196.0,1881
2163,1,7,19,4,2.0,4.0,2.0,246.0,2872
2164,7,6,52,2,5.0,3.0,4.0,554.0,158
2165,4,4,38,2,5.0,6.0,2.0,481.0,2726
2166,3,2,5,1,2.0,2.0,1.0,77.0,529
2168,6,1,33,1,1.0,4.0,2.0,57.0,536
2169,8,9,3,1,2.0,2.0,2.0,221.0,2614
2170,8,10,40,1,1.0,3.0,1.0,138.0,1703
2171,8,8,20,3,5.0,5.0,3.0,394.0,3335
2172,3,2,9,1,3.0,2.0,2.0,219.0,3183
2173,8,8,2,1,4.0,3.0,2.0,211.0,1672
2174,8,10,25,1,4.0,1.0,1.0,246.0,2377
2175,3,2,5,1,1.0,3.0,1.0,248.0,2622
2176,4,4,38,2,5.0,6.0,3.0,221.0,1190
2177,8,9,44,1,1.0,1.0,2.0,203.0,2505
2178,4,4,47,4,1.0,4.0,1.0,69.0,3871
2179,8,10,49,5,3.0,2.0,2.0,564.0,115
2180,1,7,34,1,1.0,3.0,1.0,238.0,2673
2181,1,7,19,1,2.0,2.0,2.0,214.0,2661
2182,8,9,51,1,2.0,3.0,2.0,54.0,532
2183,6,1,23,1,4.0,2.0,1.0,232.0,2914
2184,8,9,44,1,4.0,2.0,1.0,138.0,852
2185,3,2,9,1,4.0,4.0,2.0,62.0,697
2186,5,3,41,3,3.0,4.0,2.0,423.0,114
2187,3,2,5,2,4.0,3.0,2.0,644.0,3845
2188,8,8,20,4,3.0,3.0,1.0,101.0,1040
2189,4,4,47,1,1.0,4.0,1.0,102.0,765
2190,8,8,1,1,1.0,4.0,1.0,106.0,1254
2191,8,10,49,2,6.0,6.0,4.0,533.0,3858
2192,8,8,20,2,3.0,6.0,3.0,494.0,3503
2193,5,3,37,1,2.0,3.0,1.0,86.0,897
2194,7,6,24,4,1.0,4.0,2.0,122.0,770
2195,8,10,32,2,5.0,2.0,3.0,661.0,295
2196,8,8,20,3,5.0,4.0,4.0,482.0,3905
2197,8,9,51,2,4.0,2.0,3.0,729.0,3907
2198,8,8,31,2,6.0,3.0,4.0,739.0,169
2199,6,1,39,1,4.0,2.0,2.0,109.0,970
2200,8,8,2,1,3.0,4.0,1.0,136.0,1293
2201,5,3,16,4,1.0,4.0,2.0,153.0,1225
2202,6,1,23,1,4.0,4.0,1.0,153.0,1304
2203,1,7,27,1,4.0,2.0,1.0,218.0,2085
2204,8,9,3,1,3.0,2.0,1.0,150.0,1795
2205,1,7,27,1,4.0,1.0,2.0,153.0,1313
2206,8,8,29,1,2.0,1.0,1.0,133.0,1595
2207,6,1,39,4,3.0,2.0,2.0,209.0,2307
2208,3,2,9,4,2.0,1.0,2.0,254.0,2873
2209,5,3,41,1,4.0,3.0,2.0,215.0,1917
2210,7,6,50,5,3.0,2.0,3.0,535.0,4024
2211,3,2,10,1,1.0,4.0,1.0,141.0,1238
2212,8,10,32,1,4.0,2.0,1.0,56.0,525
2213,7,6,26,1,1.0,4.0,2.0,206.0,2754
2214,4,4,38,2,6.0,6.0,3.0,337.0,2444
2215,2,5,12,1,4.0,1.0,2.0,224.0,1536
2216,4,4,7,1,2.0,3.0,1.0,228.0,2449
2217,1,7,27,1,4.0,4.0,2.0,225.0,2865
2218,5,3,37,2,3.0,3.0,3.0,734.0,3901
2219,2,5,42,2,4.0,6.0,3.0,651.0,339
2220,4,4,7,2,5.0,3.0,4.0,432.0,3974
2221,8,9,13,1,2.0,2.0,1.0,137.0,1681
2222,8,9,13,2,5.0,3.0,4.0,525.0,4056
2223,8,9,13,1,2.0,4.0,1.0,227.0,2305
2224,2,5,12,1,3.0,1.0,1.0,179.0,1453
2225,3,2,10,1,3.0,1.0,2.0,182.0,1951
2226,4,4,38,1,3.0,4.0,2.0,116.0,1030
2227,1,7,21,1,1.0,1.0,1.0,173.0,2350
2228,8,9,51,2,5.0,6.0,2.0,455.0,2690
2229,8,8,2,1,4.0,3.0,1.0,133.0,1370
2230,6,1,33,1,3.0,2.0,1.0,105.0,812
2231,2,5,12,5,6.0,5.0,4.0,717.0,3657
2232,8,10,32,1,3.0,1.0,1.0,208.0,2240
2233,8,9,51,2,3.0,2.0,3.0,361.0,3408
2234,4,4,38,1,1.0,4.0,1.0,204.0,1814
2235,6,1,33,2,4.0,3.0,4.0,719.0,386
2236,2,5,17,2,4.0,4.0,4.0,618.0,68
2237,1,7,27,5,6.0,5.0,4.0,632.0,3918
2238,7,6,11,2,5.0,6.0,3.0,466.0,3944
2239,2,5,53,1,3.0,3.0,2.0,95.0,1200
2240,8,9,13,4,1.0,1.0,2.0,135.0,839
2241,8,9,51,5,3.0,3.0,3.0,561.0,235
2242,8,10,40,2,4.0,3.0,4.0,298.0,2840
2243,2,5,6,2,5.0,4.0,3.0,214.0,2634
2244,8,10,32,1,2.0,1.0,2.0,127.0,1297
2245,3,2,10,1,4.0,4.0,1.0,177.0,1773
2246,4,4,48,5,6.0,4.0,4.0,603.0,3538
2247,1,7,4,1,2.0,3.0,2.0,103.0,638
2248,3,2,9,5,4.0,6.0,2.0,316.0,3312
2249,8,8,20,2,4.0,2.0,4.0,492.0,61
2250,8,8,1,1,1.0,1.0,1.0,156.0,1602
2251,6,1,33,2,6.0,4.0,2.0,725.0,3853
2252,6,1,23,1,1.0,4.0,1.0,251.0,2398
2253,2,5,17,1,3.0,3.0,2.0,173.0,1466
2255,6,1,23,5,4.0,2.0,3.0,234.0,2882
2256,8,9,44,4,4.0,2.0,1.0,167.0,1619
2257,8,10,32,1,2.0,2.0,1.0,133.0,1139
2258,8,9,3,1,2.0,4.0,1.0,75.0,775
2259,2,5,53,5,3.0,4.0,2.0,746.0,401
2260,8,9,3,5,5.0,4.0,4.0,430.0,3879
2261,3,2,9,1,3.0,3.0,2.0,81.0,1674
2262,6,1,39,1,4.0,2.0,1.0,256.0,2976
2263,7,6,28,3,5.0,4.0,3.0,349.0,394
2264,6,1,39,1,1.0,2.0,2.0,204.0,2620
2265,1,7,4,1,4.0,1.0,1.0,64.0,528
2266,8,10,32,1,4.0,1.0,1.0,175.0,2031
2267,8,9,3,2,3.0,2.0,2.0,553.0,3955
2268,1,7,46,2,3.0,2.0,3.0,747.0,360
2269,5,3,41,5,6.0,4.0,4.0,395.0,3912
2270,2,5,53,1,2.0,2.0,2.0,65.0,3675
2271,8,10,25,2,5.0,3.0,3.0,263.0,3109
2272,5,3,16,2,3.0,4.0,2.0,395.0,3738
2273,8,8,1,1,2.0,3.0,1.0,73.0,617
2274,8,10,32,2,4.0,2.0,4.0,381.0,2160
2275,5,3,16,4,1.0,2.0,2.0,73.0,4066
2276,8,9,44,2,4.0,3.0,2.0,392.0,2871
2278,8,8,29,1,1.0,1.0,1.0,147.0,1836
2279,8,8,20,3,1.0,3.0,4.0,236.0,3213
2280,2,5,53,1,4.0,2.0,1.0,209.0,2118
2281,1,7,22,1,4.0,4.0,2.0,103.0,549
2282,8,9,44,1,3.0,1.0,1.0,245.0,2637
2283,8,9,51,2,3.0,6.0,4.0,584.0,266
2284,3,2,9,3,3.0,5.0,4.0,387.0,91
2285,8,9,13,1,1.0,2.0,2.0,139.0,1654
2286,8,8,2,1,1.0,2.0,2.0,82.0,968
2287,1,7,35,2,6.0,2.0,2.0,462.0,3900
2288,4,4,15,1,3.0,4.0,2.0,245.0,2202
2289,8,10,25,2,3.0,3.0,2.0,324.0,3279
2290,1,7,43,2,4.0,5.0,2.0,750.0,368
2291,7,6,24,2,3.0,5.0,4.0,267.0,2888
2292,4,4,38,2,4.0,3.0,2.0,468.0,3929
2293,8,8,14,1,2.0,1.0,1.0,229.0,2503
2294,1,7,21,2,3.0,6.0,3.0,595.0,141
2295,5,3,41,1,4.0,3.0,1.0,144.0,1883
2296,5,3,41,1,3.0,3.0,2.0,158.0,1399
2297,8,10,49,1,1.0,2.0,2.0,168.0,2198
2298,1,7,35,2,3.0,2.0,4.0,305.0,2783
2299,8,10,25,5,6.0,6.0,2.0,282.0,3012
2300,4,4,15,1,1.0,4.0,1.0,158.0,1077
2301,3,2,9,1,3.0,4.0,1.0,87.0,848
2302,8,8,14,1,4.0,1.0,1.0,180.0,1296
2303,4,4,48,2,3.0,5.0,4.0,414.0,3376
2304,8,8,1,5,5.0,4.0,4.0,462.0,3848
2305,7,6,28,5,4.0,2.0,4.0,381.0,3108
2306,1,7,34,1,3.0,3.0,2.0,159.0,2074
2307,5,3,16,1,2.0,1.0,1.0,135.0,1209
2308,8,10,32,2,6.0,4.0,3.0,583.0,23
2309,8,9,51,1,1.0,2.0,1.0,229.0,2940
2310,1,7,36,2,5.0,5.0,3.0,615.0,8
2311,7,6,50,1,1.0,1.0,1.0,62.0,613
2312,5,3,16,1,1.0,3.0,1.0,55.0,3921
2313,5,3,37,1,1.0,3.0,1.0,130.0,1261
2314,8,8,14,1,1.0,3.0,1.0,256.0,2773
2315,5,3,16,3,4.0,5.0,4.0,472.0,316
2316,8,10,25,2,6.0,2.0,3.0,571.0,210
2317,3,2,10,2,6.0,5.0,2.0,332.0,2722
2318,6,1,23,4,4.0,4.0,2.0,113.0,1002
2319,8,9,13,1,2.0,3.0,1.0,206.0,2658
2320,1,7,35,1,3.0,2.0,2.0,219.0,2920
2321,1,7,21,1,4.0,2.0,1.0,72.0,718
2322,1,7,4,1,1.0,3.0,1.0,189.0,1489
2323,8,10,49,1,4.0,2.0,1.0,71.0,743
2324,1,7,46,1,3.0,1.0,1.0,189.0,2355
2325,7,6,30,1,2.0,1.0,2.0,141.0,1991
2326,8,10,32,4,3.0,4.0,1.0,188.0,1752
2327,1,7,36,2,3.0,5.0,3.0,507.0,385
2328,8,8,2,5,4.0,5.0,4.0,267.0,2530
2329,5,3,16,2,3.0,3.0,4.0,691.0,419
2330,5,3,16,1,4.0,2.0,2.0,235.0,2820
2331,5,3,41,3,4.0,5.0,4.0,245.0,3019
2332,1,7,34,1,1.0,3.0,1.0,252.0,3001
2333,8,8,14,1,4.0,2.0,1.0,174.0,1908
2334,3,2,10,2,6.0,4.0,2.0,651.0,321
2335,4,4,7,2,3.0,6.0,3.0,469.0,4101
2336,4,4,48,1,3.0,4.0,1.0,118.0,1472
2337,3,2,5,2,6.0,2.0,2.0,526.0,3177
2338,4,4,7,2,5.0,6.0,2.0,596.0,3825
2339,3,2,10,2,4.0,4.0,4.0,589.0,170
2340,3,2,9,1,4.0,2.0,2.0,151.0,2973
2341,8,9,44,1,1.0,4.0,1.0,209.0,1614
2342,8,8,14,2,3.0,6.0,4.0,434.0,3501
2343,5,3,41,5,4.0,5.0,2.0,418.0,3124
2344,6,1,39,1,1.0,3.0,1.0,113.0,679
2345,7,6,50,1,1.0,4.0,2.0,249.0,1849
2346,8,9,13,3,4.0,4.0,3.0,294.0,3289
2347,8,8,29,2,5.0,2.0,2.0,476.0,3470
2348,1,7,34,1,1.0,4.0,2.0,241.0,1942
2349,3,2,9,1,1.0,1.0,2.0,168.0,2362
2350,8,8,14,2,5.0,5.0,4.0,287.0,2452
2351,2,5,12,2,6.0,5.0,3.0,739.0,280
2352,5,3,41,1,2.0,4.0,2.0,129.0,1778
2353,4,4,38,1,1.0,3.0,2.0,200.0,2155
2354,2,5,53,2,3.0,6.0,2.0,364.0,2303
2355,6,1,23,2,6.0,2.0,3.0,296.0,1924
2356,6,1,33,1,1.0,2.0,2.0,103.0,1197
2357,2,5,8,1,2.0,1.0,2.0,133.0,2490
2358,5,3,37,1,1.0,1.0,1.0,202.0,2269
2359,8,9,13,1,3.0,2.0,1.0,125.0,1437
2360,4,4,15,1,4.0,4.0,2.0,155.0,1066
2361,2,5,17,2,3.0,4.0,3.0,613.0,4090
2362,6,1,23,1,1.0,4.0,2.0,246.0,2735
2363,8,10,40,1,1.0,4.0,1.0,112.0,1249
2364,7,6,26,5,4.0,3.0,3.0,524.0,215
2365,7,6,24,2,5.0,6.0,4.0,535.0,3554
2366,1,7,36,1,4.0,2.0,1.0,80.0,1028
2367,8,9,13,2,6.0,5.0,3.0,665.0,4113
2368,4,4,7,1,1.0,4.0,1.0,76.0,4029
2369,8,9,13,1,1.0,1.0,2.0,178.0,1868
2370,3,2,10,1,1.0,1.0,1.0,77.0,867
2371,5,3,41,4,4.0,4.0,1.0,100.0,623
2372,8,9,13,1,1.0,3.0,2.0,84.0,889
2373,7,6,11,1,4.0,1.0,1.0,236.0,2062
2374,8,9,51,2,5.0,3.0,4.0,670.0,50
2375,8,10,32,1,4.0,1.0,2.0,191.0,2271
2376,8,9,13,4,2.0,3.0,1.0,81.0,633
2377,3,2,5,5,5.0,4.0,2.0,212.0,2929
2378,4,4,15,1,3.0,3.0,2.0,136.0,1097
2379,8,10,25,2,4.0,3.0,4.0,638.0,3945
2380,3,2,10,1,4.0,1.0,2.0,162.0,2037
2381,8,10,40,1,2.0,4.0,1.0,57.0,3837
2382,3,2,10,1,2.0,1.0,2.0,140.0,854
2383,3,2,9,5,3.0,6.0,3.0,432.0,3356
2384,7,6,50,1,2.0,1.0,2.0,205.0,2123
2385,2,5,53,1,2.0,3.0,1.0,134.0,1268
2386,7,6,24,2,3.0,6.0,2.0,585.0,35
2387,6,1,39,2,3.0,5.0,3.0,356.0,3027
2388,7,6,30,3,4.0,4.0,3.0,438.0,3553
2389,3,2,9,5,5.0,2.0,3.0,402.0,134
2390,3,2,9,2,5.0,3.0,4.0,306.0,3144
2391,3,2,5,4,3.0,4.0,2.0,200.0,1840
2392,5,3,37,1,3.0,4.0,1.0,172.0,1369
2393,7,6,52,1,3.0,4.0,1.0,59.0,3653
2394,5,3,41,1,4.0,3.0,1.0,118.0,882
2395,8,10,40,1,2.0,2.0,1.0,195.0,1604
2396,8,9,51,4,4.0,1.0,2.0,259.0,2395
2397,5,3,37,4,1.0,2.0,1.0,87.0,557
2398,1,7,35,2,4.0,3.0,2.0,196.0,1947
2399,3,2,5,1,4.0,1.0,1.0,57.0,588
2400,5,3,41,5,6.0,5.0,2.0,191.0,2450
2401,8,8,2,2,5.0,5.0,2.0,475.0,2893
2403,1,7,19,2,4.0,3.0,3.0,496.0,3815
2404,5,3,16,5,3.0,2.0,2.0,383.0,2230
2405,6,1,23,3,3.0,4.0,3.0,388.0,63
2406,4,4,48,5,5.0,2.0,4.0,227.0,2560
2407,4,4,48,1,1.0,1.0,1.0,215.0,2629
2408,2,5,42,5,3.0,3.0,3.0,181.0,2108
2409,3,2,5,2,5.0,6.0,3.0,222.0,2712
2410,5,3,37,1,2.0,4.0,2.0,190.0,1874
2411,7,6,11,1,4.0,2.0,2.0,205.0,2671
2412,1,7,46,2,6.0,6.0,4.0,712.0,415
2413,5,3,37,1,4.0,1.0,2.0,57.0,482
2414,5,3,16,2,6.0,2.0,4.0,645.0,59
2415,1,7,34,2,3.0,2.0,2.0,621.0,381
2416,2,5,17,5,4.0,5.0,2.0,489.0,2998
2417,3,2,9,1,3.0,2.0,1.0,250.0,3730
2418,2,5,42,1,1.0,4.0,2.0,166.0,1826
2419,8,8,31,1,4.0,3.0,2.0,204.0,1970
2420,8,8,1,1,2.0,3.0,1.0,205.0,2555
2421,8,9,44,2,4.0,3.0,4.0,668.0,33
2422,3,2,10,2,3.0,4.0,4.0,555.0,3699
2423,8,9,51,5,5.0,4.0,3.0,677.0,3390
2424,2,5,17,1,2.0,1.0,1.0,82.0,804
2425,6,1,33,1,1.0,1.0,1.0,211.0,2596
2426,8,10,49,1,1.0,4.0,1.0,104.0,745
2427,7,6,52,4,2.0,3.0,2.0,51.0,3343
2428,8,8,45,1,2.0,2.0,2.0,233.0,2925
2429,8,10,25,2,6.0,2.0,3.0,735.0,206
2430,1,7,19,2,5.0,6.0,4.0,240.0,1554
2431,8,8,29,1,1.0,2.0,2.0,256.0,2232
2432,8,8,14,2,3.0,2.0,4.0,551.0,3594
2433,6,1,33,5,4.0,3.0,2.0,213.0,2484
2434,8,8,2,1,3.0,1.0,1.0,173.0,1822
2435,8,8,29,1,3.0,3.0,2.0,108.0,785
2436,5,3,41,1,2.0,4.0,2.0,83.0,682
2437,7,6,52,1,4.0,1.0,1.0,171.0,1635
2438,7,6,18,2,3.0,2.0,3.0,520.0,2984
2439,8,9,13,1,4.0,2.0,1.0,67.0,703
2440,7,6,28,4,3.0,4.0,2.0,184.0,2852
2441,2,5,8,1,1.0,4.0,2.0,189.0,3247
2442,1,7,43,1,2.0,3.0,2.0,188.0,2582
2443,8,10,49,4,3.0,2.0,2.0,254.0,2755
2444,4,4,7,1,3.0,3.0,1.0,164.0,2175
2445,7,6,24,1,4.0,3.0,2.0,70.0,643
2446,4,4,7,2,4.0,2.0,4.0,214.0,2676
2447,2,5,42,2,6.0,4.0,4.0,208.0,2877
2448,5,3,37,5,3.0,2.0,2.0,653.0,259
2449,4,4,47,1,1.0,2.0,2.0,256.0,2768
2450,6,1,39,1,2.0,2.0,1.0,153.0,1845
2451,8,10,49,5,5.0,2.0,4.0,361.0,2019
2452,8,8,31,2,6.0,4.0,4.0,545.0,3097
2453,1,7,4,5,3.0,2.0,3.0,293.0,2837
2454,8,10,40,3,4.0,5.0,4.0,521.0,79
2455,6,1,39,5,5.0,2.0,3.0,469.0,2793
2456,6,1,33,1,2.0,2.0,2.0,202.0,1505
2457,2,5,53,1,3.0,1.0,1.0,220.0,1736
2458,1,7,36,4,3.0,2.0,2.0,247.0,2728
2459,8,10,25,2,5.0,3.0,2.0,399.0,3514
2460,1,7,46,1,3.0,1.0,1.0,188.0,2130
2461,5,3,37,4,3.0,2.0,2.0,138.0,1343
2462,2,5,53,1,2.0,1.0,2.0,149.0,1058
2463,1,7,36,1,4.0,1.0,1.0,151.0,2887
2464,3,2,9,2,6.0,5.0,3.0,449.0,3426
2465,8,10,32,1,2.0,2.0,1.0,195.0,2177
2466,7,6,50,5,3.0,2.0,3.0,682.0,241
2467,4,4,7,1,1.0,2.0,1.0,212.0,2495
2468,1,7,35,1,4.0,3.0,2.0,83.0,1519
2469,8,9,13,2,5.0,3.0,4.0,242.0,3060
2470,8,9,3,2,4.0,4.0,3.0,277.0,1768
2471,1,7,36,1,4.0,1.0,2.0,112.0,1114
2472,3,2,10,3,5.0,4.0,2.0,227.0,2638
2473,8,8,1,1,4.0,2.0,1.0,207.0,1411
2474,7,6,50,4,4.0,3.0,2.0,132.0,1136
2475,8,8,20,1,4.0,3.0,1.0,151.0,1026
2476,8,10,40,1,2.0,1.0,1.0,167.0,2035
2477,2,5,12,2,5.0,5.0,3.0,205.0,2897
2478,5,3,37,2,6.0,2.0,2.0,532.0,3361
2479,8,10,25,2,6.0,3.0,2.0,355.0,2290
2480,2,5,12,1,4.0,1.0,2.0,194.0,1569
2481,4,4,47,1,4.0,2.0,2.0,135.0,946
2482,5,3,16,1,4.0,4.0,1.0,230.0,1943
2483,4,4,38,1,1.0,3.0,1.0,172.0,1686
2484,8,8,29,4,2.0,4.0,1.0,255.0,3146
2485,7,6,50,4,3.0,1.0,1.0,181.0,1563
2486,8,9,44,2,3.0,3.0,4.0,398.0,3818
2487,7,6,11,1,2.0,2.0,1.0,65.0,474
2488,8,8,14,2,5.0,3.0,4.0,314.0,3300
2489,8,8,1,1,3.0,2.0,1.0,222.0,1974
2490,1,7,4,2,4.0,2.0,3.0,332.0,2733
2491,8,9,3,1,4.0,3.0,1.0,228.0,1955
2492,8,10,49,1,1.0,2.0,1.0,156.0,1808
2493,1,7,43,2,4.0,2.0,4.0,238.0,2405
2494,5,3,37,3,4.0,4.0,3.0,402.0,3991
2495,5,3,37,1,2.0,2.0,1.0,225.0,1625
2496,8,9,51,1,1.0,4.0,2.0,146.0,960
2497,8,9,3,2,3.0,4.0,2.0,734.0,52
2498,8,8,29,1,2.0,2.0,1.0,255.0,2508
2499,8,8,45,1,1.0,3.0,2.0,192.0,2326
2500,4,4,48,1,1.0,4.0,1.0,229.0,2769
2501,8,9,51,1,4.0,3.0,2.0,65.0,518
2502,5,3,16,1,3.0,3.0,1.0,162.0,2116
2503,4,4,7,1,2.0,2.0,2.0,138.0,828
2504,7,6,26,2,4.0,3.0,2.0,574.0,3414
2505,4,4,47,2,4.0,4.0,2.0,600.0,320
2506,8,9,13,3,5.0,5.0,3.0,356.0,36
2507,8,9,51,1,1.0,4.0,1.0,239.0,2883
2508,8,9,3,1,1.0,4.0,2.0,106.0,876
2509,3,2,5,5,4.0,4.0,3.0,371.0,3274
2510,1,7,27,1,2.0,2.0,2.0,101.0,565
2511,8,10,25,2,5.0,6.0,3.0,595.0,3129
2512,2,5,53,2,6.0,5.0,4.0,455.0,3843
2513,2,5,17,1,3.0,3.0,1.0,142.0,1368
2514,4,4,15,1,3.0,4.0,2.0,236.0,3020
2515,4,4,47,1,3.0,2.0,1.0,95.0,947
2516,7,6,50,2,3.0,6.0,3.0,493.0,3992
2517,8,8,2,1,4.0,2.0,2.0,251.0,2905
2518,5,3,16,1,4.0,2.0,1.0,111.0,614
2519,6,1,23,2,5.0,6.0,2.0,452.0,3164
2520,4,4,47,3,4.0,3.0,4.0,355.0,7
2521,3,2,10,2,4.0,5.0,2.0,488.0,3611
2522,7,6,28,1,1.0,4.0,2.0,106.0,2201
2523,8,10,25,4,1.0,1.0,1.0,176.0,2125
2524,8,9,3,3,3.0,4.0,4.0,501.0,230
2525,8,8,29,2,4.0,3.0,3.0,466.0,3196
2526,4,4,38,1,3.0,3.0,2.0,62.0,3781
2527,6,1,33,1,2.0,1.0,2.0,253.0,2855
2528,8,9,3,3,4.0,4.0,2.0,515.0,251
2529,4,4,15,1,2.0,4.0,1.0,78.0,649
2530,1,7,36,3,5.0,5.0,3.0,298.0,140
2531,3,2,9,2,5.0,4.0,4.0,711.0,1184
2532,1,7,36,2,4.0,5.0,4.0,362.0,3352
2533,8,8,14,2,6.0,3.0,2.0,615.0,3175
2534,5,3,16,2,3.0,3.0,3.0,721.0,417
2535,8,8,45,4,1.0,2.0,1.0,100.0,1074
2536,5,3,16,1,2.0,4.0,1.0,234.0,1726
2537,5,3,41,2,6.0,3.0,3.0,310.0,3015
2538,5,3,16,5,4.0,3.0,2.0,353.0,2624
2539,6,1,33,1,2.0,2.0,1.0,123.0,1371
2540,6,1,39,1,2.0,3.0,1.0,83.0,646
2541,4,4,48,2,5.0,2.0,3.0,586.0,3316
2542,1,7,46,4,1.0,2.0,2.0,205.0,2756
2543,8,8,2,1,2.0,2.0,2.0,59.0,3674
2544,1,7,19,2,6.0,2.0,3.0,746.0,4079
2545,3,2,10,1,2.0,1.0,2.0,220.0,2776
2546,7,6,30,1,4.0,2.0,2.0,163.0,1702
2547,8,9,3,2,4.0,3.0,2.0,345.0,3423
2548,1,7,35,1,3.0,3.0,1.0,138.0,1987
2549,8,9,3,1,3.0,4.0,1.0,146.0,1312
2550,5,3,16,2,3.0,5.0,2.0,670.0,3928
2551,8,8,2,1,1.0,3.0,2.0,225.0,2933
2552,7,6,18,5,3.0,5.0,4.0,502.0,3445
2553,3,2,5,1,3.0,2.0,1.0,218.0,1739
2554,8,10,32,2,3.0,6.0,3.0,588.0,3702
2555,5,3,41,1,3.0,4.0,1.0,130.0,1318
2556,6,1,33,1,3.0,1.0,1.0,210.0,1643
2557,2,5,6,1,3.0,1.0,1.0,194.0,2284
2558,2,5,17,2,3.0,6.0,4.0,564.0,192
2559,8,10,49,1,4.0,3.0,1.0,65.0,683
2560,1,7,4,2,4.0,5.0,2.0,195.0,1123
2561,5,3,41,1,2.0,1.0,1.0,128.0,874
2562,8,10,40,1,4.0,4.0,2.0,186.0,2456
2563,4,4,47,1,4.0,2.0,1.0,92.0,1034
2564,6,1,23,2,4.0,3.0,3.0,578.0,298
2565,1,7,19,4,4.0,4.0,2.0,110.0,927
2566,5,3,41,1,2.0,1.0,1.0,211.0,2571
2567,2,5,42,2,5.0,3.0,2.0,307.0,2299
2568,1,7,4,2,3.0,4.0,2.0,537.0,4118
2569,4,4,15,4,4.0,3.0,2.0,51.0,3324
2570,1,7,4,1,4.0,4.0,2.0,129.0,1612
2571,6,1,23,2,6.0,6.0,3.0,496.0,3045
2572,4,4,7,1,3.0,4.0,1.0,115.0,1216
2573,1,7,36,1,3.0,3.0,1.0,170.0,2568
2574,1,7,34,1,3.0,4.0,1.0,168.0,2214
2575,8,8,1,5,5.0,3.0,4.0,569.0,3637
2576,2,5,8,2,5.0,6.0,3.0,188.0,2318
2577,2,5,42,2,4.0,5.0,3.0,391.0,3472
2578,7,6,28,4,3.0,3.0,2.0,206.0,3318
2579,2,5,42,1,4.0,2.0,2.0,134.0,1335
2580,7,6,28,1,3.0,1.0,2.0,206.0,2729
2581,4,4,38,3,5.0,3.0,4.0,344.0,3541
2582,7,6,52,2,5.0,5.0,3.0,197.0,2465
2583,3,2,9,2,3.0,6.0,3.0,692.0,446
2584,8,9,44,1,2.0,3.0,1.0,113.0,878
2585,8,8,1,4,4.0,2.0,1.0,226.0,2165
2586,8,8,2,1,1.0,4.0,2.0,127.0,1407
2587,8,10,49,1,4.0,3.0,2.0,170.0,1426
2588,8,9,51,2,3.0,4.0,3.0,623.0,3950
2589,4,4,47,2,4.0,6.0,2.0,208.0,1457
2590,2,5,6,2,3.0,3.0,4.0,652.0,4125
2591,4,4,15,1,4.0,2.0,2.0,199.0,2330
2592,6,1,33,1,4.0,1.0,1.0,67.0,504
2593,2,5,12,2,5.0,4.0,3.0,577.0,3656
2594,8,8,1,2,5.0,2.0,2.0,483.0,3270
2595,8,10,32,2,4.0,2.0,2.0,379.0,3194
2596,6,1,23,2,6.0,3.0,4.0,290.0,1622
2597,7,6,28,1,4.0,4.0,1.0,58.0,846
2598,8,9,13,1,1.0,2.0,1.0,215.0,2835
2599,6,1,23,2,5.0,3.0,2.0,489.0,3351
2600,2,5,6,2,5.0,2.0,2.0,345.0,3508
2601,5,3,16,1,3.0,2.0,2.0,242.0,2747
2602,8,9,3,2,4.0,6.0,2.0,189.0,1295
2603,1,7,4,1,1.0,2.0,1.0,52.0,3758
2604,1,7,21,2,6.0,5.0,3.0,249.0,3200
2605,8,8,31,3,4.0,4.0,2.0,444.0,70
2606,8,9,44,1,3.0,3.0,1.0,241.0,1912
2607,8,9,13,1,2.0,1.0,1.0,94.0,774
2608,5,3,41,1,4.0,2.0,1.0,57.0,3873
2609,7,6,11,2,5.0,5.0,2.0,196.0,1203
2610,6,1,39,2,4.0,3.0,3.0,233.0,2446
2611,1,7,19,5,6.0,4.0,4.0,739.0,322
2612,8,8,2,3,5.0,5.0,4.0,473.0,25
2613,7,6,26,2,4.0,4.0,2.0,575.0,3943
2614,3,2,9,1,4.0,2.0,2.0,211.0,2868
2615,2,5,12,5,3.0,3.0,2.0,504.0,60
2616,1,7,34,1,3.0,4.0,2.0,244.0,2625
2617,7,6,11,3,4.0,3.0,4.0,316.0,3683
2618,5,3,37,1,1.0,2.0,1.0,72.0,3850
2619,8,8,29,1,1.0,2.0,2.0,226.0,2798
2620,5,3,37,1,1.0,4.0,1.0,174.0,1931
2621,1,7,21,1,3.0,1.0,2.0,227.0,2656
2622,8,9,13,1,1.0,4.0,1.0,94.0,696
2623,8,9,44,3,5.0,4.0,2.0,332.0,3884
2624,6,1,33,2,5.0,4.0,2.0,327.0,2308
2625,4,4,7,1,3.0,3.0,2.0,99.0,776
2626,1,7,46,5,4.0,4.0,3.0,489.0,3849
2627,1,7,22,1,4.0,3.0,1.0,119.0,1514
2628,1,7,4,2,5.0,6.0,4.0,566.0,96
2629,2,5,6,1,3.0,2.0,2.0,177.0,1877
2630,5,3,41,3,4.0,4.0,4.0,327.0,3286
2631,5,3,41,1,2.0,3.0,1.0,165.0,2286
2632,6,1,23,1,2.0,3.0,1.0,54.0,479
2633,8,8,45,1,1.0,2.0,1.0,57.0,480
2634,5,3,41,3,3.0,5.0,3.0,279.0,2870
2635,2,5,17,2,4.0,6.0,3.0,503.0,143
2636,5,3,16,2,4.0,5.0,4.0,337.0,3612
2637,4,4,7,5,5.0,3.0,2.0,621.0,12
2638,8,8,14,1,1.0,3.0,1.0,99.0,791
2639,8,8,20,1,1.0,1.0,2.0,196.0,2009
2640,8,9,51,5,3.0,3.0,2.0,276.0,2191
2641,8,8,14,1,1.0,3.0,1.0,161.0,2073
2642,3,2,5,4,3.0,1.0,1.0,245.0,2141
2643,3,2,5,2,3.0,5.0,3.0,492.0,3166
2644,1,7,36,1,2.0,4.0,2.0,213.0,3505
2645,8,10,49,1,4.0,4.0,2.0,152.0,1675
2646,8,8,29,1,2.0,2.0,2.0,218.0,2110
2647,8,8,29,2,6.0,3.0,2.0,256.0,2102
2648,8,9,51,1,1.0,1.0,2.0,91.0,769
2649,3,2,9,1,1.0,3.0,2.0,180.0,2409
2650,8,8,45,5,6.0,3.0,3.0,464.0,4014
2651,3,2,9,1,2.0,1.0,1.0,64.0,825
2652,4,4,48,1,2.0,1.0,1.0,51.0,3957
2653,8,10,40,1,2.0,4.0,1.0,74.0,3759
2654,2,5,53,2,4.0,4.0,2.0,722.0,4051
2655,3,2,10,2,5.0,6.0,4.0,345.0,3259
2656,5,3,37,1,1.0,1.0,2.0,151.0,1962
2657,8,9,44,1,2.0,2.0,1.0,192.0,1907
2658,3,2,10,5,4.0,3.0,3.0,597.0,3320
2659,3,2,5,1,4.0,2.0,2.0,166.0,1326
2660,8,10,32,1,1.0,1.0,1.0,98.0,706
2661,3,2,9,2,4.0,6.0,2.0,281.0,4072
2662,3,2,10,1,2.0,3.0,1.0,168.0,1236
2663,3,2,5,1,1.0,4.0,2.0,176.0,2192
2664,8,8,31,2,5.0,6.0,2.0,186.0,2578
2665,3,2,10,2,5.0,3.0,2.0,310.0,3188
2666,5,3,16,4,1.0,4.0,1.0,140.0,1762
2667,5,3,41,1,3.0,3.0,2.0,95.0,496
2668,8,9,44,1,4.0,4.0,1.0,206.0,2443
2669,5,3,37,2,6.0,3.0,3.0,699.0,392
2670,5,3,37,1,2.0,3.0,2.0,210.0,1447
2671,6,1,39,2,4.0,6.0,4.0,203.0,2336
2672,7,6,52,2,6.0,5.0,4.0,491.0,2960
2673,6,1,39,1,4.0,1.0,1.0,191.0,2519
2674,7,6,52,2,5.0,6.0,4.0,471.0,3727
2675,7,6,18,4,2.0,3.0,1.0,155.0,2093
2676,8,10,49,5,5.0,3.0,3.0,729.0,379
2677,8,8,45,2,3.0,4.0,3.0,503.0,2774
2678,5,3,37,1,4.0,1.0,2.0,93.0,610
2679,1,7,4,1,4.0,1.0,2.0,152.0,1621
2680,3,2,10,3,3.0,5.0,2.0,358.0,3975
2681,7,6,50,1,2.0,1.0,1.0,220.0,1649
2682,2,5,17,1,2.0,4.0,2.0,240.0,2084
2683,3,2,5,1,2.0,1.0,1.0,164.0,2001
2684,1,7,36,2,3.0,4.0,4.0,579.0,1172
2685,4,4,47,1,3.0,2.0,1.0,141.0,1704
2686,7,6,18,1,2.0,4.0,2.0,160.0,2132
2687,5,3,37,1,4.0,1.0,1.0,185.0,2483
2688,8,9,44,5,3.0,2.0,2.0,388.0,3457
2689,2,5,53,2,4.0,4.0,3.0,490.0,3459
2690,8,9,51,1,3.0,3.0,2.0,193.0,2408
2691,2,5,8,1,1.0,4.0,1.0,251.0,3092
2692,8,8,14,3,5.0,5.0,3.0,464.0,3794
2693,2,5,17,1,2.0,2.0,1.0,205.0,1391
2694,2,5,8,2,5.0,5.0,2.0,444.0,297
2695,7,6,52,3,4.0,5.0,3.0,386.0,3878
2696,5,3,37,1,3.0,2.0,1.0,260.0,2626
2697,3,2,9,1,4.0,1.0,1.0,123.0,2236
2698,2,5,8,2,3.0,2.0,4.0,435.0,148
2699,8,9,3,3,3.0,5.0,3.0,341.0,4044
2700,8,9,44,1,4.0,3.0,1.0,208.0,2447
2701,3,2,5,1,3.0,3.0,1.0,96.0,912
2702,8,9,13,2,5.0,2.0,3.0,298.0,3186
2703,2,5,17,1,1.0,4.0,1.0,64.0,538
2704,1,7,46,5,3.0,4.0,3.0,274.0,2461
2705,6,1,23,1,4.0,2.0,2.0,213.0,2161
2706,2,5,8,2,5.0,2.0,3.0,301.0,3621
2707,5,3,16,1,4.0,2.0,2.0,124.0,1082
2708,1,7,27,2,3.0,3.0,2.0,307.0,3278
2709,8,10,32,2,3.0,3.0,2.0,713.0,405
2710,8,9,44,3,5.0,4.0,4.0,493.0,3947
2711,3,2,9,1,2.0,4.0,2.0,100.0,965
2712,7,6,26,2,3.0,4.0,2.0,305.0,3121
2713,7,6,26,1,2.0,3.0,1.0,173.0,2415
2714,1,7,35,1,1.0,3.0,2.0,225.0,3597
2715,8,10,49,2,6.0,5.0,2.0,670.0,197
2716,4,4,7,1,4.0,1.0,2.0,107.0,892
2717,4,4,7,1,3.0,4.0,2.0,117.0,1270
2718,1,7,34,1,1.0,1.0,1.0,62.0,516
2719,6,1,33,1,2.0,3.0,1.0,74.0,4006
2720,3,2,10,1,3.0,3.0,1.0,216.0,2392
2721,4,4,15,1,3.0,4.0,2.0,162.0,1446
2722,3,2,5,5,6.0,4.0,4.0,536.0,37
2723,8,9,51,5,3.0,3.0,2.0,253.0,2807
2724,5,3,16,1,1.0,2.0,2.0,185.0,1767
2725,5,3,16,5,6.0,2.0,3.0,721.0,71
2726,7,6,50,5,5.0,3.0,3.0,688.0,3755
2727,3,2,5,4,1.0,1.0,1.0,235.0,2360
2728,1,7,21,1,3.0,4.0,1.0,248.0,2069
2729,5,3,37,1,4.0,1.0,2.0,136.0,809
2730,1,7,34,1,2.0,1.0,2.0,169.0,1199
2731,2,5,42,2,6.0,5.0,4.0,392.0,3043
2732,2,5,6,1,3.0,1.0,2.0,241.0,1731
2733,2,5,8,2,6.0,2.0,4.0,304.0,3066
2734,5,3,37,1,1.0,1.0,1.0,186.0,1581
2735,5,3,16,1,3.0,3.0,1.0,112.0,1346
2736,1,7,34,2,5.0,6.0,2.0,694.0,3680
2737,1,7,22,1,2.0,3.0,1.0,232.0,2934
2738,8,10,32,2,5.0,6.0,3.0,390.0,3378
2739,4,4,7,3,3.0,3.0,4.0,398.0,17
2740,5,3,16,1,2.0,3.0,1.0,254.0,2044
2741,1,7,27,1,4.0,1.0,2.0,212.0,2344
2742,6,1,39,2,5.0,5.0,3.0,425.0,3868
2743,6,1,39,2,5.0,2.0,2.0,568.0,3785
2744,8,10,32,4,1.0,2.0,1.0,170.0,2328
2745,8,9,44,2,4.0,6.0,4.0,611.0,328
2746,4,4,48,2,4.0,4.0,2.0,713.0,3599
2747,4,4,15,2,6.0,2.0,2.0,287.0,3326
2748,6,1,23,1,2.0,3.0,2.0,154.0,1585
2749,1,7,27,4,1.0,2.0,1.0,84.0,990
2750,8,10,25,2,6.0,5.0,2.0,612.0,3511
2751,3,2,9,2,5.0,4.0,3.0,298.0,3909
2752,5,3,37,1,2.0,1.0,2.0,197.0,1445
2753,4,4,48,1,1.0,2.0,1.0,179.0,1954
2754,5,3,41,1,3.0,3.0,2.0,78.0,602
2755,2,5,12,1,4.0,2.0,2.0,81.0,898
2756,7,6,28,2,6.0,6.0,4.0,302.0,3011
2757,4,4,15,1,1.0,2.0,2.0,103.0,1337
2759,8,10,40,2,5.0,5.0,3.0,194.0,1683
2760,8,8,20,1,1.0,1.0,2.0,99.0,1288
2761,4,4,47,2,4.0,5.0,2.0,537.0,3648
2762,8,9,51,3,3.0,5.0,2.0,339.0,3208
2763,5,3,37,1,3.0,4.0,2.0,84.0,3984
2764,7,6,30,2,3.0,5.0,4.0,458.0,2968
2765,5,3,37,2,5.0,3.0,4.0,257.0,1558
2766,5,3,16,1,3.0,1.0,1.0,86.0,746
2767,3,2,5,2,6.0,3.0,4.0,579.0,3734
2768,5,3,16,2,4.0,4.0,2.0,687.0,4
2769,8,9,3,2,5.0,3.0,2.0,609.0,3400
2770,8,8,29,5,3.0,2.0,2.0,492.0,3746
2771,3,2,5,2,6.0,3.0,2.0,666.0,3244
2772,8,9,44,1,2.0,1.0,1.0,249.0,1897
2773,1,7,34,1,2.0,4.0,2.0,234.0,2129
2774,8,8,29,1,4.0,1.0,1.0,136.0,1813
2775,6,1,39,1,1.0,1.0,2.0,112.0,831
2776,2,5,12,4,1.0,4.0,1.0,207.0,2697
2777,8,8,20,1,1.0,4.0,1.0,91.0,560
2778,8,8,20,1,4.0,1.0,2.0,69.0,655
2779,6,1,33,2,3.0,4.0,3.0,466.0,3715
2780,8,8,45,2,4.0,6.0,2.0,665.0,3220
2781,6,1,23,1,4.0,1.0,1.0,107.0,1049
2782,7,6,11,2,4.0,2.0,4.0,586.0,3057
2783,8,9,13,2,5.0,2.0,2.0,197.0,2586
2784,7,6,30,1,4.0,4.0,1.0,146.0,925
2785,8,10,40,1,3.0,3.0,1.0,107.0,764
2786,6,1,23,2,6.0,6.0,3.0,750.0,3474
2787,8,9,13,3,5.0,4.0,4.0,496.0,131
2789,5,3,37,2,6.0,6.0,3.0,472.0,4110
2790,3,2,5,2,6.0,6.0,4.0,611.0,3480
2791,8,10,32,1,1.0,1.0,2.0,129.0,1662
2792,7,6,24,1,2.0,4.0,1.0,194.0,1613
2793,5,3,37,1,2.0,1.0,2.0,126.0,784
2794,1,7,43,1,2.0,4.0,1.0,100.0,989
2795,8,10,49,1,4.0,3.0,2.0,60.0,637
2796,8,9,51,2,6.0,4.0,3.0,622.0,3685
2797,8,9,51,2,4.0,3.0,4.0,683.0,418
2798,8,9,51,1,3.0,1.0,1.0,244.0,2455
2799,1,7,36,2,6.0,3.0,3.0,592.0,430
2800,8,10,25,1,1.0,1.0,1.0,114.0,817
2801,4,4,47,2,3.0,5.0,4.0,335.0,2818
2802,8,9,44,2,6.0,6.0,4.0,724.0,398
2803,6,1,39,1,1.0,4.0,1.0,188.0,2213
2804,7,6,18,3,5.0,4.0,3.0,352.0,3753
2805,8,10,25,2,5.0,3.0,2.0,624.0,3490
2806,8,8,31,5,6.0,2.0,2.0,715.0,3614
2807,2,5,6,1,3.0,3.0,2.0,178.0,1540
2808,5,3,16,2,3.0,3.0,4.0,446.0,4108
2809,1,7,35,1,3.0,2.0,2.0,155.0,2899
2810,1,7,19,1,3.0,3.0,2.0,153.0,1992
2811,6,1,33,1,1.0,1.0,1.0,118.0,671
2812,8,9,51,1,2.0,2.0,1.0,181.0,2370
2813,5,3,16,4,2.0,4.0,1.0,58.0,473
2814,3,2,9,1,3.0,2.0,2.0,108.0,2015
2815,8,10,32,1,2.0,3.0,2.0,54.0,3294
2816,7,6,18,2,3.0,6.0,2.0,744.0,437
2817,2,5,6,1,4.0,1.0,1.0,251.0,2812
2819,8,9,3,2,6.0,5.0,2.0,235.0,1491
2820,8,9,3,1,4.0,1.0,1.0,72.0,475
2821,8,10,40,1,4.0,1.0,2.0,72.0,4068
2822,1,7,22,3,5.0,4.0,2.0,474.0,157
2823,4,4,15,2,5.0,4.0,3.0,227.0,2203
2824,8,9,3,4,4.0,2.0,2.0,148.0,939
2825,8,8,29,2,4.0,2.0,3.0,691.0,399
2826,8,10,49,1,2.0,3.0,1.0,139.0,1751
2827,8,8,45,4,2.0,2.0,2.0,243.0,2095
2828,8,9,44,1,2.0,4.0,2.0,50.0,493
2829,4,4,48,1,4.0,3.0,2.0,89.0,587
2830,7,6,18,4,4.0,4.0,2.0,180.0,1948
2831,5,3,16,1,1.0,2.0,1.0,213.0,2146
2832,2,5,6,2,3.0,6.0,3.0,692.0,364
2833,6,1,23,4,2.0,2.0,2.0,119.0,1038
2834,7,6,24,1,4.0,4.0,1.0,78.0,505
2835,8,8,14,1,4.0,3.0,2.0,91.0,918
2836,7,6,11,2,6.0,4.0,3.0,270.0,1949
2837,8,8,31,1,4.0,2.0,1.0,185.0,1636
2838,6,1,33,2,6.0,3.0,3.0,410.0,3370
2839,5,3,16,1,2.0,1.0,2.0,200.0,2540
2840,3,2,9,4,4.0,3.0,1.0,138.0,1803
2841,8,8,1,2,4.0,4.0,3.0,380.0,3810
2842,7,6,18,5,4.0,3.0,2.0,301.0,3529
2843,4,4,47,1,4.0,1.0,1.0,177.0,1532
2844,8,8,31,1,4.0,1.0,1.0,101.0,757
2845,1,7,21,2,6.0,6.0,4.0,230.0,1432
2846,8,8,2,2,3.0,3.0,3.0,666.0,3598
2847,8,10,25,1,4.0,1.0,2.0,245.0,2949
2848,1,7,35,5,6.0,3.0,3.0,232.0,3482
2849,7,6,18,1,3.0,4.0,2.0,143.0,875
2850,8,8,1,2,6.0,4.0,2.0,525.0,22
2851,8,9,51,2,4.0,6.0,4.0,634.0,240
2852,1,7,19,2,6.0,6.0,2.0,412.0,3643
2853,8,8,45,2,3.0,6.0,4.0,704.0,3665
2854,5,3,16,4,2.0,2.0,1.0,223.0,2684
2855,7,6,52,1,1.0,2.0,2.0,136.0,1287
2856,1,7,19,5,3.0,2.0,2.0,473.0,3993
2857,1,7,46,1,3.0,4.0,1.0,53.0,3673
2858,7,6,30,2,4.0,3.0,3.0,370.0,2771
2859,8,8,45,1,4.0,4.0,2.0,166.0,1730
2860,4,4,48,2,6.0,4.0,2.0,627.0,324
2861,8,8,20,1,3.0,2.0,1.0,132.0,873
2862,8,8,2,1,3.0,2.0,2.0,68.0,3652
2863,6,1,33,2,5.0,2.0,4.0,715.0,4105
2864,8,9,13,5,3.0,6.0,4.0,407.0,3796
2865,8,9,13,1,3.0,1.0,1.0,56.0,3345
2866,7,6,18,1,1.0,1.0,2.0,108.0,641
2867,8,9,51,1,1.0,4.0,2.0,234.0,2739
2868,3,2,5,1,4.0,2.0,1.0,220.0,2528
2869,8,10,49,1,1.0,1.0,2.0,54.0,3582
2870,7,6,52,1,2.0,4.0,2.0,81.0,734
2871,6,1,33,1,3.0,1.0,1.0,189.0,1463
2872,6,1,23,1,1.0,2.0,1.0,201.0,2433
2873,5,3,16,1,3.0,3.0,2.0,89.0,917
2874,1,7,34,1,2.0,4.0,1.0,89.0,802
2875,7,6,26,1,3.0,3.0,2.0,247.0,3026
2876,6,1,33,2,3.0,5.0,2.0,207.0,2410
2877,8,10,25,5,6.0,2.0,3.0,573.0,3736
2878,6,1,39,4,2.0,4.0,1.0,105.0,691
2879,6,1,23,1,2.0,1.0,1.0,163.0,1804
2880,8,8,2,1,3.0,4.0,1.0,148.0,997
2881,8,9,3,1,4.0,4.0,1.0,165.0,1515
2882,3,2,10,5,3.0,5.0,3.0,618.0,3826
2883,8,9,51,1,4.0,2.0,1.0,172.0,1291
2884,8,10,49,2,6.0,5.0,3.0,321.0,3033
2885,5,3,37,2,6.0,6.0,3.0,233.0,2541
2886,1,7,22,1,4.0,2.0,1.0,64.0,535
2887,2,5,8,2,5.0,2.0,4.0,717.0,1181
2888,8,9,44,2,6.0,2.0,3.0,640.0,135
2889,7,6,24,1,3.0,4.0,2.0,64.0,664
2890,3,2,10,5,6.0,4.0,3.0,440.0,3063
2891,4,4,47,1,1.0,2.0,2.0,87.0,635
2892,6,1,33,5,4.0,5.0,4.0,391.0,2945
2893,1,7,4,2,4.0,5.0,2.0,288.0,1883
2894,6,1,23,1,4.0,4.0,1.0,175.0,1415
2895,4,4,7,2,5.0,3.0,4.0,736.0,205
2896,8,8,14,2,6.0,6.0,4.0,418.0,2487
2897,2,5,8,3,4.0,5.0,2.0,326.0,347
2898,8,9,3,2,4.0,5.0,4.0,742.0,3421
2899,8,8,14,2,6.0,4.0,3.0,259.0,1580
2900,4,4,38,2,3.0,5.0,3.0,199.0,1617
2901,8,8,45,3,4.0,3.0,3.0,225.0,2302
2902,7,6,28,2,6.0,5.0,2.0,439.0,4058
2903,4,4,38,2,3.0,5.0,2.0,465.0,3774
2904,4,4,7,3,3.0,5.0,2.0,508.0,3735
2905,4,4,15,2,4.0,4.0,4.0,743.0,156
2906,8,8,31,1,2.0,2.0,2.0,229.0,2150
2907,6,1,33,1,1.0,2.0,1.0,260.0,2994
2908,8,10,49,1,3.0,4.0,1.0,82.0,887
2909,4,4,48,1,3.0,2.0,2.0,92.0,858
2910,2,5,8,1,3.0,3.0,1.0,165.0,1827
2911,3,2,10,1,1.0,4.0,2.0,143.0,1801
2912,1,7,4,2,3.0,2.0,4.0,355.0,3617
2913,1,7,4,2,3.0,4.0,3.0,423.0,3913
2914,1,7,22,2,3.0,6.0,2.0,357.0,2670
2915,2,5,8,2,4.0,2.0,2.0,430.0,72
2916,8,8,1,2,5.0,4.0,3.0,240.0,1642
2917,5,3,41,2,5.0,4.0,3.0,214.0,1820
2918,4,4,38,1,3.0,2.0,1.0,243.0,2524
2919,8,10,40,2,4.0,5.0,2.0,616.0,3518
2920,1,7,46,2,4.0,2.0,2.0,455.0,3391
2921,8,8,20,5,3.0,5.0,3.0,582.0,3864
2922,5,3,41,1,1.0,1.0,1.0,112.0,1458
2923,4,4,7,2,6.0,4.0,4.0,560.0,3733
2924,8,9,51,3,4.0,3.0,4.0,357.0,5
2925,8,8,29,2,6.0,4.0,4.0,280.0,3223
2926,8,9,3,1,1.0,2.0,1.0,173.0,2126
2927,8,10,32,2,6.0,4.0,3.0,506.0,3254
2928,3,2,10,3,4.0,4.0,2.0,292.0,2841
2929,5,3,16,2,4.0,2.0,2.0,342.0,3659
2930,3,2,5,1,2.0,3.0,1.0,98.0,730
2931,8,8,1,1,2.0,3.0,2.0,52.0,3937
2932,8,8,14,2,4.0,2.0,4.0,287.0,2680
2933,8,10,25,1,4.0,4.0,2.0,213.0,1932
2934,7,6,52,1,2.0,3.0,2.0,83.0,558
2935,8,8,29,1,3.0,3.0,1.0,201.0,1933
2936,1,7,22,1,4.0,4.0,1.0,160.0,2224
2937,4,4,38,2,4.0,3.0,2.0,620.0,4087
2938,8,8,14,5,3.0,3.0,3.0,658.0,299
2939,7,6,26,2,5.0,6.0,3.0,719.0,365
2940,8,10,40,4,3.0,4.0,2.0,84.0,885
2941,8,9,51,1,3.0,1.0,2.0,82.0,570
2942,7,6,28,5,5.0,4.0,2.0,581.0,101
2943,3,2,9,2,5.0,2.0,2.0,726.0,357
2944,2,5,53,1,4.0,2.0,2.0,164.0,1465
2945,3,2,5,2,5.0,3.0,4.0,193.0,1170
2946,8,9,3,2,5.0,2.0,3.0,359.0,3635
2947,1,7,36,1,4.0,4.0,1.0,227.0,3559
2948,1,7,4,1,1.0,3.0,2.0,63.0,547
2949,4,4,7,2,6.0,4.0,4.0,220.0,1132
2950,8,10,25,2,3.0,6.0,2.0,431.0,3532
2951,8,10,40,2,5.0,5.0,2.0,268.0,3168
2952,8,10,32,5,3.0,5.0,2.0,721.0,3792
2953,6,1,23,1,3.0,4.0,2.0,152.0,1194
2954,4,4,47,1,4.0,2.0,2.0,122.0,1089
2955,3,2,10,3,3.0,3.0,4.0,386.0,3667
2956,6,1,33,2,6.0,2.0,3.0,615.0,344
2957,8,9,3,1,2.0,2.0,2.0,79.0,3890
2958,5,3,16,2,3.0,5.0,3.0,320.0,2587
2959,8,8,45,1,3.0,1.0,1.0,167.0,1520
2960,6,1,23,1,4.0,3.0,2.0,157.0,1042
2961,4,4,7,1,3.0,2.0,1.0,259.0,2740
2962,4,4,47,1,3.0,1.0,2.0,55.0,3544
2964,8,9,13,1,4.0,3.0,2.0,247.0,2615
2965,8,8,2,1,2.0,3.0,2.0,159.0,1843
2966,8,10,32,1,4.0,1.0,1.0,141.0,1479
2967,3,2,5,1,4.0,2.0,2.0,193.0,1390
2968,7,6,52,2,6.0,4.0,2.0,192.0,899
2969,5,3,16,2,5.0,4.0,3.0,454.0,3152
2970,8,8,45,1,2.0,3.0,1.0,254.0,1938
2971,5,3,37,1,1.0,3.0,2.0,62.0,486
2972,6,1,39,1,1.0,3.0,1.0,166.0,2315
2973,3,2,5,2,6.0,2.0,3.0,564.0,3224
2974,3,2,5,5,5.0,5.0,3.0,604.0,119
2975,8,9,44,1,4.0,1.0,2.0,218.0,2420
2976,8,8,29,1,1.0,1.0,1.0,165.0,2243
2977,8,9,51,2,5.0,4.0,2.0,645.0,372
2978,3,2,5,2,4.0,4.0,3.0,618.0,3207
2979,2,5,6,2,4.0,5.0,3.0,615.0,282
2980,3,2,9,2,6.0,5.0,4.0,630.0,1177
2981,8,10,25,5,6.0,2.0,4.0,318.0,2522
2982,8,9,44,1,4.0,3.0,1.0,207.0,1444
2983,3,2,5,1,4.0,3.0,1.0,178.0,2082
2984,5,3,37,1,2.0,4.0,1.0,127.0,1048
2985,3,2,10,1,4.0,4.0,1.0,239.0,2666
2986,2,5,6,5,5.0,6.0,2.0,322.0,2293
2987,6,1,33,2,6.0,2.0,4.0,591.0,323
2988,6,1,33,1,2.0,2.0,1.0,245.0,1998
2989,4,4,7,1,1.0,4.0,1.0,257.0,2445
2990,3,2,10,2,4.0,5.0,2.0,337.0,3226
2991,2,5,8,1,2.0,4.0,1.0,167.0,1875
2992,3,2,5,5,5.0,6.0,3.0,355.0,3284
2993,5,3,16,2,4.0,6.0,4.0,420.0,2736
2994,8,10,49,1,1.0,1.0,2.0,141.0,1779
2995,6,1,33,4,2.0,1.0,2.0,259.0,3067
2996,8,10,25,1,2.0,3.0,1.0,193.0,2659
2997,7,6,28,5,4.0,2.0,3.0,731.0,244
2998,4,4,48,1,1.0,4.0,2.0,214.0,2314
2999,8,10,25,1,1.0,1.0,2.0,216.0,2285
3000,5,3,41,1,1.0,3.0,1.0,101.0,1213
3001,1,7,35,1,2.0,4.0,2.0,60.0,1071
3002,1,7,21,2,3.0,6.0,4.0,247.0,2788
3003,8,9,44,2,4.0,6.0,3.0,743.0,3911
3004,7,6,30,5,5.0,2.0,4.0,199.0,2324
3005,8,9,13,4,2.0,4.0,2.0,72.0,3922
3006,4,4,38,2,3.0,6.0,3.0,292.0,2289
3007,6,1,23,1,1.0,1.0,1.0,54.0,3841
3008,5,3,37,1,2.0,4.0,1.0,222.0,2367
3009,7,6,30,2,6.0,3.0,4.0,439.0,3471
3010,3,2,10,5,6.0,2.0,2.0,362.0,2080
3011,7,6,11,2,5.0,3.0,3.0,199.0,2621
3012,8,8,20,4,4.0,3.0,1.0,52.0,3672
3013,3,2,5,1,4.0,1.0,1.0,206.0,2501
3014,6,1,33,2,5.0,3.0,3.0,505.0,3204
3015,7,6,24,1,2.0,4.0,2.0,178.0,1362
3016,3,2,5,1,3.0,1.0,1.0,152.0,1576
3017,3,2,10,2,5.0,6.0,3.0,690.0,4002
3018,3,2,5,2,6.0,5.0,2.0,382.0,2703
3019,8,10,32,2,6.0,5.0,4.0,721.0,237
3020,7,6,18,2,5.0,6.0,3.0,358.0,2588
3021,1,7,22,2,6.0,3.0,2.0,600.0,222
3022,5,3,37,2,6.0,5.0,2.0,644.0,306
3023,5,3,16,2,5.0,5.0,4.0,338.0,3533
3024,5,3,41,1,2.0,3.0,2.0,152.0,2052
3025,6,1,23,1,3.0,4.0,1.0,127.0,948
3026,8,10,49,1,1.0,3.0,1.0,74.0,656
3027,8,10,40,4,1.0,2.0,1.0,153.0,949
3028,1,7,36,5,5.0,4.0,2.0,657.0,436
3029,8,9,51,4,3.0,2.0,1.0,122.0,803
3030,8,10,49,2,4.0,6.0,4.0,687.0,47
3031,8,9,44,2,6.0,4.0,4.0,572.0,3811
3032,8,9,3,2,3.0,4.0,4.0,334.0,2120
3033,3,2,9,2,4.0,2.0,4.0,676.0,443
3034,4,4,38,3,3.0,5.0,3.0,506.0,370
3035,4,4,7,3,5.0,5.0,2.0,409.0,4030
3036,3,2,9,5,3.0,5.0,4.0,553.0,185
3037,1,7,19,1,4.0,1.0,2.0,196.0,2285
3038,6,1,33,1,3.0,1.0,2.0,113.0,1133
3039,6,1,23,2,4.0,4.0,2.0,254.0,3180
3040,8,10,32,1,3.0,4.0,1.0,53.0,3368
3041,6,1,23,1,2.0,1.0,2.0,139.0,942
3042,8,10,32,2,4.0,2.0,2.0,521.0,136
3043,5,3,41,1,2.0,4.0,1.0,103.0,1266
3044,1,7,21,2,4.0,4.0,3.0,461.0,3769
3045,7,6,24,1,4.0,4.0,1.0,163.0,2098
3046,8,9,3,1,1.0,1.0,2.0,155.0,1745
3047,8,8,2,1,1.0,4.0,1.0,226.0,2652
3048,8,8,45,1,2.0,3.0,1.0,118.0,1308
3049,4,4,7,4,1.0,1.0,2.0,180.0,1154
3050,2,5,42,1,1.0,1.0,2.0,165.0,1724
3051,7,6,26,1,2.0,1.0,2.0,62.0,653
3052,6,1,33,2,3.0,6.0,2.0,192.0,1857
3053,2,5,42,2,5.0,2.0,2.0,739.0,3846
3054,8,9,51,5,3.0,3.0,4.0,571.0,4021
3055,8,9,51,2,5.0,6.0,4.0,588.0,314
3056,7,6,24,1,1.0,2.0,2.0,132.0,1079
3057,5,3,41,1,4.0,3.0,2.0,231.0,2298
3058,8,10,40,1,4.0,2.0,1.0,64.0,4026
3059,5,3,16,2,3.0,6.0,4.0,234.0,2602
3060,6,1,33,1,4.0,1.0,1.0,60.0,3743
3061,5,3,41,1,3.0,2.0,1.0,73.0,507
3062,8,9,44,1,1.0,3.0,2.0,191.0,2247
3063,3,2,9,1,4.0,2.0,1.0,218.0,2847
3064,8,8,29,1,1.0,3.0,2.0,254.0,2353
3065,8,9,51,1,4.0,1.0,2.0,172.0,1851
3066,2,5,53,2,6.0,2.0,4.0,320.0,3526
3067,8,10,25,1,1.0,3.0,2.0,240.0,1963
3068,5,3,41,1,2.0,3.0,2.0,252.0,3091
3069,4,4,48,2,6.0,3.0,2.0,514.0,198
3070,5,3,16,3,4.0,3.0,2.0,290.0,3447
3071,8,8,31,1,1.0,2.0,2.0,174.0,2291
3072,1,7,21,3,5.0,4.0,2.0,389.0,3353
3073,4,4,7,2,6.0,3.0,3.0,188.0,1984
3074,1,7,4,1,1.0,4.0,2.0,52.0,3543
3075,1,7,21,1,1.0,2.0,1.0,256.0,2603
3076,1,7,4,1,1.0,3.0,2.0,90.0,688
3077,6,1,23,1,3.0,2.0,1.0,197.0,1902
3078,4,4,47,2,6.0,2.0,2.0,654.0,30
3079,6,1,23,1,3.0,3.0,1.0,61.0,488
3080,7,6,30,1,3.0,2.0,1.0,81.0,3941
3081,3,2,9,1,4.0,3.0,2.0,185.0,2787
3082,7,6,30,1,4.0,4.0,1.0,92.0,945
3083,8,9,51,1,4.0,1.0,2.0,229.0,2805
3084,4,4,47,2,6.0,2.0,3.0,322.0,2952
3085,3,2,5,2,3.0,4.0,3.0,337.0,3234
3086,4,4,47,2,5.0,2.0,3.0,696.0,142
3087,1,7,35,1,2.0,1.0,1.0,162.0,2558
3088,8,8,45,1,1.0,3.0,2.0,63.0,531
3089,3,2,5,1,3.0,2.0,1.0,115.0,1150
3090,8,8,20,2,5.0,4.0,3.0,451.0,2761
3091,4,4,15,1,3.0,2.0,1.0,224.0,2546
3092,6,1,39,2,6.0,2.0,4.0,261.0,3201
3093,3,2,10,1,4.0,4.0,2.0,233.0,2829
3094,5,3,37,1,4.0,1.0,1.0,99.0,973
3095,5,3,16,2,6.0,5.0,4.0,187.0,1980
3096,6,1,33,1,2.0,4.0,2.0,255.0,2154
3097,3,2,5,2,3.0,2.0,4.0,370.0,2781
3098,1,7,34,1,4.0,2.0,1.0,98.0,694
3099,5,3,41,1,2.0,2.0,2.0,124.0,1198
3100,1,7,4,5,4.0,4.0,2.0,347.0,3227
3101,6,1,23,1,1.0,3.0,1.0,162.0,2207
3102,5,3,41,2,5.0,3.0,2.0,319.0,2715
3103,8,9,51,1,3.0,1.0,1.0,158.0,1448
3104,8,10,40,1,3.0,2.0,1.0,126.0,1696
3105,8,8,29,1,2.0,1.0,2.0,134.0,1452
3106,8,8,14,5,5.0,3.0,3.0,238.0,2668
3107,2,5,17,1,1.0,2.0,1.0,81.0,3989
3108,1,7,43,1,2.0,2.0,1.0,97.0,1111
3109,8,9,3,1,4.0,4.0,1.0,102.0,636
3110,4,4,38,1,1.0,4.0,2.0,126.0,1659
3111,1,7,19,2,5.0,2.0,2.0,567.0,3078
3112,2,5,12,1,3.0,2.0,2.0,71.0,3802
3114,4,4,48,1,3.0,2.0,2.0,166.0,2149
3115,8,9,13,1,1.0,4.0,1.0,53.0,3344
3116,8,10,32,2,5.0,5.0,3.0,601.0,3287
3117,7,6,52,2,6.0,6.0,2.0,286.0,3155
3118,8,10,32,1,3.0,1.0,2.0,203.0,2752
3119,4,4,47,1,3.0,3.0,1.0,122.0,1063
3120,8,9,44,1,4.0,3.0,1.0,82.0,521
3121,8,10,49,5,3.0,3.0,2.0,340.0,3466
3122,5,3,41,3,5.0,5.0,2.0,273.0,3275
3123,5,3,16,1,3.0,2.0,2.0,54.0,3264
3124,8,8,20,1,4.0,2.0,1.0,99.0,940
3125,6,1,23,2,4.0,4.0,3.0,652.0,253
3126,6,1,33,5,4.0,3.0,2.0,641.0,261
3127,3,2,10,1,3.0,3.0,1.0,149.0,1010
3128,4,4,47,4,2.0,3.0,2.0,152.0,1661
3129,6,1,39,4,3.0,4.0,1.0,242.0,2716
3130,3,2,5,1,3.0,4.0,1.0,223.0,2322
3131,1,7,34,5,6.0,3.0,2.0,584.0,3393
3132,1,7,46,2,4.0,5.0,2.0,573.0,4040
3133,8,9,51,2,5.0,4.0,3.0,640.0,390
3134,3,2,5,4,3.0,4.0,2.0,132.0,1438
3135,2,5,17,1,2.0,3.0,2.0,160.0,1690
3136,1,7,36,2,6.0,4.0,4.0,604.0,445
3137,8,9,13,1,3.0,1.0,2.0,147.0,1713
3138,7,6,50,2,4.0,4.0,3.0,446.0,2800
3139,3,2,10,1,3.0,1.0,1.0,255.0,2506
3140,8,10,32,3,4.0,3.0,4.0,339.0,3606
3141,6,1,33,1,4.0,1.0,1.0,154.0,1414
3142,1,7,34,2,5.0,3.0,2.0,704.0,412
3143,4,4,47,2,5.0,2.0,4.0,727.0,4031
3144,1,7,34,1,3.0,1.0,1.0,118.0,668
3145,5,3,16,1,4.0,4.0,2.0,84.0,711
3146,2,5,8,1,1.0,2.0,2.0,149.0,2479
3147,3,2,9,2,3.0,5.0,2.0,542.0,348
3148,6,1,23,4,1.0,3.0,2.0,213.0,2185
3149,5,3,16,1,3.0,1.0,1.0,218.0,2744
3150,1,7,4,1,3.0,3.0,1.0,216.0,1616
3151,8,10,25,1,2.0,3.0,2.0,206.0,1439
3152,6,1,33,5,4.0,2.0,2.0,278.0,3178
3153,6,1,39,1,3.0,4.0,2.0,142.0,1663
3154,8,8,31,1,4.0,3.0,1.0,101.0,519
3155,3,2,10,1,2.0,3.0,2.0,228.0,2466
3156,8,8,29,1,2.0,2.0,1.0,159.0,1055
3157,2,5,53,1,3.0,2.0,2.0,157.0,2157
3158,7,6,28,2,6.0,3.0,4.0,182.0,2879
3159,4,4,7,5,4.0,2.0,3.0,274.0,3102
3160,8,8,45,1,2.0,3.0,1.0,147.0,1728
3161,2,5,12,1,1.0,4.0,1.0,110.0,797
3162,6,1,39,2,6.0,2.0,3.0,694.0,378
3163,1,7,4,5,4.0,5.0,4.0,237.0,1331
3164,4,4,15,5,6.0,2.0,4.0,745.0,84
3165,6,1,23,1,3.0,1.0,2.0,157.0,2190
3166,2,5,42,2,3.0,6.0,4.0,220.0,2531
3167,8,10,32,1,3.0,1.0,2.0,176.0,1306
3168,3,2,10,1,4.0,2.0,2.0,190.0,1889
3169,3,2,5,1,4.0,4.0,1.0,184.0,1273
3170,8,9,51,1,4.0,1.0,1.0,110.0,1274
3171,8,8,20,2,3.0,4.0,4.0,270.0,3110
3172,3,2,9,2,6.0,2.0,4.0,317.0,2811
3173,6,1,33,3,4.0,5.0,4.0,238.0,2657
3174,1,7,19,1,2.0,4.0,1.0,200.0,1809
3175,4,4,38,1,2.0,2.0,2.0,230.0,2996
3176,4,4,15,1,4.0,1.0,1.0,232.0,2600
3177,1,7,43,1,4.0,4.0,1.0,98.0,982
3178,2,5,53,1,4.0,4.0,1.0,239.0,2057
3179,8,9,3,2,5.0,4.0,4.0,223.0,3016
3180,2,5,17,1,1.0,3.0,1.0,214.0,1783
3181,3,2,5,1,2.0,3.0,2.0,117.0,712
3182,7,6,50,4,2.0,1.0,1.0,129.0,859
3183,7,6,52,4,1.0,2.0,1.0,215.0,2462
3184,1,7,21,1,4.0,1.0,2.0,210.0,2580
3185,3,2,10,2,3.0,6.0,4.0,628.0,144
3186,5,3,16,1,2.0,2.0,2.0,255.0,2679
3187,2,5,17,1,3.0,4.0,2.0,197.0,2204
3188,1,7,21,5,6.0,5.0,3.0,202.0,1162
3189,4,4,7,3,5.0,4.0,3.0,331.0,3812
3190,3,2,10,2,3.0,4.0,4.0,690.0,133
3191,6,1,39,3,5.0,5.0,4.0,295.0,3827
3192,6,1,33,2,6.0,6.0,4.0,393.0,2368
3193,8,9,51,1,3.0,3.0,1.0,260.0,2614
3194,8,10,40,1,4.0,3.0,1.0,190.0,2253
3195,7,6,28,1,4.0,1.0,2.0,103.0,1759
3196,7,6,26,5,5.0,5.0,2.0,305.0,2941
3197,5,3,16,1,1.0,4.0,2.0,239.0,2106
3198,4,4,47,1,3.0,1.0,1.0,92.0,545
3199,3,2,10,2,3.0,4.0,2.0,413.0,3304
3200,7,6,52,1,1.0,3.0,1.0,227.0,2943
3201,6,1,23,2,4.0,6.0,4.0,308.0,3292
3202,4,4,15,1,2.0,2.0,1.0,257.0,2356
3203,4,4,15,4,1.0,4.0,1.0,79.0,559
3204,4,4,48,1,1.0,4.0,2.0,155.0,2026
3205,8,8,1,2,5.0,5.0,2.0,464.0,3185
3206,1,7,4,1,2.0,2.0,1.0,118.0,713
3207,8,8,20,1,4.0,2.0,2.0,174.0,2104
3208,5,3,41,2,6.0,5.0,4.0,253.0,2497
3209,8,9,13,2,6.0,2.0,3.0,480.0,2757
3210,5,3,37,2,5.0,2.0,3.0,491.0,3768
3211,2,5,17,5,4.0,5.0,2.0,292.0,3233
3212,4,4,7,1,2.0,4.0,1.0,67.0,592
3213,4,4,38,1,3.0,2.0,1.0,174.0,2276
3214,4,4,15,5,5.0,6.0,2.0,206.0,1697
3215,3,2,5,2,4.0,4.0,3.0,245.0,2060
3216,7,6,30,3,4.0,5.0,3.0,466.0,3809
3217,8,9,3,1,3.0,4.0,1.0,109.0,680
3218,7,6,50,2,3.0,4.0,4.0,673.0,4080
3219,5,3,37,2,3.0,2.0,3.0,648.0,271
3220,3,2,5,1,3.0,2.0,1.0,84.0,3986
3221,7,6,24,1,3.0,2.0,2.0,176.0,2288
3222,4,4,47,1,1.0,3.0,1.0,65.0,3823
3223,3,2,5,4,1.0,3.0,1.0,199.0,1586
3224,2,5,6,3,4.0,3.0,3.0,466.0,229
3225,4,4,7,1,1.0,4.0,1.0,190.0,2509
3226,8,8,1,1,4.0,3.0,2.0,127.0,963
3227,2,5,17,5,6.0,6.0,4.0,182.0,1248
3228,4,4,38,1,2.0,1.0,2.0,117.0,951
3229,8,10,25,1,1.0,2.0,1.0,63.0,3979
3230,3,2,5,5,5.0,2.0,4.0,514.0,3243
3231,8,9,13,1,1.0,3.0,1.0,56.0,498
3232,4,4,48,2,5.0,2.0,3.0,507.0,55
3233,5,3,37,2,6.0,5.0,2.0,390.0,3646
3234,8,9,3,2,4.0,4.0,2.0,212.0,2103
3235,8,10,40,2,4.0,2.0,3.0,566.0,3404
3236,1,7,35,4,1.0,1.0,1.0,244.0,3232
3237,7,6,30,2,3.0,3.0,2.0,358.0,3215
3238,8,9,44,4,1.0,2.0,1.0,112.0,1033
3239,2,5,17,1,3.0,2.0,1.0,127.0,1081
3240,3,2,5,2,5.0,6.0,3.0,618.0,3107
3241,8,9,13,1,4.0,4.0,1.0,118.0,954
3242,1,7,34,4,2.0,4.0,2.0,212.0,2782
3243,8,10,49,1,3.0,2.0,2.0,109.0,1164
3244,4,4,47,1,2.0,4.0,2.0,144.0,1609
3245,5,3,37,2,6.0,3.0,3.0,432.0,3995
3246,3,2,9,1,4.0,4.0,2.0,76.0,1121
3247,6,1,23,2,6.0,6.0,4.0,559.0,3434
3248,7,6,52,1,3.0,4.0,2.0,234.0,2630
3249,8,10,49,2,6.0,3.0,4.0,744.0,176
3250,8,10,40,2,6.0,5.0,4.0,334.0,2974
3251,8,8,14,1,2.0,4.0,2.0,100.0,843
3252,2,5,42,2,5.0,5.0,4.0,516.0,4057
3253,4,4,7,1,1.0,4.0,1.0,150.0,1264
3254,7,6,52,1,2.0,1.0,2.0,74.0,685
3255,8,10,25,2,4.0,5.0,2.0,209.0,1833
3256,1,7,19,5,6.0,3.0,3.0,240.0,2765
3257,8,9,51,3,4.0,5.0,4.0,436.0,107
3258,3,2,10,2,4.0,5.0,4.0,461.0,3998
3259,8,10,25,2,3.0,4.0,3.0,381.0,3717
3260,7,6,52,1,3.0,3.0,1.0,241.0,2265
3261,4,4,15,1,4.0,2.0,1.0,203.0,1715
3262,6,1,33,1,3.0,1.0,1.0,151.0,1539
3263,3,2,10,2,3.0,3.0,4.0,603.0,358
3264,4,4,15,1,1.0,4.0,2.0,222.0,1605
3265,4,4,38,2,5.0,3.0,4.0,293.0,1716
3266,8,8,45,2,5.0,6.0,2.0,296.0,2999
3267,8,10,49,1,1.0,1.0,1.0,107.0,932
3268,7,6,30,2,6.0,5.0,4.0,390.0,3886
3269,7,6,18,2,5.0,2.0,4.0,243.0,1501
3270,4,4,48,1,1.0,1.0,2.0,189.0,1510
3271,8,8,45,2,5.0,6.0,4.0,265.0,1469
3272,1,7,22,1,2.0,1.0,1.0,185.0,2348
3273,4,4,47,1,1.0,1.0,1.0,113.0,1104
3274,8,9,51,4,2.0,3.0,2.0,127.0,1244
3275,8,9,51,2,4.0,2.0,3.0,242.0,3160
3276,6,1,39,4,1.0,4.0,1.0,102.0,1108
3277,1,7,35,1,4.0,1.0,1.0,252.0,3793
3278,8,8,20,5,3.0,6.0,4.0,496.0,2777
3279,8,9,13,3,5.0,3.0,2.0,486.0,291
3280,8,8,14,2,4.0,6.0,3.0,486.0,3605
3281,8,9,44,3,3.0,5.0,2.0,443.0,126
3282,3,2,5,1,3.0,4.0,1.0,204.0,1594
3283,8,10,25,2,6.0,4.0,4.0,293.0,3406
3284,4,4,47,1,3.0,2.0,1.0,214.0,1975
3285,8,8,14,2,3.0,2.0,4.0,423.0,2730
3286,2,5,8,1,4.0,4.0,1.0,149.0,1856
3287,4,4,38,2,5.0,4.0,2.0,510.0,3338
3288,6,1,39,1,1.0,1.0,1.0,212.0,2533
3289,7,6,52,1,1.0,4.0,2.0,183.0,2211
3290,4,4,48,1,2.0,1.0,1.0,144.0,1096
3291,5,3,41,1,3.0,4.0,2.0,139.0,1708
3292,8,10,49,1,3.0,2.0,1.0,164.0,1259
3293,6,1,33,1,2.0,3.0,2.0,143.0,907
3294,7,6,26,5,6.0,2.0,4.0,223.0,1376
3295,7,6,30,2,4.0,2.0,3.0,701.0,413
3296,4,4,7,2,6.0,2.0,2.0,183.0,2559
3297,4,4,48,1,1.0,3.0,1.0,174.0,1478
3298,3,2,9,2,6.0,3.0,2.0,693.0,181
3299,8,8,14,5,4.0,3.0,2.0,326.0,3413
3300,8,9,3,2,4.0,4.0,2.0,728.0,44
3301,6,1,23,5,4.0,4.0,4.0,484.0,2804
3302,1,7,22,2,5.0,5.0,4.0,298.0,2543
3303,2,5,6,1,2.0,3.0,1.0,248.0,2742
3304,8,10,49,4,4.0,2.0,1.0,246.0,2217
3305,1,7,43,2,5.0,5.0,4.0,221.0,2869
3306,6,1,39,2,4.0,6.0,2.0,254.0,1382
3307,7,6,18,1,3.0,2.0,2.0,69.0,594
3308,8,9,51,3,4.0,4.0,3.0,504.0,201
3309,6,1,23,1,2.0,1.0,1.0,71.0,808
3310,3,2,10,2,6.0,3.0,3.0,689.0,355
3311,1,7,21,1,1.0,2.0,1.0,106.0,1292
3312,7,6,28,5,6.0,6.0,4.0,194.0,2838
3313,2,5,12,1,3.0,4.0,2.0,201.0,2270
3314,1,7,46,1,2.0,1.0,2.0,204.0,2595
3315,5,3,41,2,5.0,4.0,2.0,712.0,407
3316,3,2,5,2,3.0,2.0,3.0,519.0,3899
3317,6,1,33,2,5.0,4.0,3.0,224.0,1387
3318,4,4,15,2,6.0,2.0,2.0,608.0,337
3319,3,2,9,2,3.0,3.0,3.0,405.0,343
3320,1,7,46,2,6.0,5.0,4.0,344.0,3638
3321,5,3,16,2,5.0,5.0,3.0,364.0,3158
3322,1,7,46,2,4.0,3.0,4.0,324.0,2801
3323,8,9,3,1,1.0,1.0,2.0,70.0,733
3324,8,9,13,2,5.0,4.0,2.0,587.0,243
3325,8,8,14,1,3.0,4.0,2.0,199.0,1412
3326,4,4,7,5,6.0,2.0,2.0,464.0,3159
3327,2,5,17,2,4.0,3.0,4.0,327.0,3531
3328,2,5,53,1,3.0,2.0,1.0,71.0,612
3329,3,2,9,1,2.0,1.0,2.0,55.0,564
3330,5,3,16,1,1.0,4.0,1.0,75.0,851
3331,7,6,11,1,2.0,1.0,2.0,72.0,710
3332,6,1,39,3,3.0,3.0,3.0,343.0,3977
3333,8,9,44,1,2.0,4.0,1.0,151.0,1442
3334,8,9,13,1,2.0,1.0,1.0,200.0,1844
3335,3,2,9,1,3.0,1.0,1.0,88.0,888
3336,4,4,47,1,1.0,1.0,1.0,214.0,2241
3337,8,10,49,1,4.0,4.0,1.0,204.0,1562
3338,1,7,36,1,2.0,3.0,2.0,75.0,1323
3339,8,9,3,5,6.0,4.0,4.0,684.0,3469
3340,3,2,10,1,3.0,1.0,2.0,198.0,1777
3341,8,10,25,2,5.0,3.0,2.0,419.0,2717
3342,4,4,48,1,1.0,3.0,2.0,146.0,1538
3343,6,1,39,2,4.0,5.0,2.0,301.0,3380
3344,7,6,50,2,3.0,2.0,4.0,642.0,221
3345,4,4,48,1,3.0,1.0,2.0,95.0,1143
3346,4,4,47,2,4.0,6.0,2.0,508.0,3973
3347,3,2,9,1,1.0,1.0,1.0,83.0,1232
3348,8,8,31,2,6.0,6.0,4.0,632.0,3209
3349,4,4,48,1,2.0,3.0,1.0,84.0,569
3350,8,10,32,2,5.0,6.0,2.0,253.0,1861
3351,4,4,38,1,3.0,4.0,1.0,177.0,1363
3352,8,8,14,5,5.0,3.0,2.0,221.0,1188
3353,8,10,32,5,4.0,6.0,4.0,332.0,2822
3354,8,8,20,2,6.0,4.0,4.0,694.0,161
3355,4,4,38,2,6.0,6.0,4.0,444.0,2923
3356,6,1,39,1,4.0,4.0,2.0,195.0,1508
3357,2,5,8,3,3.0,3.0,2.0,270.0,3857
3358,1,7,43,5,4.0,5.0,3.0,479.0,3256
3359,4,4,48,5,4.0,4.0,2.0,327.0,3303
3360,8,9,13,1,3.0,2.0,1.0,175.0,2133
3361,4,4,15,3,4.0,5.0,3.0,430.0,3879
3362,3,2,5,1,4.0,2.0,1.0,121.0,1217
3363,2,5,6,2,6.0,3.0,3.0,185.0,2067
3364,5,3,37,4,4.0,3.0,2.0,186.0,2188
3365,8,8,20,5,3.0,5.0,2.0,638.0,112
3366,6,1,33,1,2.0,3.0,1.0,207.0,2654
3367,5,3,37,2,5.0,3.0,2.0,314.0,3387
3368,8,8,14,1,3.0,1.0,1.0,87.0,651
3369,7,6,52,1,1.0,3.0,2.0,176.0,2345
3370,8,9,13,2,5.0,2.0,3.0,204.0,1630
3371,8,10,40,2,6.0,6.0,4.0,327.0,2795
3372,8,10,32,1,2.0,1.0,2.0,131.0,880
3373,4,4,48,1,4.0,1.0,2.0,100.0,1118
3374,8,10,40,5,6.0,3.0,2.0,295.0,1896
3375,8,9,3,2,3.0,6.0,3.0,695.0,4076
3376,8,9,44,5,4.0,3.0,2.0,613.0,110
3377,5,3,16,2,4.0,6.0,4.0,595.0,145
3378,8,8,31,2,3.0,4.0,4.0,439.0,3951
3379,7,6,26,5,4.0,2.0,4.0,559.0,4038
3380,7,6,24,2,4.0,3.0,3.0,558.0,3242
3381,5,3,37,1,1.0,1.0,1.0,134.0,1379
3382,4,4,47,1,1.0,1.0,1.0,184.0,2553
3383,5,3,41,1,1.0,3.0,2.0,213.0,1677
3384,1,7,22,2,4.0,2.0,3.0,595.0,4082
3385,3,2,5,2,4.0,4.0,2.0,714.0,416
3386,8,8,14,1,2.0,4.0,2.0,167.0,1911
3387,2,5,12,2,3.0,6.0,4.0,192.0,1212
3388,4,4,38,3,4.0,4.0,3.0,276.0,3516
3389,6,1,39,2,3.0,6.0,2.0,338.0,3314
3390,8,8,45,5,4.0,5.0,4.0,285.0,3003
3391,8,8,1,1,4.0,4.0,2.0,78.0,4116
3392,5,3,41,1,4.0,4.0,2.0,198.0,1961
3393,8,10,40,1,4.0,1.0,2.0,57.0,464
3394,3,2,9,1,3.0,3.0,1.0,200.0,3192
3395,4,4,15,1,2.0,3.0,1.0,143.0,1378
3396,8,10,40,2,6.0,5.0,4.0,325.0,2235
3397,6,1,39,1,1.0,1.0,2.0,188.0,2033
3398,4,4,48,1,2.0,1.0,1.0,51.0,3567
3399,3,2,5,2,6.0,3.0,3.0,573.0,4120
3400,5,3,41,5,4.0,4.0,3.0,251.0,3132
3401,2,5,53,1,2.0,3.0,1.0,182.0,2228
3402,7,6,26,2,4.0,2.0,4.0,658.0,3770
3403,1,7,46,3,4.0,3.0,4.0,224.0,3366
3404,6,1,33,1,2.0,4.0,2.0,170.0,2260
3405,8,8,1,5,5.0,3.0,3.0,311.0,3556
3406,6,1,39,1,4.0,2.0,1.0,249.0,2004
3407,1,7,19,3,3.0,3.0,2.0,292.0,3302
3408,8,9,3,2,5.0,5.0,2.0,233.0,2369
3409,6,1,39,1,4.0,1.0,2.0,80.0,915
3410,8,8,45,1,4.0,3.0,2.0,153.0,2047
3411,4,4,15,2,6.0,6.0,2.0,379.0,3140
3412,7,6,24,2,5.0,3.0,2.0,468.0,3104
3413,4,4,15,2,6.0,6.0,2.0,366.0,2609
3414,8,8,29,2,5.0,3.0,4.0,193.0,2258
3415,1,7,27,1,4.0,2.0,2.0,62.0,3782
3416,2,5,17,1,1.0,1.0,2.0,59.0,3669
3417,1,7,35,1,2.0,4.0,1.0,57.0,1086
3418,1,7,4,1,2.0,3.0,2.0,136.0,1787
3419,3,2,9,2,5.0,6.0,4.0,391.0,4046
3420,6,1,33,1,1.0,3.0,2.0,170.0,1328
3421,7,6,26,2,6.0,5.0,3.0,425.0,3005
3422,1,7,21,2,6.0,3.0,4.0,597.0,31
3423,2,5,8,1,2.0,3.0,2.0,187.0,3058
3424,7,6,11,4,4.0,2.0,2.0,50.0,3263
3425,1,7,4,2,6.0,2.0,2.0,491.0,111
3426,4,4,47,1,1.0,3.0,2.0,103.0,748
3427,6,1,33,1,2.0,1.0,1.0,110.0,1116
3428,4,4,7,1,2.0,1.0,1.0,64.0,3690
3429,1,7,34,2,4.0,2.0,4.0,634.0,238
3430,8,8,31,2,5.0,6.0,2.0,357.0,3510
3431,8,10,49,1,3.0,1.0,2.0,189.0,1796
3432,5,3,41,2,4.0,2.0,3.0,405.0,3867
3433,6,1,23,1,2.0,4.0,2.0,93.0,489
3434,3,2,9,2,4.0,5.0,4.0,248.0,3296
3435,5,3,16,1,3.0,4.0,1.0,138.0,1302
3436,8,8,2,5,3.0,2.0,3.0,741.0,4035
3438,7,6,11,2,3.0,4.0,2.0,612.0,289
3439,8,10,32,4,3.0,1.0,1.0,153.0,2111
3440,4,4,48,1,1.0,4.0,2.0,151.0,1220
3441,3,2,10,5,4.0,5.0,2.0,622.0,247
3442,3,2,10,1,1.0,1.0,2.0,248.0,2320
3443,6,1,23,2,4.0,3.0,3.0,622.0,104
3444,6,1,39,5,3.0,6.0,4.0,379.0,3458
3445,4,4,47,3,4.0,3.0,2.0,501.0,374
3446,5,3,41,5,3.0,5.0,3.0,427.0,3398
3447,5,3,41,2,5.0,4.0,4.0,668.0,248
3448,6,1,33,1,4.0,4.0,2.0,56.0,3801
3449,3,2,5,4,1.0,3.0,1.0,68.0,542
3450,8,8,2,1,4.0,3.0,2.0,191.0,1842
3451,5,3,37,4,2.0,3.0,2.0,139.0,1017
3452,3,2,10,1,1.0,3.0,2.0,60.0,3584
3453,2,5,6,2,4.0,4.0,3.0,365.0,3546
3454,6,1,39,5,6.0,4.0,4.0,654.0,3347
3455,8,10,25,1,2.0,1.0,1.0,76.0,487
3456,2,5,53,2,6.0,2.0,3.0,461.0,3170
3457,5,3,37,1,1.0,2.0,1.0,91.0,738
3458,4,4,38,2,3.0,6.0,2.0,573.0,3495
3459,1,7,36,1,4.0,2.0,1.0,84.0,1289
3460,8,9,44,1,4.0,2.0,2.0,229.0,2891
3461,2,5,8,1,3.0,1.0,2.0,176.0,2292
3462,7,6,30,1,3.0,4.0,2.0,115.0,704
3463,4,4,38,3,3.0,1.0,4.0,375.0,3664
3464,8,10,49,1,1.0,3.0,2.0,217.0,2725
3465,3,2,10,1,4.0,3.0,1.0,220.0,2358
3466,3,2,9,1,2.0,3.0,2.0,211.0,2900
3467,4,4,48,2,6.0,4.0,4.0,500.0,3468
3468,8,9,51,5,6.0,5.0,3.0,717.0,307
3469,1,7,46,3,4.0,3.0,2.0,429.0,202
3470,3,2,9,1,3.0,3.0,1.0,236.0,3593
3471,5,3,41,1,1.0,3.0,1.0,245.0,2693
3472,2,5,6,1,1.0,2.0,2.0,152.0,2050
3473,8,9,51,2,4.0,4.0,2.0,380.0,3681
3474,1,7,19,1,4.0,2.0,2.0,119.0,1309
3475,1,7,21,1,1.0,1.0,2.0,85.0,806
3476,3,2,5,2,3.0,3.0,4.0,184.0,1723
3477,2,5,6,1,1.0,3.0,1.0,137.0,1305
3478,8,8,20,3,5.0,4.0,4.0,339.0,3448
3479,6,1,39,5,5.0,3.0,2.0,282.0,1994
3480,8,9,3,1,1.0,3.0,1.0,152.0,1805
3481,8,9,44,5,4.0,6.0,3.0,569.0,3537
3482,2,5,6,1,3.0,4.0,1.0,185.0,1784
3483,3,2,10,1,3.0,3.0,2.0,70.0,533
3484,4,4,47,1,1.0,2.0,2.0,74.0,3981
3485,6,1,39,3,4.0,4.0,3.0,380.0,3632
3486,6,1,39,2,6.0,3.0,3.0,370.0,3600
3487,8,8,45,1,2.0,4.0,2.0,148.0,1103
3488,8,9,51,1,4.0,3.0,2.0,234.0,2221
3489,4,4,15,5,4.0,5.0,2.0,706.0,4075
3490,3,2,9,1,4.0,4.0,1.0,53.0,458
3491,4,4,38,2,6.0,3.0,2.0,420.0,3903
3492,5,3,16,3,4.0,5.0,3.0,250.0,3114
3493,2,5,6,1,2.0,2.0,2.0,162.0,1592
3494,8,8,20,4,2.0,3.0,1.0,248.0,1905
3495,7,6,50,5,3.0,4.0,4.0,335.0,2136
3496,8,9,13,1,2.0,4.0,2.0,143.0,944
3497,8,9,3,1,2.0,1.0,1.0,115.0,855
3498,6,1,23,1,4.0,4.0,2.0,97.0,576
3499,8,8,31,1,1.0,3.0,2.0,99.0,622
3500,3,2,10,2,5.0,3.0,3.0,561.0,3618
3501,8,8,1,1,2.0,4.0,2.0,80.0,478
3502,2,5,6,1,1.0,4.0,1.0,149.0,1710
3503,8,8,45,2,4.0,6.0,2.0,617.0,3547
3504,5,3,37,1,4.0,2.0,1.0,90.0,553
3505,5,3,41,2,3.0,4.0,3.0,403.0,3925
3506,6,1,23,1,1.0,1.0,2.0,85.0,957
3507,6,1,33,1,3.0,3.0,1.0,145.0,1325
3508,1,7,22,2,3.0,2.0,2.0,186.0,1252
3509,4,4,38,2,6.0,6.0,4.0,215.0,1788
3510,7,6,50,5,4.0,6.0,3.0,695.0,184
3511,6,1,23,2,3.0,4.0,2.0,390.0,3157
3512,4,4,48,1,3.0,1.0,1.0,111.0,1327
3513,3,2,10,2,3.0,3.0,4.0,315.0,3172
3514,8,9,51,2,5.0,2.0,2.0,430.0,3331
3515,4,4,47,2,5.0,3.0,2.0,182.0,1100
3516,8,10,40,1,2.0,2.0,1.0,247.0,2411
3517,8,8,2,1,1.0,4.0,1.0,156.0,975
3518,8,10,25,1,4.0,2.0,2.0,203.0,1389
3519,6,1,39,1,3.0,4.0,2.0,173.0,1603
3520,1,7,36,2,4.0,2.0,3.0,282.0,2665
3521,6,1,33,1,4.0,2.0,2.0,193.0,2331
3522,1,7,46,5,5.0,2.0,2.0,401.0,3577
3523,1,7,46,1,1.0,1.0,2.0,254.0,2772
3524,2,5,42,3,4.0,5.0,3.0,292.0,3749
3525,4,4,15,1,1.0,2.0,2.0,159.0,2220
3526,8,8,20,1,1.0,4.0,1.0,158.0,1574
3527,5,3,16,1,2.0,4.0,2.0,248.0,3004
3528,3,2,9,3,4.0,4.0,3.0,326.0,256
3529,8,8,20,1,4.0,3.0,1.0,92.0,631
3530,8,10,49,1,1.0,3.0,2.0,251.0,2946
3531,4,4,7,1,2.0,2.0,1.0,125.0,913
3532,8,8,2,1,1.0,3.0,1.0,210.0,1769
3533,2,5,8,2,4.0,2.0,4.0,586.0,441
3534,4,4,7,5,6.0,4.0,3.0,207.0,1830
3535,4,4,15,1,4.0,4.0,1.0,105.0,1144
3536,3,2,10,1,2.0,1.0,1.0,121.0,1078
3537,6,1,39,1,2.0,4.0,1.0,226.0,1850
3538,2,5,12,4,2.0,1.0,1.0,173.0,1272
3539,4,4,15,1,3.0,1.0,1.0,117.0,726
3540,4,4,7,1,1.0,4.0,1.0,82.0,552
3541,7,6,52,2,4.0,2.0,2.0,729.0,3723
3542,6,1,39,1,4.0,1.0,2.0,135.0,1742
3543,3,2,10,1,3.0,4.0,2.0,198.0,2577
3544,5,3,41,2,4.0,3.0,2.0,682.0,3660
3545,8,8,14,1,4.0,3.0,2.0,141.0,1041
3546,3,2,10,1,1.0,1.0,2.0,69.0,758
3547,8,10,49,1,2.0,1.0,2.0,101.0,650
3548,8,9,44,4,3.0,3.0,2.0,259.0,2464
3549,4,4,47,1,3.0,4.0,1.0,174.0,2417
3550,8,8,1,1,2.0,1.0,2.0,185.0,1700
3551,1,7,35,1,1.0,4.0,1.0,159.0,3076
3552,2,5,8,1,2.0,1.0,2.0,106.0,1531
3553,4,4,47,5,4.0,2.0,3.0,719.0,123
3554,7,6,24,1,1.0,3.0,1.0,112.0,1421
3555,8,9,13,1,3.0,3.0,1.0,137.0,1718
3556,8,10,25,2,5.0,3.0,4.0,337.0,2511
3557,2,5,42,2,5.0,2.0,4.0,368.0,3173
3558,3,2,9,1,3.0,4.0,2.0,95.0,1122
3559,8,9,3,1,1.0,1.0,2.0,109.0,1001
3560,2,5,42,2,4.0,6.0,3.0,505.0,3467
3561,8,8,14,1,1.0,2.0,1.0,247.0,3041
3562,5,3,16,1,3.0,1.0,2.0,228.0,2549
3563,2,5,12,1,2.0,3.0,1.0,193.0,1829
3564,8,8,45,1,2.0,3.0,1.0,157.0,1969
3565,3,2,9,2,4.0,3.0,4.0,661.0,286
3566,4,4,48,2,4.0,2.0,3.0,411.0,4018
3567,7,6,24,1,2.0,3.0,1.0,216.0,2065
3568,8,9,13,2,4.0,2.0,3.0,431.0,3099
3569,8,10,32,1,1.0,1.0,1.0,216.0,2437
3570,7,6,30,2,5.0,3.0,4.0,211.0,1541
3571,7,6,28,5,5.0,2.0,4.0,495.0,336
3572,4,4,15,1,1.0,1.0,2.0,218.0,1718
3573,2,5,17,4,1.0,3.0,1.0,129.0,1747
3574,2,5,8,1,1.0,2.0,2.0,59.0,877
3575,7,6,11,1,3.0,1.0,1.0,180.0,1676
3576,4,4,47,1,1.0,1.0,1.0,131.0,1537
3577,2,5,12,2,4.0,2.0,4.0,358.0,2963
3578,6,1,23,1,4.0,4.0,1.0,248.0,2339
3579,5,3,16,2,6.0,2.0,4.0,436.0,2842
3580,8,8,31,5,4.0,6.0,4.0,196.0,2662
3581,8,10,49,2,4.0,4.0,2.0,567.0,4084
3582,8,9,3,2,4.0,3.0,3.0,709.0,361
3583,5,3,37,4,3.0,2.0,2.0,144.0,1087
3584,3,2,5,1,3.0,1.0,2.0,248.0,2861
3585,7,6,11,2,4.0,5.0,4.0,316.0,3358
3586,2,5,42,2,5.0,3.0,3.0,202.0,2635
3587,2,5,8,4,3.0,3.0,2.0,211.0,2373
3588,8,10,32,5,6.0,4.0,3.0,394.0,3280
3589,5,3,37,5,6.0,5.0,3.0,225.0,2040
3590,6,1,33,5,4.0,2.0,2.0,528.0,3645
3591,8,9,44,2,5.0,4.0,4.0,591.0,310
3592,4,4,38,4,4.0,4.0,2.0,166.0,1083
3593,4,4,47,1,1.0,4.0,1.0,71.0,548
3594,5,3,16,3,3.0,3.0,2.0,488.0,4121
3595,6,1,33,1,4.0,3.0,2.0,160.0,1835
3596,1,7,27,2,6.0,2.0,4.0,278.0,2853
3597,6,1,39,2,4.0,3.0,3.0,392.0,3362
3598,5,3,41,4,3.0,1.0,2.0,132.0,783
3599,2,5,17,1,2.0,4.0,2.0,129.0,827
3600,8,9,13,3,5.0,4.0,2.0,461.0,216
3601,5,3,37,5,6.0,2.0,3.0,214.0,1470
3602,2,5,6,4,2.0,3.0,2.0,159.0,1417
3603,4,4,15,1,1.0,4.0,1.0,182.0,2020
3604,5,3,37,1,4.0,1.0,2.0,100.0,986
3605,3,2,5,2,3.0,2.0,2.0,324.0,3205
3606,3,2,10,1,3.0,1.0,1.0,50.0,3838
3607,3,2,5,2,6.0,5.0,3.0,716.0,186
3608,6,1,33,5,6.0,4.0,3.0,330.0,2076
3609,8,10,32,2,5.0,4.0,2.0,444.0,3641
3610,3,2,10,1,2.0,2.0,1.0,187.0,1431
3611,8,9,3,2,6.0,5.0,2.0,668.0,3374
3612,6,1,33,5,6.0,4.0,3.0,545.0,4089
3613,6,1,23,2,6.0,3.0,3.0,430.0,3568
3614,6,1,39,1,1.0,4.0,2.0,117.0,1543
3615,2,5,12,2,5.0,3.0,3.0,694.0,90
3616,8,9,13,5,6.0,5.0,3.0,208.0,1812
3617,6,1,23,1,4.0,3.0,1.0,117.0,902
3618,1,7,19,1,3.0,1.0,2.0,202.0,2607
3619,2,5,8,2,3.0,4.0,3.0,392.0,319
3620,8,10,25,1,1.0,1.0,1.0,196.0,2156
3621,1,7,43,1,3.0,2.0,1.0,240.0,2612
3622,7,6,50,2,5.0,5.0,3.0,431.0,3455
3623,8,9,3,5,4.0,5.0,3.0,212.0,2848
3624,1,7,36,2,3.0,6.0,4.0,260.0,2581
3625,1,7,21,5,5.0,5.0,2.0,260.0,3130
3626,5,3,41,1,4.0,3.0,1.0,72.0,4005
3627,2,5,12,2,6.0,4.0,3.0,616.0,3342
3628,7,6,30,1,4.0,1.0,2.0,180.0,2458
3629,1,7,22,1,4.0,4.0,2.0,190.0,1694
3630,5,3,37,1,2.0,3.0,2.0,137.0,1606
3631,1,7,46,1,1.0,3.0,1.0,229.0,2347
3632,8,10,25,1,2.0,4.0,2.0,123.0,716
3633,2,5,42,5,4.0,6.0,4.0,612.0,3627
3634,8,9,51,2,5.0,2.0,2.0,270.0,3079
3635,4,4,48,2,6.0,4.0,3.0,429.0,3162
3636,3,2,10,5,5.0,5.0,4.0,692.0,95
3637,8,9,13,1,3.0,2.0,1.0,98.0,967
3638,5,3,16,2,3.0,3.0,4.0,411.0,3698
3639,6,1,39,2,5.0,2.0,4.0,596.0,16
3640,7,6,52,1,1.0,2.0,1.0,102.0,1088
3641,8,8,29,1,1.0,2.0,2.0,181.0,2225
3642,8,10,49,3,4.0,4.0,4.0,260.0,3228
3643,8,10,49,1,1.0,4.0,2.0,137.0,920
3644,5,3,41,1,1.0,2.0,2.0,134.0,1534
3645,3,2,9,1,3.0,2.0,1.0,187.0,2796
3646,8,8,29,2,3.0,6.0,4.0,222.0,1299
3647,8,10,25,5,6.0,3.0,3.0,310.0,3565
3648,5,3,37,1,2.0,1.0,2.0,197.0,2591
3649,8,10,25,5,3.0,3.0,2.0,707.0,73
3650,8,9,44,3,4.0,3.0,2.0,371.0,3854
3651,8,8,20,2,5.0,4.0,3.0,380.0,2372
3652,8,8,14,2,4.0,2.0,3.0,483.0,2685
3653,6,1,23,1,1.0,1.0,2.0,142.0,1516
3654,2,5,42,1,4.0,2.0,2.0,133.0,1393
3655,8,8,2,1,2.0,1.0,1.0,154.0,1588
3656,2,5,8,2,5.0,2.0,4.0,285.0,2561
3657,4,4,47,3,5.0,4.0,4.0,414.0,171
3658,8,8,1,2,4.0,3.0,4.0,436.0,2985
3659,8,8,45,1,4.0,2.0,1.0,225.0,1858
3660,6,1,23,3,4.0,3.0,4.0,415.0,175
3661,5,3,16,4,1.0,2.0,2.0,177.0,1367
3662,1,7,36,1,2.0,2.0,2.0,176.0,2418
3663,8,9,44,2,4.0,3.0,2.0,211.0,1165
3664,6,1,23,1,4.0,2.0,2.0,256.0,2477
3665,3,2,5,3,3.0,5.0,3.0,265.0,3182
3666,2,5,8,3,3.0,4.0,4.0,482.0,1173
3667,1,7,4,3,5.0,4.0,2.0,414.0,3435
3668,7,6,24,2,4.0,4.0,2.0,608.0,4053
3669,7,6,52,2,6.0,6.0,3.0,222.0,2839
3670,1,7,22,5,5.0,5.0,3.0,445.0,3199
3671,1,7,35,3,4.0,5.0,3.0,440.0,232
3672,8,10,32,1,4.0,4.0,2.0,158.0,1568
3673,8,8,20,1,1.0,4.0,1.0,85.0,4067
3674,8,8,1,1,2.0,4.0,1.0,121.0,1583
3675,5,3,16,1,4.0,1.0,1.0,104.0,1358
3676,1,7,21,1,3.0,3.0,1.0,193.0,1811
3677,5,3,16,1,1.0,3.0,2.0,257.0,2021
3678,2,5,8,1,2.0,2.0,2.0,73.0,1334
3679,6,1,33,1,3.0,2.0,1.0,218.0,2660
3681,4,4,15,1,2.0,2.0,2.0,248.0,2384
3682,8,9,3,1,1.0,1.0,1.0,89.0,740
3683,2,5,8,2,5.0,5.0,4.0,485.0,433
3684,4,4,48,3,5.0,4.0,4.0,229.0,3367
3685,4,4,15,1,2.0,4.0,2.0,237.0,2566
3686,5,3,16,5,6.0,4.0,2.0,261.0,2259
3687,2,5,53,2,6.0,4.0,3.0,517.0,100
3688,8,9,44,2,6.0,4.0,2.0,245.0,3193
3689,7,6,26,1,2.0,4.0,2.0,132.0,996
3690,8,8,2,1,4.0,4.0,2.0,135.0,1267
3691,7,6,26,1,3.0,1.0,2.0,249.0,3002
3692,7,6,18,1,4.0,4.0,1.0,234.0,1653
3693,1,7,34,4,3.0,2.0,1.0,78.0,781
3694,8,10,25,2,5.0,6.0,3.0,338.0,2613
3695,7,6,11,2,5.0,6.0,4.0,400.0,3265
3696,5,3,37,1,4.0,1.0,2.0,161.0,1117
3697,8,8,2,1,1.0,3.0,1.0,253.0,2489
3698,8,10,49,1,1.0,3.0,1.0,162.0,1631
3699,2,5,12,1,4.0,1.0,2.0,133.0,1322
3700,7,6,26,5,5.0,3.0,4.0,337.0,3181
3701,1,7,34,5,6.0,4.0,4.0,592.0,284
3702,8,9,44,2,5.0,3.0,3.0,486.0,46
3703,5,3,37,2,4.0,6.0,3.0,598.0,69
3704,8,9,13,1,2.0,1.0,2.0,132.0,1214
3705,3,2,9,5,6.0,5.0,3.0,507.0,420
3706,8,9,51,3,4.0,3.0,3.0,353.0,3500
3707,5,3,16,1,3.0,3.0,2.0,50.0,460
3708,3,2,10,1,1.0,4.0,2.0,71.0,3960
3709,5,3,41,2,6.0,4.0,3.0,250.0,1890
3710,5,3,41,1,3.0,1.0,2.0,204.0,1913
3711,2,5,8,1,4.0,3.0,1.0,183.0,2845
3712,3,2,10,1,4.0,3.0,2.0,163.0,2139
3713,2,5,17,1,1.0,4.0,1.0,142.0,1571
3714,7,6,30,1,2.0,3.0,1.0,246.0,2977
3715,3,2,5,1,1.0,3.0,2.0,254.0,2404
3716,8,9,51,5,5.0,6.0,2.0,678.0,167
3717,8,10,49,5,5.0,3.0,3.0,654.0,203
3718,8,8,1,1,1.0,1.0,2.0,214.0,2262
3719,6,1,23,5,5.0,6.0,3.0,426.0,4012
3720,8,8,2,5,5.0,6.0,3.0,316.0,2471
3721,2,5,42,1,3.0,4.0,2.0,76.0,566
3722,2,5,42,1,4.0,3.0,1.0,150.0,1691
3723,2,5,17,2,5.0,3.0,2.0,328.0,3394
3724,2,5,42,1,1.0,3.0,2.0,241.0,2651
3725,6,1,23,3,3.0,5.0,3.0,426.0,3478
3726,8,9,13,1,1.0,2.0,2.0,92.0,760
3727,8,10,49,1,3.0,1.0,2.0,76.0,593
3728,4,4,38,4,4.0,1.0,2.0,236.0,3008
3729,5,3,16,1,2.0,3.0,1.0,192.0,2281
3730,2,5,12,1,1.0,2.0,2.0,122.0,1377
3731,4,4,47,2,3.0,3.0,4.0,577.0,3321
3732,1,7,35,1,1.0,1.0,1.0,162.0,1922
3733,4,4,48,1,3.0,1.0,2.0,189.0,2439
3734,5,3,37,3,4.0,4.0,4.0,270.0,3354
3735,8,9,51,1,3.0,2.0,2.0,163.0,2063
3736,8,10,49,4,4.0,4.0,1.0,144.0,1669
3737,3,2,10,1,4.0,1.0,2.0,82.0,523
3738,3,2,10,2,3.0,3.0,2.0,533.0,3212
3739,8,10,25,2,4.0,2.0,4.0,659.0,4091
3740,8,9,44,1,2.0,4.0,2.0,222.0,2268
3741,2,5,17,1,4.0,4.0,1.0,227.0,2432
3742,3,2,9,2,3.0,2.0,3.0,413.0,27
3743,4,4,15,1,2.0,4.0,1.0,181.0,1671
3744,2,5,8,3,5.0,4.0,2.0,461.0,455
3745,7,6,18,2,6.0,5.0,4.0,286.0,1930
3746,8,9,3,4,2.0,1.0,2.0,210.0,1982
3747,2,5,8,5,3.0,2.0,4.0,680.0,1179
3748,3,2,10,5,4.0,4.0,4.0,493.0,3772
3749,2,5,17,4,3.0,4.0,2.0,229.0,2301
3750,8,9,13,1,3.0,3.0,2.0,69.0,3939
3751,3,2,9,1,3.0,1.0,1.0,147.0,2875
3752,8,10,25,1,2.0,1.0,1.0,191.0,1555
3753,5,3,37,1,4.0,3.0,1.0,187.0,2061
3754,6,1,33,2,4.0,3.0,2.0,256.0,2316
3755,3,2,9,2,5.0,4.0,2.0,279.0,2896
3756,8,9,44,2,4.0,5.0,2.0,380.0,2138
3757,3,2,5,5,6.0,4.0,3.0,674.0,3386
3758,5,3,37,4,4.0,4.0,1.0,189.0,1959
3759,6,1,23,2,5.0,2.0,3.0,611.0,332
3760,6,1,39,5,6.0,3.0,2.0,690.0,3732
3761,1,7,22,1,4.0,1.0,2.0,76.0,881
3762,4,4,38,2,4.0,3.0,3.0,484.0,82
3763,2,5,17,2,6.0,5.0,3.0,291.0,3288
3765,1,7,34,1,4.0,1.0,1.0,126.0,958
3766,2,5,53,4,4.0,1.0,1.0,191.0,1459
3767,2,5,12,1,2.0,4.0,1.0,198.0,2448
3768,6,1,33,1,2.0,1.0,2.0,113.0,719
3769,5,3,37,1,4.0,2.0,2.0,93.0,1007
3770,1,7,4,2,6.0,6.0,4.0,205.0,2599
3771,3,2,5,1,3.0,1.0,1.0,204.0,2114
3772,8,10,49,1,3.0,2.0,1.0,51.0,4094
3773,2,5,17,2,5.0,2.0,3.0,498.0,3686
3774,7,6,26,1,3.0,1.0,1.0,91.0,541
3775,7,6,24,3,3.0,3.0,4.0,345.0,3420
3776,8,8,29,1,4.0,1.0,1.0,136.0,1781
3777,8,8,45,3,3.0,4.0,4.0,233.0,2799
3778,1,7,27,1,4.0,1.0,2.0,68.0,3962
3779,7,6,26,2,3.0,5.0,3.0,733.0,4073
3780,3,2,10,1,2.0,4.0,2.0,193.0,2072
3781,8,8,2,1,4.0,4.0,2.0,220.0,2778
3782,1,7,36,1,2.0,3.0,2.0,217.0,3493
3783,8,10,25,1,4.0,2.0,1.0,108.0,934
3784,8,9,13,1,4.0,4.0,2.0,243.0,3055
3785,7,6,50,2,3.0,4.0,4.0,467.0,3930
3786,1,7,34,1,4.0,2.0,1.0,188.0,1504
3787,2,5,17,2,5.0,4.0,2.0,675.0,3410
3788,6,1,39,1,3.0,3.0,2.0,155.0,1245
3789,8,8,1,2,6.0,5.0,3.0,640.0,24
3790,7,6,50,1,4.0,2.0,2.0,88.0,627
3791,4,4,38,2,5.0,4.0,4.0,205.0,1641
3792,5,3,37,1,3.0,4.0,2.0,239.0,2904
3793,1,7,43,1,2.0,4.0,1.0,105.0,750
3794,4,4,38,1,4.0,4.0,2.0,162.0,1983
3795,6,1,33,1,2.0,4.0,1.0,146.0,1375
3796,6,1,23,1,4.0,1.0,1.0,64.0,634
3797,8,10,49,2,6.0,3.0,2.0,213.0,2340
3798,3,2,10,3,4.0,3.0,2.0,338.0,3397
3799,8,10,25,1,2.0,2.0,2.0,121.0,1372
3800,1,7,43,5,3.0,5.0,4.0,444.0,26
3801,8,10,25,1,3.0,2.0,1.0,137.0,1756
3802,3,2,5,1,2.0,3.0,1.0,84.0,1019
3803,2,5,8,1,1.0,1.0,2.0,117.0,1915
3804,3,2,10,1,4.0,3.0,1.0,77.0,467
3805,5,3,41,1,1.0,3.0,1.0,142.0,1627
3806,7,6,11,1,1.0,3.0,1.0,163.0,2087
3807,7,6,11,1,1.0,4.0,2.0,190.0,2486
3808,3,2,5,2,4.0,2.0,2.0,313.0,2430
3809,8,8,20,5,6.0,2.0,2.0,513.0,32
3810,4,4,48,3,5.0,5.0,4.0,287.0,3649
3811,6,1,39,1,4.0,2.0,2.0,101.0,629
3812,7,6,11,5,5.0,5.0,2.0,295.0,3119
3813,5,3,16,1,1.0,4.0,1.0,110.0,905
3814,8,9,51,1,1.0,3.0,1.0,229.0,1732
3815,8,9,44,1,1.0,2.0,1.0,87.0,603
3816,1,7,35,1,4.0,3.0,2.0,143.0,2381
3817,8,8,45,2,6.0,6.0,2.0,249.0,1482
3818,7,6,26,1,4.0,3.0,1.0,249.0,2134
3819,2,5,8,1,4.0,3.0,2.0,93.0,969
3820,8,10,32,2,5.0,4.0,4.0,735.0,3935
3821,8,10,25,1,3.0,4.0,1.0,110.0,936
3822,4,4,38,1,1.0,4.0,1.0,253.0,2135
3823,7,6,50,1,2.0,2.0,1.0,152.0,2100
3824,8,8,14,1,3.0,1.0,2.0,51.0,3440
3825,2,5,6,1,4.0,4.0,2.0,221.0,1988
3826,1,7,34,2,3.0,6.0,2.0,227.0,1549
3827,3,2,9,1,3.0,2.0,1.0,108.0,1449
3828,5,3,16,5,5.0,6.0,4.0,382.0,3540
3829,5,3,16,1,1.0,3.0,2.0,132.0,1009
3830,8,8,45,5,6.0,2.0,3.0,348.0,2029
3831,6,1,23,5,6.0,4.0,4.0,293.0,2759
3832,8,9,13,1,4.0,2.0,2.0,90.0,937
3833,8,9,13,1,2.0,1.0,1.0,126.0,1644
3834,6,1,33,1,4.0,4.0,2.0,93.0,800
3835,7,6,28,1,2.0,3.0,2.0,209.0,3446
3836,3,2,5,2,6.0,4.0,3.0,292.0,2832
3837,4,4,15,2,3.0,3.0,4.0,228.0,1957
3838,7,6,24,1,2.0,3.0,2.0,198.0,2514
3839,1,7,36,1,3.0,1.0,1.0,157.0,2810
3840,6,1,33,1,2.0,3.0,1.0,153.0,1876
3841,8,9,3,1,2.0,1.0,1.0,155.0,1511
3842,1,7,34,1,3.0,1.0,1.0,223.0,2567
3843,8,9,44,2,3.0,5.0,2.0,366.0,3317
3844,7,6,18,2,5.0,5.0,4.0,193.0,933
3845,8,8,29,2,4.0,3.0,3.0,720.0,18
3846,6,1,23,2,4.0,4.0,4.0,607.0,350
3847,4,4,48,1,1.0,3.0,1.0,202.0,1410
3848,8,9,3,1,2.0,3.0,2.0,236.0,2427
3849,4,4,15,2,4.0,3.0,4.0,196.0,2570
3850,1,7,36,1,4.0,4.0,1.0,215.0,3237
3851,7,6,11,1,4.0,2.0,2.0,131.0,1300
3852,1,7,22,2,4.0,2.0,3.0,684.0,382
3853,8,9,51,1,4.0,3.0,2.0,196.0,2011
3854,5,3,37,1,2.0,4.0,1.0,120.0,1269
3855,8,10,40,1,3.0,2.0,2.0,192.0,1953
3856,2,5,17,2,3.0,3.0,2.0,200.0,2382
3857,8,10,49,1,2.0,1.0,1.0,108.0,1283
3858,7,6,18,5,4.0,4.0,3.0,439.0,2543
3859,5,3,41,1,4.0,2.0,1.0,111.0,974
3860,2,5,6,1,1.0,4.0,1.0,82.0,661
3861,8,9,13,2,3.0,5.0,4.0,271.0,2748
3862,2,5,42,1,4.0,1.0,2.0,212.0,1607
3863,7,6,11,2,5.0,4.0,3.0,492.0,2982
3864,8,8,29,1,3.0,3.0,1.0,83.0,759
3865,8,10,25,3,5.0,3.0,4.0,266.0,3116
3866,2,5,6,1,2.0,3.0,2.0,245.0,1993
3867,5,3,41,5,3.0,4.0,4.0,689.0,39
3868,2,5,17,3,4.0,4.0,2.0,308.0,3719
3869,8,9,13,1,1.0,4.0,1.0,240.0,2895
3870,8,9,51,1,3.0,4.0,1.0,130.0,998
3871,1,7,36,1,1.0,3.0,1.0,124.0,1740
3872,1,7,27,1,4.0,3.0,2.0,202.0,2610
3873,6,1,33,1,2.0,4.0,1.0,179.0,1281
3874,5,3,37,2,3.0,4.0,3.0,278.0,1684
3875,8,10,40,1,1.0,2.0,1.0,121.0,1405
3876,8,8,45,3,5.0,5.0,2.0,428.0,109
3877,6,1,39,1,3.0,1.0,2.0,157.0,1072
3878,2,5,53,2,6.0,4.0,3.0,750.0,396
3879,8,9,44,1,1.0,1.0,2.0,89.0,1068
3880,8,9,51,1,1.0,3.0,2.0,89.0,669
3881,6,1,33,1,3.0,1.0,2.0,182.0,1839
3882,1,7,46,2,6.0,6.0,3.0,712.0,402
3883,5,3,41,4,3.0,1.0,2.0,138.0,1419
3884,5,3,41,2,6.0,2.0,3.0,576.0,75
3885,7,6,24,3,4.0,5.0,4.0,433.0,62
3886,2,5,6,5,5.0,5.0,2.0,266.0,2863
3887,7,6,50,1,3.0,3.0,2.0,103.0,992
3888,8,10,25,1,4.0,2.0,1.0,54.0,3346
3889,8,9,13,1,3.0,4.0,2.0,244.0,2440
3890,8,10,32,1,4.0,2.0,1.0,223.0,2215
3891,8,8,45,1,4.0,1.0,1.0,156.0,1229
3892,2,5,42,1,2.0,1.0,1.0,86.0,728
3893,1,7,4,4,3.0,3.0,2.0,56.0,3484
3894,2,5,42,1,1.0,1.0,1.0,195.0,2645
3895,4,4,48,2,6.0,3.0,3.0,566.0,3276
3896,4,4,7,2,5.0,3.0,4.0,405.0,3924
3897,1,7,36,2,3.0,4.0,2.0,500.0,3933
3898,5,3,16,1,2.0,1.0,2.0,227.0,2463
3899,8,8,45,4,4.0,3.0,2.0,155.0,1914
3900,8,9,44,1,3.0,1.0,2.0,90.0,619
3901,2,5,8,1,3.0,4.0,1.0,51.0,527
3902,8,9,3,2,4.0,4.0,2.0,561.0,3946
3903,6,1,23,5,3.0,3.0,3.0,260.0,3217
3904,2,5,12,1,1.0,3.0,1.0,182.0,1657
3905,3,2,9,1,4.0,4.0,2.0,61.0,624
3906,8,9,3,1,4.0,3.0,2.0,174.0,1206
3907,5,3,41,1,2.0,4.0,1.0,133.0,1053
3908,6,1,23,1,3.0,3.0,2.0,89.0,459
3909,8,9,3,1,3.0,2.0,2.0,187.0,2327
3910,8,10,25,2,6.0,3.0,3.0,258.0,2459
3911,2,5,6,2,3.0,2.0,4.0,212.0,2965
3912,8,9,44,1,1.0,3.0,1.0,204.0,2163
3913,5,3,16,2,3.0,2.0,3.0,645.0,3463
3914,3,2,10,5,3.0,2.0,4.0,308.0,2876
3915,4,4,38,2,5.0,5.0,3.0,745.0,432
3916,8,10,49,2,3.0,3.0,3.0,260.0,2407
3917,8,8,20,1,1.0,1.0,1.0,129.0,756
3918,2,5,6,1,2.0,2.0,2.0,212.0,1841
3919,6,1,39,1,3.0,3.0,2.0,59.0,616
3920,2,5,17,2,5.0,2.0,3.0,644.0,3481
3921,7,6,52,1,1.0,1.0,1.0,76.0,606
3922,2,5,17,2,6.0,3.0,2.0,648.0,4107
3923,6,1,39,2,3.0,5.0,4.0,454.0,2638
3924,8,10,40,5,6.0,4.0,3.0,717.0,283
3925,1,7,34,3,3.0,5.0,2.0,337.0,3705
3926,5,3,16,2,6.0,4.0,2.0,184.0,1972
3927,1,7,21,2,6.0,4.0,2.0,246.0,3195
3928,3,2,9,1,4.0,2.0,1.0,225.0,2627
3929,8,8,1,4,4.0,3.0,2.0,154.0,1163
3930,8,9,13,2,3.0,5.0,3.0,201.0,1142
3931,7,6,52,2,6.0,5.0,4.0,487.0,4078
3932,4,4,38,5,5.0,6.0,3.0,709.0,3549
3933,6,1,33,5,4.0,5.0,2.0,205.0,1145
3934,6,1,23,2,3.0,5.0,3.0,407.0,3906
3935,6,1,23,1,3.0,2.0,1.0,258.0,1991
3936,6,1,39,2,3.0,5.0,2.0,613.0,3252
3937,1,7,22,1,2.0,1.0,2.0,123.0,1258
3938,8,8,2,1,4.0,4.0,2.0,108.0,938
3939,8,10,49,1,4.0,3.0,2.0,91.0,741
3940,5,3,37,1,1.0,2.0,1.0,142.0,1373
3941,1,7,36,1,2.0,4.0,2.0,139.0,2186
3942,4,4,47,4,4.0,4.0,1.0,76.0,830
3943,8,10,49,1,2.0,3.0,2.0,233.0,2166
3944,8,10,49,5,6.0,4.0,4.0,429.0,3942
3945,8,9,44,1,4.0,4.0,1.0,116.0,761
3946,8,10,49,1,1.0,4.0,2.0,162.0,1094
3947,4,4,47,1,1.0,4.0,1.0,131.0,1714
3948,5,3,37,2,3.0,5.0,2.0,527.0,2937
3949,4,4,38,1,2.0,3.0,2.0,150.0,1625
3950,4,4,7,5,6.0,2.0,2.0,483.0,92
3951,2,5,42,1,2.0,2.0,2.0,219.0,1964
3952,6,1,39,5,3.0,6.0,3.0,587.0,220
3953,8,9,13,1,1.0,3.0,1.0,209.0,1996
3954,4,4,47,2,3.0,2.0,4.0,236.0,1493
3955,2,5,17,2,3.0,6.0,3.0,377.0,3663
3956,7,6,30,4,1.0,2.0,1.0,109.0,580
3957,1,7,46,1,2.0,3.0,2.0,196.0,1454
3958,3,2,5,1,2.0,2.0,1.0,65.0,484
3959,7,6,18,1,4.0,2.0,2.0,142.0,1550
3960,4,4,47,1,2.0,1.0,1.0,85.0,4061
3961,4,4,7,1,4.0,3.0,1.0,173.0,2151
3962,8,8,31,1,2.0,1.0,1.0,98.0,1098
3963,7,6,18,1,4.0,2.0,2.0,179.0,1693
3964,2,5,53,1,1.0,4.0,2.0,161.0,1707
3965,1,7,21,2,3.0,6.0,4.0,413.0,3932
3966,8,9,13,2,4.0,5.0,3.0,284.0,2250
3967,4,4,38,2,5.0,6.0,4.0,508.0,3298
3968,8,9,13,2,6.0,4.0,3.0,488.0,129
3969,3,2,5,1,2.0,4.0,2.0,179.0,1467
3970,8,8,1,1,2.0,2.0,1.0,159.0,1633
3971,1,7,34,1,1.0,3.0,2.0,172.0,1333
3972,2,5,42,1,1.0,4.0,1.0,249.0,3073
3973,3,2,5,3,3.0,3.0,3.0,515.0,3882
3974,8,9,51,1,3.0,4.0,1.0,169.0,1513
3975,8,8,45,2,6.0,5.0,4.0,203.0,1664
3976,8,9,3,1,3.0,1.0,1.0,94.0,906
3977,2,5,53,1,4.0,4.0,1.0,234.0,2942
3978,5,3,37,1,3.0,4.0,2.0,245.0,2806
3979,8,8,29,4,2.0,3.0,2.0,118.0,790
3980,8,8,1,1,2.0,4.0,2.0,53.0,3760
3981,3,2,5,2,5.0,5.0,4.0,654.0,163
3982,8,8,1,2,5.0,3.0,2.0,392.0,2337
3983,1,7,46,2,6.0,3.0,2.0,700.0,427
3984,8,9,3,1,2.0,4.0,1.0,93.0,601
3985,1,7,19,1,2.0,1.0,1.0,212.0,2706
3986,8,10,32,4,3.0,3.0,1.0,97.0,494
3987,6,1,33,2,6.0,2.0,4.0,482.0,3141
3988,3,2,5,2,3.0,5.0,4.0,344.0,3389
3989,5,3,41,1,2.0,4.0,2.0,66.0,3987
3990,5,3,41,1,3.0,3.0,1.0,225.0,1608
3991,1,7,27,5,3.0,6.0,2.0,490.0,139
3992,3,2,5,1,2.0,4.0,1.0,103.0,600
3993,1,7,21,1,4.0,2.0,1.0,111.0,1131
3994,1,7,4,1,2.0,1.0,1.0,221.0,2376
3995,8,9,13,2,6.0,4.0,2.0,297.0,3062
3996,5,3,37,5,3.0,6.0,2.0,605.0,6
3997,8,10,25,1,4.0,4.0,2.0,236.0,2619
3998,1,7,21,2,3.0,4.0,3.0,465.0,3383
3999,8,8,1,1,4.0,4.0,2.0,198.0,2605
4000,1,7,36,1,3.0,3.0,2.0,191.0,2244
4001,8,8,14,1,1.0,4.0,2.0,126.0,980
4002,5,3,16,5,4.0,6.0,2.0,312.0,2846
4003,8,8,1,1,3.0,1.0,2.0,207.0,2594
4004,8,8,31,1,2.0,1.0,2.0,91.0,884
4005,2,5,8,1,2.0,2.0,1.0,133.0,2786
4006,3,2,9,4,4.0,3.0,1.0,139.0,2332
4007,1,7,22,1,4.0,2.0,2.0,241.0,2359
4008,5,3,16,2,3.0,2.0,2.0,517.0,3315
4009,2,5,42,1,4.0,2.0,2.0,164.0,1481
4010,4,4,47,2,6.0,4.0,4.0,199.0,1692
4011,1,7,22,3,4.0,5.0,4.0,223.0,3307
4012,6,1,33,5,6.0,2.0,3.0,314.0,2474
4013,5,3,37,1,3.0,3.0,2.0,202.0,1940
4014,1,7,27,1,3.0,4.0,2.0,132.0,1687
4015,6,1,39,1,1.0,1.0,1.0,251.0,3029
4016,5,3,41,2,5.0,4.0,3.0,601.0,3499
4017,6,1,23,1,1.0,1.0,2.0,50.0,3940
4018,3,2,10,1,1.0,1.0,2.0,218.0,2071
4019,8,9,51,1,2.0,4.0,2.0,65.0,3583
4020,3,2,9,2,6.0,2.0,2.0,699.0,1182
4021,5,3,41,1,2.0,1.0,2.0,121.0,1404
4022,8,8,31,2,4.0,6.0,4.0,670.0,346
4023,5,3,37,1,3.0,4.0,1.0,250.0,2515
4024,8,10,32,1,3.0,2.0,2.0,237.0,3037
4025,4,4,38,1,3.0,2.0,2.0,151.0,1496
4026,1,7,34,2,3.0,5.0,2.0,688.0,377
4027,7,6,30,1,3.0,4.0,2.0,254.0,2794
4028,7,6,18,5,3.0,5.0,3.0,354.0,3322
4029,8,9,44,1,3.0,3.0,1.0,126.0,1600
4030,2,5,12,2,6.0,2.0,4.0,445.0,3306
4031,2,5,12,1,2.0,3.0,1.0,168.0,2191
4032,2,5,12,5,6.0,6.0,2.0,688.0,64
4033,4,4,38,2,6.0,6.0,3.0,403.0,3282
4034,1,7,19,5,4.0,2.0,3.0,280.0,3371
4035,6,1,23,4,1.0,2.0,2.0,218.0,1572
4036,1,7,19,1,2.0,4.0,1.0,88.0,658
4037,8,10,49,2,4.0,3.0,3.0,528.0,3262
4038,3,2,5,1,1.0,2.0,1.0,72.0,4117
4039,4,4,15,2,6.0,3.0,3.0,518.0,3203
4040,7,6,52,2,3.0,3.0,2.0,311.0,2686
4041,7,6,52,1,3.0,4.0,2.0,58.0,3961
4042,2,5,42,1,4.0,1.0,1.0,59.0,3519
4043,4,4,47,1,1.0,2.0,2.0,129.0,1278
4044,2,5,12,2,6.0,5.0,2.0,343.0,2383
4045,3,2,10,2,3.0,3.0,3.0,194.0,2184
4046,2,5,6,1,4.0,1.0,1.0,93.0,654
4047,3,2,10,2,3.0,4.0,3.0,483.0,3523
4048,4,4,38,1,2.0,1.0,2.0,144.0,1709
4049,2,5,42,1,1.0,2.0,2.0,104.0,1056
4050,4,4,47,1,4.0,3.0,1.0,109.0,792
4051,6,1,23,5,4.0,6.0,4.0,243.0,2223
4052,4,4,47,2,4.0,3.0,3.0,566.0,268
4053,8,9,44,5,3.0,3.0,4.0,368.0,2708
4054,1,7,34,1,3.0,1.0,2.0,76.0,833
4055,5,3,37,1,4.0,1.0,1.0,137.0,1029
4056,8,9,51,2,4.0,4.0,3.0,213.0,2470
4057,4,4,38,1,2.0,1.0,2.0,96.0,579
4058,3,2,10,2,4.0,3.0,4.0,254.0,3083
4059,8,9,44,1,2.0,1.0,1.0,136.0,1279
4060,1,7,19,2,4.0,5.0,2.0,236.0,2922
4061,8,9,3,1,4.0,4.0,2.0,96.0,1127
4062,1,7,27,2,5.0,5.0,4.0,734.0,384
4063,6,1,33,5,4.0,2.0,3.0,378.0,2775
4064,8,9,51,4,2.0,4.0,1.0,124.0,1195
4065,4,4,48,1,3.0,2.0,2.0,175.0,2234
4066,1,7,34,1,1.0,4.0,2.0,162.0,1401
4067,7,6,50,2,6.0,3.0,3.0,743.0,335
4068,7,6,52,1,3.0,1.0,2.0,50.0,3783
4069,4,4,15,1,4.0,1.0,2.0,72.0,457
4070,5,3,41,1,4.0,2.0,2.0,89.0,941
4071,3,2,9,1,2.0,2.0,2.0,225.0,2753
4072,4,4,15,2,3.0,2.0,3.0,380.0,3558
4073,8,8,31,1,4.0,1.0,2.0,149.0,1853
4074,3,2,10,2,4.0,2.0,4.0,591.0,4047
4075,7,6,52,4,3.0,1.0,1.0,169.0,1575
4076,8,8,20,1,3.0,2.0,2.0,110.0,1221
4077,7,6,18,5,3.0,2.0,4.0,267.0,3198
4078,3,2,10,2,3.0,6.0,3.0,182.0,2664
4079,8,8,45,2,6.0,5.0,2.0,555.0,3449
4080,1,7,19,1,1.0,1.0,2.0,123.0,786
4081,7,6,28,2,5.0,5.0,4.0,568.0,421
4082,8,9,13,1,1.0,3.0,1.0,73.0,3840
4083,5,3,37,2,6.0,2.0,2.0,688.0,351
4084,2,5,6,1,1.0,3.0,1.0,88.0,866
4085,7,6,52,2,4.0,6.0,2.0,213.0,1319
4086,1,7,4,1,4.0,3.0,2.0,118.0,1495
4087,2,5,53,2,6.0,4.0,4.0,642.0,4036
4088,7,6,11,1,4.0,3.0,1.0,64.0,495
4089,8,8,45,2,5.0,3.0,3.0,478.0,2815
4090,2,5,6,3,3.0,3.0,3.0,533.0,65
4091,6,1,23,1,4.0,4.0,2.0,186.0,1548
4092,4,4,47,5,5.0,4.0,3.0,270.0,2967
4093,7,6,24,1,3.0,4.0,1.0,120.0,1161
4094,5,3,41,2,3.0,3.0,3.0,695.0,188
4095,8,9,13,1,3.0,4.0,2.0,117.0,1251
4096,1,7,34,1,4.0,2.0,1.0,116.0,1316
4097,8,10,49,2,6.0,6.0,2.0,279.0,1992
4098,8,8,31,4,3.0,1.0,2.0,155.0,2006
4099,3,2,10,1,3.0,2.0,1.0,69.0,508
4100,2,5,12,1,2.0,1.0,2.0,235.0,2311
4101,7,6,24,5,3.0,3.0,2.0,608.0,3832
4102,8,9,13,1,4.0,2.0,1.0,135.0,1487
4103,7,6,11,5,6.0,6.0,2.0,324.0,2096
4104,7,6,52,4,3.0,3.0,2.0,128.0,1503
4105,1,7,22,2,4.0,5.0,2.0,673.0,318
4106,7,6,52,4,2.0,1.0,2.0,160.0,1193
4107,6,1,33,1,1.0,3.0,2.0,254.0,2317
4108,5,3,37,1,4.0,4.0,2.0,170.0,1978
4109,7,6,30,1,3.0,4.0,2.0,67.0,483
4110,7,6,24,2,4.0,6.0,4.0,398.0,3477
4111,1,7,27,4,4.0,2.0,2.0,135.0,916
4112,5,3,37,2,4.0,6.0,4.0,207.0,1359
4113,8,9,13,5,5.0,4.0,3.0,428.0,3616
4114,2,5,17,2,3.0,4.0,3.0,747.0,272
4115,8,9,3,1,2.0,1.0,2.0,57.0,517
4116,2,5,12,2,3.0,4.0,2.0,284.0,2880
4117,1,7,4,1,4.0,3.0,1.0,113.0,692
4118,8,10,32,4,2.0,4.0,1.0,187.0,2365
4119,8,9,13,2,5.0,5.0,2.0,244.0,1645
4120,8,9,51,2,3.0,5.0,4.0,370.0,3622
4121,6,1,39,1,1.0,4.0,2.0,69.0,584
4122,7,6,50,1,3.0,4.0,2.0,109.0,1158
4123,4,4,15,1,3.0,1.0,1.0,92.0,678
4124,2,5,8,2,4.0,6.0,4.0,733.0,450
4125,4,4,38,2,5.0,6.0,3.0,579.0,211
4126,5,3,41,1,2.0,2.0,2.0,164.0,1109
4127,2,5,8,2,3.0,3.0,4.0,351.0,177
4128,3,2,10,5,6.0,2.0,4.0,351.0,2827
4129,8,9,51,2,6.0,5.0,4.0,626.0,3931
4130,8,9,44,3,5.0,4.0,4.0,419.0,3644
4131,4,4,38,1,3.0,2.0,2.0,86.0,985
4132,4,4,47,1,2.0,1.0,2.0,164.0,1610
4133,7,6,52,4,1.0,4.0,1.0,220.0,2254
4134,8,10,49,1,3.0,3.0,2.0,112.0,1193
4135,4,4,7,2,4.0,5.0,3.0,217.0,1257
4136,7,6,50,2,5.0,6.0,3.0,403.0,2544
4137,8,9,44,2,4.0,3.0,4.0,532.0,4010
4138,1,7,22,1,3.0,1.0,1.0,134.0,1497
4139,2,5,42,3,5.0,5.0,4.0,334.0,3915
4141,3,2,9,1,4.0,3.0,2.0,215.0,3486
4142,8,10,32,5,5.0,5.0,4.0,190.0,1793
4143,7,6,30,1,4.0,4.0,1.0,103.0,811
4144,8,9,51,4,2.0,3.0,2.0,140.0,1867
4145,6,1,33,2,6.0,3.0,2.0,448.0,3454
4146,5,3,41,1,3.0,2.0,2.0,120.0,720
4147,6,1,23,2,5.0,3.0,2.0,267.0,1944
4148,1,7,21,5,4.0,6.0,4.0,209.0,2939
4149,8,8,20,1,4.0,1.0,2.0,86.0,676
4150,8,10,49,1,1.0,3.0,1.0,59.0,3442
4151,8,8,14,5,4.0,5.0,3.0,382.0,3239
4152,4,4,48,2,6.0,5.0,2.0,703.0,275
4153,8,8,14,3,4.0,5.0,3.0,537.0,231
4154,6,1,39,3,5.0,4.0,3.0,473.0,53
4155,5,3,16,1,3.0,3.0,1.0,137.0,1500
4156,8,10,32,2,3.0,5.0,2.0,487.0,3972
4157,2,5,42,5,4.0,6.0,3.0,344.0,3708
4158,2,5,8,1,3.0,2.0,1.0,166.0,3150
4159,8,9,51,1,3.0,1.0,1.0,206.0,1999
4160,8,8,14,5,5.0,5.0,3.0,482.0,3596
4161,8,9,51,5,3.0,3.0,3.0,574.0,242
4162,7,6,52,2,4.0,4.0,2.0,373.0,3277
4163,8,10,40,1,1.0,2.0,2.0,123.0,699
4164,8,9,3,4,4.0,2.0,2.0,214.0,1526
4165,5,3,16,2,3.0,6.0,2.0,550.0,233
4166,8,9,13,1,3.0,1.0,1.0,122.0,1591
4167,5,3,16,2,4.0,3.0,3.0,489.0,3790
4168,1,7,35,1,1.0,1.0,1.0,254.0,3476
4169,8,10,49,5,5.0,5.0,2.0,386.0,3007
4170,5,3,41,1,2.0,4.0,2.0,189.0,2396
4171,8,8,20,1,3.0,2.0,1.0,246.0,2172
4172,8,9,51,1,1.0,2.0,1.0,107.0,625
4173,8,8,14,1,3.0,1.0,1.0,208.0,1564
4174,3,2,10,1,1.0,4.0,2.0,127.0,1435
4175,8,9,3,2,3.0,6.0,4.0,216.0,2633
4176,8,9,51,1,2.0,3.0,2.0,193.0,1918
4177,8,8,45,4,2.0,4.0,2.0,175.0,1276
4178,7,6,18,3,3.0,3.0,4.0,331.0,3865
4179,5,3,37,1,4.0,3.0,1.0,132.0,819
4180,8,8,20,1,2.0,1.0,1.0,119.0,1129
4181,5,3,16,1,4.0,1.0,2.0,182.0,2453
4182,4,4,15,2,6.0,5.0,3.0,337.0,3112
4183,6,1,33,2,6.0,3.0,2.0,583.0,3086
4184,8,10,32,4,1.0,1.0,1.0,130.0,1646
4185,1,7,21,1,4.0,2.0,1.0,158.0,1989
4186,6,1,33,2,5.0,5.0,4.0,586.0,4081
4187,5,3,37,5,4.0,3.0,2.0,652.0,3375
4188,1,7,19,2,5.0,6.0,2.0,207.0,2688
4189,6,1,33,2,3.0,6.0,3.0,382.0,3075
4190,8,9,3,2,3.0,5.0,3.0,727.0,342
4191,7,6,30,5,4.0,6.0,4.0,355.0,2955
4192,6,1,23,1,1.0,4.0,1.0,86.0,805
4193,3,2,10,2,5.0,6.0,3.0,460.0,3601
4194,2,5,6,2,3.0,6.0,3.0,204.0,1667
4195,7,6,11,1,2.0,4.0,2.0,188.0,1859
4196,3,2,10,1,4.0,2.0,1.0,111.0,621
4197,1,7,22,1,4.0,3.0,2.0,143.0,1551
4198,4,4,48,5,5.0,6.0,3.0,671.0,4000
4199,8,8,45,2,3.0,3.0,2.0,589.0,3701
4200,8,8,45,1,2.0,4.0,2.0,152.0,1008
